Workbook

Sheet 00_SKU_Master
A1: Dept | B1: SKU | C1: RAW_WIP_CODE | D1: Customer | E1: Product_Group | F1: Avg_Case_Weight | G1: Trays_Per_Case | H1: Tray_Type | I1: Tray_Size | J1: SKU_Desc | K1: Tray Pack Speed | L1: Package_Type | M1: STD | N1: Class | O1: Weight | P1: Active | Q1: SortOrder
A2: Cut_up | B2: 64 | C2: 61086#2 | D2: Bulk Pack | E2: ThighMeat | F2: 5 | J2: MB BSTHIGH AC BG 5KG | N2: SILVER
A3: Cut_up | B3: 65 | C3: 61050#2 | D3: Bulk Pack | E3: BSB | F3: 5 | J3: MB BSHB AC RND 5KG | N3: SILVER
A4: Cut_up | B4: 159 | C4: 61061 | D4: Bulk Pack | E4: BA | F4: 18 | J4: MS LEG BA 18KG | N4: SILVER
A5: Cut_up | B5: 160 | C5: 61072 | D5: Bulk Pack | E5: Drum | F5: 18 | J5: MS DRUM 18KG | N5: SILVER
A6: Cut_up | B6: 161 | C6: 61082 | D6: Bulk Pack | E6: Thigh | F6: 18 | J6: MB THIGH 20KG | N6: SILVER
A7: Cut_up | B7: 165 | C7: 61050#2 | D7: Bulk Pack | E7: BSB | F7: 10 | J7: MB BSHB AC RND 10KG | N7: SILVER
A8: Cut_up | B8: 834 | C8: 61082 | D8: Bulk Pack | E8: Thigh | F8: 18 | J8: THIGH 18KG | N8: SILVER
A9: Cut_up | B9: 868 | C9: 61014 | D9: Bulk Pack | E9: SplitWing | F9: 18 | J9: MB SPL WING 18KG | N9: SILVER
A10: Cut_up | B10: 895 | C10: 61072 | D10: Bulk Pack | E10: Drum | F10: 18 | J10: MB DRUM AC 18KG | N10: GOLD
A11: Cut_up | B11: 902 | C11: 61082 | D11: Bulk Pack | E11: Thigh | N11: SILVER
A12: Cut_up | B12: 904 | C12: 61010 | D12: Bulk Pack | E12: Wing | F12: 18 | J12: MB WING AC 18KG | N12: SILVER
A13: Cut_up | B13: 1026 | C13: 61010 | D13: Bulk Pack | E13: Wing | N13: SILVER
A14: Cut_up | B14: 1081 | C14: 61050#2 | D14: Bulk Pack | E14: BSB | N14: SILVER
A15: Cut_up | B15: 1446 | C15: 61050#2 | D15: Bulk Pack | E15: BSB | N15: SILVER
A16: Cut_up | B16: 1887 | C16: 61061 | D16: Bulk Pack | E16: BA | N16: GOLD
A17: Cut_up | B17: 1888 | D17: Bulk Pack | E17: SplitBreast | N17: GOLD
A18: Cut_up | B18: 1894 | C18: 61050#2 | D18: Bulk Pack | E18: BSB | J18: MB BSHB RND AC 18KG | N18: SILVER
A19: Cut_up | B19: 2233 | C19: 61014 | D19: Bulk Pack | E19: SplitWing | F19: 20 | J19: 24839 MB COS SPL WING AC | N19: GOLD
A20: Cut_up | B20: 2235 | C20: 61072 | D20: Bulk Pack | E20: Drum | F20: 20 | N20: GOLD
A21: Cut_up | B21: 2236 | C21: 61050 | D21: Bulk Pack | E21: BSB | F21: 20 | J21: 17219 MB COS BSHB AC | N21: PLATINUM
A22: Cut_up | B22: 200064 | C22: 61086#2 | D22: Bulk Pack | E22: ThighMeat | F22: 5 | J22: MB HA BSTHIGH AC BG 5KG | N22: SILVER
A23: Cut_up | B23: 200083 | D23: Bulk Pack | E23: SplitBreast | J23: MB HA FB BA AC COMBO | N23: SILVER
A24: Cut_up | B24: 200089 | D24: Bulk Pack | E24: SplitBreast | F24: 585 | J24: MB HA FB AC COMBO | N24: SILVER
A25: Cut_up | B25: 200095 | C25: 61072 | D25: Bulk Pack | E25: Drum | F25: 18 | J25: MS HA DRUM 18KG | N25: SILVER
A26: Cut_up | B26: 200159 | C26: 61061 | D26: Bulk Pack | E26: BA | F26: 18 | J26: MS HA LEG BA 18KG | N26: SILVER
A27: Cut_up | B27: 200868 | C27: 61014 | D27: Bulk Pack | E27: SplitWing | F27: 18 | J27: MB HA SPL WING AC 18KG | N27: SILVER
A28: Cut_up | B28: 200902 | C28: 61082 | D28: Bulk Pack | E28: Thigh | F28: 18 | J28: HA THIGH AC 18KG | N28: SILVER
A29: Cut_up | B29: 200903 | C29: 61061 | D29: Bulk Pack | E29: BA | F29: 18 | J29: HA LEG BA AC 18KG | N29: SILVER
A30: Cut_up | B30: 200904 | C30: 61010 | D30: Bulk Pack | E30: Wing | F30: 18 | J30: MB HA WING AC 18KG | N30: SILVER
A31: Cut_up | B31: 201894 | C31: 61050#2 | D31: Bulk Pack | E31: BSB | F31: 18 | J31: MB HA BSHB RND AC 18KG | N31: SILVER
A32: Cut_up | B32: 201895 | C32: 61050#2 | D32: Bulk Pack | E32: BSB | F32: 18 | J32: MB HA BSHB RND AC 18KG FFF | N32: SILVER
A33: Cut_up | B33: 201899 | C33: 61050#2 | D33: Bulk Pack | E33: BSB | F33: 10 | J33: MB HA BSHB 2ND 10KG | N33: SILVER
A34: Cut_up | B34: 203033 | C34: 61061 | D34: Bulk Pack | E34: BA | N34: SILVER
A35: Cut_up | B35: 203035 | C35: 61014 | D35: Bulk Pack | E35: SplitWing | F35: 23 | J35: MB HA SPL WING AC RET 23KG | N35: PLATINUM
A36: Cut_up | B36: 203087 | C36: 61050 | D36: Bulk Pack | E36: BSB | N36: PLATINUM
A37: Cut_up | B37: 203169 | C37: 61050#2 | D37: Bulk Pack | E37: BSB | N37: SILVER
A38: Cut_up | B38: 203171 | C38: 61072 | D38: Bulk Pack | E38: Drum | N38: SILVER
A39: Cut_up | B39: 203172 | C39: 61010 | D39: Bulk Pack | E39: Wing | F39: 25 | J39: MS HA WING RET 25KG | N39: SILVER
A40: Cut_up | B40: 203173 | C40: 61014 | D40: Bulk Pack | E40: SplitWing | J40: MS HA SPL WING RET 25KG | N40: SILVER
A41: Cut_up | B41: 203174 | C41: 61086#2 | D41: Bulk Pack | E41: ThighMeat | N41: SILVER
A42: Cut_up | B42: 203175 | C42: 61082 | D42: Bulk Pack | E42: Thigh | N42: SILVER
A43: Cut_up | B43: 203193 | C43: 61014 | D43: Bulk Pack | E43: SplitWing | F43: 25 | J43: MB HA WINGLET AC 25 KG RET | N43: SILVER
A44: Cut_up | B44: 203194 | C44: 61014 | D44: Bulk Pack | E44: SplitWing | F44: 25 | J44: MB HA DRUMETTE AC 25 KG RET | N44: SILVER
A45: Cut_up | B45: 203624 | D45: Bulk Pack | E45: FAT | F45: 25 | J45: MS HA FFP FAT RET 25KG | N45: SILVER
A46: Cut_up | B46: 203839 | C46: 61086#2 | D46: Bulk Pack | E46: ThighMeat | N46: SILVER
A47: Cut_up | B47: 203846 | D47: Bulk Pack | E47: SplitBreast | N47: SILVER
A48: Cut_up | B48: 61010 | D48: WIP | E48: Wing | F48: 25 | J48: MS WIP AC WINGS WHOLE | N48: SILVER
A49: Cut_up | B49: 61014 | D49: WIP | E49: SplitWing | F49: 25 | J49: MS WIP AC WINGS SPLIT | N49: PLATINUM
A50: Cut_up | B50: 61016 | D50: WIP | E50: SplitWing | F50: 25 | J50: MS WIP AC RWA SPLIT WINGS | N50: PLATINUM
A51: Cut_up | B51: 61018 | D51: WIP | E51: Wing | F51: 25 | J51: MS WIP AC WINGS WHOLE CAGE | N51: SILVER
A52: Cut_up | B52: 61040 | D52: WIP | E52: SplitBreast | F52: 25 | J52: MS WIP AC BREAST BACK OFF SPLIT | N52: SILVER
A53: Cut_up | B53: 61042 | D53: WIP | E53: SplitBreast | F53: 25 | J53: MS WIP AC RWA BREAST BACK OFF SPLIT | N53: PLATINUM
A54: Cut_up | B54: 61048 | D54: WIP | E54: SplitBreast | F54: 25 | J54: MS WIP AC BREAST BACK OFF SPLIT SKNLS | N54: SILVER
A55: Cut_up | B55: 61049 | D55: WIP | E55: SplitBreast | F55: 25 | J55: MS WIP AC RWA BREAST BACK SKNLS OFF SPLIT | N55: PLATINUM
A56: Cut_up | B56: 61050 | D56: WIP | E56: BSB | F56: 25 | J56: MS WIP AC BREAST MEAT W/FILLET | N56: PLATINUM
A57: Cut_up | B57: 61051 | D57: WIP | E57: BSB | F57: 25 | J57: MS WIP AC RWA BREAST MEAT W/FILLET | N57: PLATINUM
A58: Cut_up | B58: 61054 | D58: WIP | E58: FILLET | F58: 25 | J58: MS WIP AC FILLET | N58: PLATINUM
A59: Cut_up | B59: 61055 | D59: WIP | E59: WOF | F59: 25 | J59: MS WIP AC BREAST MEAT WOF LCL | N59: SILVER
... A63: Cut_up | B63: 61069 | D63: WIP | E63: BSB | F63: 25 | J63: MS WIP AC RWA CUTLET | N63: PLATINUM
A64: Cut_up | B64: 61070 | D64: WIP | E64: BSB | F64: 25 | N64: PLATINUM
A65: Cut_up | B65: 61072 | D65: WIP | E65: Drum | F65: 25 | J65: MS WIP AC DRUM TRIMMED | N65: PLATINUM
A66: Cut_up | B66: 61073 | D66: WIP | E66: Drum | F66: 25 | J66: MS WIP AC DRUM TRIMMED CAGE | N66: SILVER
A67: Cut_up | B67: 61074 | D67: WIP | E67: Drum | F67: 25 | J67: MS WIP AC RWA DRUM TRIMMED | N67: PLATINUM
A68: Cut_up | B68: 61075 | D68: WIP | E68: Drum | F68: 25 | J68: MS WIP AC RWA DRUM TRIMMED CAGE | N68: SILVER
A69: Cut_up | B69: 61076 | D69: WIP | E69: Drum | F69: 25 | N69: PLATINUM
A70: Cut_up | B70: 61077 | D70: WIP | E70: Thigh | F70: 25 | J70: MS WIP AC THIGH PC TRIM | N70: PLATINUM
A71: Cut_up | B71: 61078 | D71: WIP | E71: Thigh | F71: 25 | J71: MS WIP AC THIGH COSTCO TRIM | N71: GOLD
A72: Cut_up | B72: 61079 | D72: WIP | E72: Thigh | F72: 25 | J72: MS WIP RWA THIGH TRIM - PC | N72: PLATINUM
A73: Cut_up | B73: 61082 | D73: WIP | E73: Thigh | F73: 25 | J73: MS WIP AC THIGHS | N73: SILVER
A74: Cut_up | B74: 61086 | D74: WIP | E74: ThighMeat | F74: 25 | J74: MS WIP AC THIGH MEAT | N74: PLATINUM
A75: Cut_up | B75: 61087 | D75: WIP | E75: ThighMeat | F75: 25 | J75: MS WIP AC RWA THIGH MEAT | N75: PLATINUM
A76: Cut_up | B76: 61104 | D76: WIP | E76: BSB | F76: 25 | J76: MS WIP AC CHUNK MEAT | N76: SILVER
A77: Cut_up | B77: 61121 | D77: WIP | E77: Backbone | F77: 25 | J77: MS WIP AC BACKS | N77: SILVER
A78: Cut_up | B78: 61014#2 | D78: WIP | E78: SplitWing | F78: 25 | J78: MS WIP AC WINGS SPLIT | N78: SILVER
A79: Cut_up | B79: 61014C | D79: WIP | E79: SplitWing | F79: 25 | J79: MS WIP AC WINGS SPLIT | N79: GOLD
A80: Cut_up | B80: 61014F | D80: WIP | E80: SplitWing | F80: 25 | J80: MS WIP AC WINGS SPLIT FFF | N80: PLATINUM
A81: Cut_up | B81: 61014B | D81: WIP | E81: SplitWing | F81: 25 | J81: MS WIP AC WINGS SPLIT | N81: SILVER
A82: Cut_up | B82: 61040#2 | D82: WIP | E82: SplitBreast | F82: 25 | J82: MS WIP AC BREAST BACK OFF SPLIT | N82: SILVER
A83: Cut_up | B83: 61048#2 | D83: WIP | E83: SplitBreast | F83: 25 | J83: MS WIP AC BREAST BACK OFF SPLIT SKNLS | N83: SILVER
A84: Cut_up | B84: 61050#2 | D84: WIP | E84: BSB | F84: 25 | J84: MS WIP AC BREAST MEAT W/FILLET SILVER | N84: SILVER
A85: Cut_up | B85: 61050C | D85: WIP | E85: BSB | F85: 25 | J85: MS WIP AC BREAST MEAT W/FILLET COSTCO | N85: PLATINUM
A86: Cut_up | B86: 61050F | D86: WIP | E86: BSB | F86: 25 | J86: MS WIP AC BREAST MEAT W/FILLET FFF | N86: PLATINUM
A87: Cut_up | B87: 61061F | D87: WIP | E87: BA | F87: 25 | J87: ZH LCL LEG BA FFF | N87: PLATINUM
A88: Cut_up | B88: 61072#2 | D88: WIP | E88: Drum | F88: 25 | J88: WetChill Drums | N88: SILVER
A89: Cut_up | B89: 61072C | D89: WIP | E89: Drum | F89: 25 | J89: MS COS DRUMS | N89: GOLD
... A94: Cut_up | B94: 61086F | D94: WIP | E94: ThighMeat | F94: 25 | J94: MS WIP AC THIGH MEAT FFF | N94: PLATINUM
A95: Tray_Pack | B95: 260 | C95: 61050#2 | D95: LCL | E95: BSB | G95: 8 | H95: PET 8 | I95: Small | J95: MS LCL BSHB PET8 PP | K95: Fast | L95: BOX | M95: 109.6 | N95: SILVER | O95: 25 | P95: Y | Q95: 260
A96: Tray_Pack | B96: 331 | C96: 61061 | D96: METRO | E96: BA | F96: 10.008899 | G96: 16 | H96: ST 3XP | I96: Small | J96: MS LEG BA ST | K96: Fast | L96: 6.5 BOX | M96: 32.31 | N96: SILVER | O96: 25 | P96: Y | Q96: 331
A97: Tray_Pack | B97: 349 | C97: 61040#2 | D97: FB | E97: SplitBreast | G97: 16 | H97: ST 3XP | I97: Small | J97: PB HB ST | K97: Fast | L97: 6.5 BOX | M97: 48.8 | N97: SILVER | O97: 25 | P97: Y | Q97: 349
A98: Tray_Pack | B98: 484 | C98: 61121 | D98: FB | E98: Backbone | F98: 9.4150185 | G98: 16 | H98: ST 3XP | I98: Small | J98: MS BACK ST PP | K98: Fast | L98: 6.5 BOX | M98: 47.38 | N98: SILVER | O98: 25 | P98: Y | Q98: 484
A99: Tray_Pack | B99: 784 | C99: 61086#2 | D99: FB | E99: ThighMeat | F99: 8.2634387 | G99: 8 | H99: LT 8XP | I99: Large | J99: MS BSC BSTHIGH LT PP | K99: Slow | L99: BOX | M99: 17.92 | N99: SILVER | O99: 25 | P99: Y | Q99: 784
A100: Tray_Pack | B100: 946 | C100: 61040#2 | D100: FB | E100: SplitBreast | G100: 6 | H100: LT 14D | I100: Clubpack | J100: PB BSC HB FT PP 8/BOX | K100: Fast | L100: 6.5 BOX | M100: 55.73 | N100: SILVER | O100: 25 | P100: Y | Q100: 946
A101: Tray_Pack | B101: 956 | C101: 61072#2 | D101: FB | E101: Drum | G101: 6 | H101: LT 14D | I101: Clubpack | J101: PB BSC DRUM FT PP | K101: Fast | L101: 6.5 BOX | M101: 72.73 | O101: 25 | P101: Y | Q101: 956
A102: Tray_Pack | B102: 957 | C102: 61082 | D102: FB | E102: Thigh | G102: 6 | H102: LT 14D | I102: Clubpack | J102: PB BSC THIGH FT PP | K102: Fast | L102: 6.5 BOX | M102: 57.23 | O102: 25 | P102: Y | Q102: 957
A103: Tray_Pack | B103: 1023 | C103: 61121 | D103: METRO | E103: Backbone | F103: 9.3701256 | G103: 16 | H103: ST 3XP | I103: Small | J103: PB BACK ST | K103: Fast | L103: 6.5 BOX | M103: 47.38 | N103: SILVER | O103: 25 | P103: Y | Q103: 1023
A104: Tray_Pack | B104: 1830 | C104: 61050F | D104: FB | E104: BSB | F104: 3.5867374 | G104: 8 | H104: ST 3D | I104: Small | J104: MS BSC FFTF BSHB AC 3D PP | K104: Fast | L104: BOX | M104: 56.51 | N104: PLATINUM | O104: 25 | P104: Y | Q104: 1830
A105: Tray_Pack | B105: 1831 | C105: 203021 | D105: FB | E105: Whole Bird-Small | F105: 7.2381956 | G105: 5 | H105: ST 3XP | I105: Small | J105: MS BSC FFTF FRY WOG TI AC 3XP PP | K105: Fast | L105: BOX | M105: 131.17 | O105: 25 | P105: Y | Q105: 1831
A106: Tray_Pack | B106: 1837 | C106: 61010 | D106: FB | E106: Wing | G106: 6 | H106: LT 8XP | I106: Large | J106: PB WING LT PP | K106: Fast | L106: BOX | M106: 38.69 | N106: SILVER | O106: 25 | P106: Y | Q106: 1837
A107: Tray_Pack | B107: 1838 | C107: 61050F | D107: FB | E107: BSB | G107: 8 | H107: ST 3D | I107: Small | J107: MS MLF BSHB AC ST | K107: Fast | L107: BOX | M107: 56.51 | N107: PLATINUM | O107: 25 | P107: Y | Q107: 1838
...

Sheet 00_Yield_Rates
A1: Part | B1: Product_Group | C1: Group | D1: Level | E1: Adjusted Yield (% normalized to 100%) | G1: WOG Basis | H1: Group | I1: Product_Group | J1: Adjusted Yield (%) | K1: Meaning (per 1 kg WOG)
A2: Breast (bone-in) | B2: SplitBreast | C2: Breast | D2: 1 | E2: 35.5 | G2: WOG=100% | H2: Breast | I2: SplitBreast | J2: 43 | K2: Finished kg obtainable from 1 kg WOG (percentage)
A3: Boneless Skinless Breast | B3: BSB | C3: Breast | D3: 2 | E3: 23.5 | G3: WOG=100% | H3: Breast | I3: BSB | J3: 31 | K3: Finished kg obtainable from 1 kg WOG (percentage)
A4: Boneless Skinless Breast | B4: WOF | C4: Breast | D4: 2 | E4: 19 | G4: WOG=100% | H4: Breast | I4: WOF | J4: =E3-E5 -> 19 | K4: Finished kg obtainable from 1 kg WOG (percentage)
A5: Tenderloin | B5: Fillet | C5: Breast | D5: 2 | E5: 4.5 | G5: WOG=100% | H5: Breast | I5: Fillet | J5: 4.12 | K5: Finished kg obtainable from 1 kg WOG (percentage)
A6: BA Leg | B6: BA | C6: LegBA | D6: 1 | E6: 47 | G6: WOG=100% | H6: LegBA | I6: BA | J6: 42 | K6: Finished kg obtainable from 1 kg WOG (percentage)
A7: Leg Quarter | B7: Wleg | C7: Leg | D7: 2 | E7: 32 | G7: WOG=100% | H7: Leg | I7: Wleg | J7: 38.82 | K7: Finished kg obtainable from 1 kg WOG (percentage)
A8: Thigh (bone-in) | B8: Thigh | C8: Leg | D8: 2 | E8: 17.5 | G8: WOG=100% | H8: Leg | I8: Thigh | J8: 19.1 | K8: Finished kg obtainable from 1 kg WOG (percentage)
A9: Boneless Thigh | B9: ThighMeat | C9: Leg | D9: 3 | E9: 11.5 | G9: WOG=100% | H9: Leg | I9: ThighMeat | J9: 10.5 | K9: Finished kg obtainable from 1 kg WOG (percentage)
A10: Drumstick | B10: Drum | C10: Leg | D10: 2 | E10: 14.3 | G10: WOG=100% | H10: Leg | I10: Drum | J10: 12.8 | K10: Finished kg obtainable from 1 kg WOG (percentage)
A11: Whole Wing | B11: Wing | C11: Wing | D11: 1 | E11: 10.8 | G11: WOG=100% | H11: Wing | I11: Wing | J11: 11 | K11: Finished kg obtainable from 1 kg WOG (percentage)
A12: Wing - Drumette | B12: SplitWing | C12: Wing | D12: 2 | E12: 9.5 | G12: WOG=100% | H12: Wing | I12: SplitWing | J12: 9.6 | K12: Finished kg obtainable from 1 kg WOG (percentage)
A13: Wing - Mid-joint | B13: SplitWing | C13: Wing | D13: 2 | E13: 9.5 | G13: WOG=100% | H13: Wing | I13: SplitWing | J13: 9.6 | K13: Finished kg obtainable from 1 kg WOG (percentage)
A14: Wing - Tip | B14: Wing - Tip | C14: Wing | D14: 2 | E14: 2.5 | G14: WOG=100% | H14: BackBone | I14: Back | J14: 9.41 | K14: Finished kg obtainable from 1 kg WOG (percentage)
A15: Back | B15: Back | C15: BackBone | D15: 2 | E15: 0
A16: Skin | C16: Skin | D16: 1 | E16: 0 | G16: 0
A17: Trim / Fat / Misc | C17: Other | D17: 1 | E17: 0 | G17: Note: | H17: Use: WOG_kg = Finished_kg / (Yield%/100). Total cages = MAX across Product_Groups.
A21: WOG | B21: Wings (Whole) | C21: 10.8 | D21: split
A22: WOG | B22: BSB (No Tenders) | C22: 19 | D22: split
A23: WOG | B23: Tenders (Sasa) | C23: 4.5 | D23: split
A24: WOG | B24: Breast Skin | C24: 3 | D24: split
A25: WOG | B25: Breast Bone (Keel) | C25: 4.5 | D25: split
A26: WOG | B26: Drumsticks | C26: 14.5 | D26: split
A27: WOG | B27: BST (Boneless Skinless Thigh) | C27: 11.5 | D27: split
A28: WOG | B28: Thigh Skin | C28: 2.5 | D28: split
A29: WOG | B29: Thigh Bone (Femur) | C29: 3.5 | D29: split
A30: WOG | B30: Back Skin | C30: 1.5 | D30: split
A31: WOG | B31: Frame / Carcass | C31: 20 | D31: split
A32: WOG | B32: Fat & Scrap | C32: 1.5 | D32: split
... A34: WOG | B34: Unallocated/Other | C34: 2 | D34: balance

Sheet 01_Cages_Plan
B2: Cut up Plan | H2: Code | I2: Cages | J2: Hours | L2: Flock # | M2: Size | N2: Code | O2: Size
B3: Total Cages | C3: 265 | D3: Manual input (do not link orders) | E3: RWA | H3: 200190/191 | I3: 4 | J3: =I3/$C$7 -> 0.24637681 | L3: Flock # 1 | M3: Big Bird | N3: 200141/150 | O3: 1.6-2.3
B4: Total Cages Request | C4: =C3-F7 -> 198 | E4: MLF | F4: =SUM(I3:I7) -> 67 | H4: 200140 | I4: 42 | J4: =I4/$C$7 -> 2.5869565 | L4: Flock # 2 | M4: Small Bird | N4: 200140/151 | O4: 1.3-1.6
B5: Avg Cage weight | C5: 680 | E5: St. Fran | F5: =I8 -> 0 | H5: 200141 | I5: 21 | J5: =I5/$C$7 -> 1.2934783 | L5: Flock # 3 | M5: Small Bird | N5: 200015
B6: Avg Bird weight | C6: 1.6 | E6: EVP | F6: =I9 -> 0 | H6: 200150 | J6: =I6/$C$7 -> 0 | L6: Flock # 4 | N6: St Francois | O6: 1.8
B7: Cages/Hour | C7: =60/(C5/C6/C9) -> 16.235294 | E7: Total: | F7: =SUM(F3:F6) -> 67 | H7: 200151 | J7: =I7/$C$7 -> 0 | L7: Flock # 5 | N7: Eden Valley
B8: Brids/cage | C8: =C5/C6 -> 425 | H8: Saint Francois | J8: =I8/$C$7 -> 0 | L8: Flock # 6 | M8: Mix Bird | N8: 200023
B9: Machine Speed (BPM) | C9: 115 | H9: Eden Valley | J9: =I9/$C$7 -> 0 | L9: Flock # 7 | M9: Big Bird | N9: 200017
L10: Flock # 19 | M10: Mix Bird | N10: 200190

Sheet 02_TrayPack_Order
B2: Code | C2: Extra Cases Produced | D2: Cases Remaining To Be Produced | F2: Y | M2: Total | N2: RAW_WIP_CODE | O2: Category | P2: Product_Group | Q2: Avg_Case_Weight | R2: WIP_kg
B3: ='05_Daily_Orders'!C3 -> 260 | C3: 0 | D3: 0 | G3: 0 | M3: =IF($F$2="n",0,(SUM(G3:L3)-C3)) -> 0 | N3: =_xlfn.IFNA(_xlfn.XLOOKUP(B3,'00_SKU_Master'!$B$2:$B$379,'00_SKU_Master'!$C$2:$C$379,0),"") -> 61050#2 | O3: ='05_Daily_Orders'!M3 -> LCL | P3: =_xlfn.IFNA(_xlfn.XLOOKUP(B3,'00_SKU_Master'!$B$2:$B$379,'00_SKU_Master'!$E$2:$E$379,""),"") -> BSB | Q3: =_xlfn.IFNA(_xlfn.XLOOKUP(B3,'00_SKU_Master'!$B$2:$B$379,'00_SKU_Master'!$F$2:$F$379,0),0) -> 0 | R3: =IF($M3="",0,$M3*Q3) -> 0
B4: ='05_Daily_Orders'!C4 -> 331 | C4: 0 | D4: 10 | G4: 0 | M4: =IF($F$2="n",0,(SUM(G4:L4)-C4)) -> 0 | N4: =_xlfn.IFNA(_xlfn.XLOOKUP(B4,'00_SKU_Master'!$B$2:$B$379,'00_SKU_Master'!$C$2:$C$379,0),"") -> 61061 | O4: ='05_Daily_Orders'!M4 -> METRO | P4: =_xlfn.IFNA(_xlfn.XLOOKUP(B4,'00_SKU_Master'!$B$2:$B$379,'00_SKU_Master'!$E$2:$E$379,""),"") -> BA | Q4: =_xlfn.IFNA(_xlfn.XLOOKUP(B4,'00_SKU_Master'!$B$2:$B$379,'00_SKU_Master'!$F$2:$F$379,0),0) -> 10.008899 | R4: =IF($M4="",0,$M4*Q4) -> 0
B5: ='05_Daily_Orders'!C5 -> 349 | C5: 0 | D5: 0 | G5: 0 | M5: =IF($F$2="n",0,(SUM(G5:L5)-C5)) -> 0 | N5: =_xlfn.IFNA(_xlfn.XLOOKUP(B5,'00_SKU_Master'!$B$2:$B$379,'00_SKU_Master'!$C$2:$C$379,0),"") -> 61040#2 | O5: ='05_Daily_Orders'!M5 -> FB | P5: =_xlfn.IFNA(_xlfn.XLOOKUP(B5,'00_SKU_Master'!$B$2:$B$379,'00_SKU_Master'!$E$2:$E$379,""),"") -> SplitBreast | Q5: =_xlfn.IFNA(_xlfn.XLOOKUP(B5,'00_SKU_Master'!$B$2:$B$379,'00_SKU_Master'!$F$2:$F$379,0),0) -> 0 | R5: =IF($M5="",0,$M5*Q5) -> 0
B6: ='05_Daily_Orders'!C6 -> 484 | C6: 0 | D6: 0 | G6: 28 | M6: =IF($F$2="n",0,(SUM(G6:L6)-C6)) -> 28 | N6: =_xlfn.IFNA(_xlfn.XLOOKUP(B6,'00_SKU_Master'!$B$2:$B$379,'00_SKU_Master'!$C$2:$C$379,0),"") -> 61121 | O6: ='05_Daily_Orders'!M6 -> FB | P6: =_xlfn.IFNA(_xlfn.XLOOKUP(B6,'00_SKU_Master'!$B$2:$B$379,'00_SKU_Master'!$E$2:$E$379,""),"") -> Backbone | Q6: =_xlfn.IFNA(_xlfn.XLOOKUP(B6,'00_SKU_Master'!$B$2:$B$379,'00_SKU_Master'!$F$2:$F$379,0),0) -> 9.4150185 | R6: =IF($M6="",0,$M6*Q6) -> 263.62052
B7: ='05_Daily_Orders'!C7 -> 784 | C7: 1 | D7: 0 | G7: 86 | M7: =IF($F$2="n",0,(SUM(G7:L7)-C7)) -> 85 | N7: =_xlfn.IFNA(_xlfn.XLOOKUP(B7,'00_SKU_Master'!$B$2:$B$379,'00_SKU_Master'!$C$2:$C$379,0),"") -> 61086#2 | O7: ='05_Daily_Orders'!M7 -> FB | P7: =_xlfn.IFNA(_xlfn.XLOOKUP(B7,'00_SKU_Master'!$B$2:$B$379,'00_SKU_Master'!$E$2:$E$379,""),"") -> ThighMeat | Q7: =_xlfn.IFNA(_xlfn.XLOOKUP(B7,'00_SKU_Master'!$B$2:$B$379,'00_SKU_Master'!$F$2:$F$379,0),0) -> 8.2634387 | R7: =IF($M7="",0,$M7*Q7) -> 702.39229
B8: ='05_Daily_Orders'!C8 -> 946 | C8: 0 | D8: 0 | G8: 0 | M8: =IF($F$2="n",0,(SUM(G8:L8)-C8)) -> 0 | N8: =_xlfn.IFNA(_xlfn.XLOOKUP(B8,'00_SKU_Master'!$B$2:$B$379,'00_SKU_Master'!$C$2:$C$379,0),"") -> 61040#2 | O8: ='05_Daily_Orders'!M8 -> FB | P8: =_xlfn.IFNA(_xlfn.XLOOKUP(B8,'00_SKU_Master'!$B$2:$B$379,'00_SKU_Master'!$E$2:$E$379,""),"") -> SplitBreast | Q8: =_xlfn.IFNA(_xlfn.XLOOKUP(B8,'00_SKU_Master'!$B$2:$B$379,'00_SKU_Master'!$F$2:$F$379,0),0) -> 0 | R8: =IF($M8="",0,$M8*Q8) -> 0
B9: ='05_Daily_Orders'!C9 -> 956 | C9: 0 | D9: 0 | G9: 0 | M9: =IF($F$2="n",0,(SUM(G9:L9)-C9)) -> 0 | N9: =_xlfn.IFNA(_xlfn.XLOOKUP(B9,'00_SKU_Master'!$B$2:$B$379,'00_SKU_Master'!$C$2:$C$379,0),"") -> 61072#2 | O9: ='05_Daily_Orders'!M9 -> FB | P9: =_xlfn.IFNA(_xlfn.XLOOKUP(B9,'00_SKU_Master'!$B$2:$B$379,'00_SKU_Master'!$E$2:$E$379,""),"") -> Drum | Q9: =_xlfn.IFNA(_xlfn.XLOOKUP(B9,'00_SKU_Master'!$B$2:$B$379,'00_SKU_Master'!$F$2:$F$379,0),0) -> 0 | R9: =IF($M9="",0,$M9*Q9) -> 0
B10: ='05_Daily_Orders'!C10 -> 957 | C10: 0 | D10: 0 | G10: 0 | M10: =IF($F$2="n",0,(SUM(G10:L10)-C10)) -> 0 | N10: =_xlfn.IFNA(_xlfn.XLOOKUP(B10,'00_SKU_Master'!$B$2:$B$379,'00_SKU_Master'!$C$2:$C$379,0),"") -> 61082 | O10: ='05_Daily_Orders'!M10 -> FB | P10: =_xlfn.IFNA(_xlfn.XLOOKUP(B10,'00_SKU_Master'!$B$2:$B$379,'00_SKU_Master'!$E$2:$E$379,""),"") -> Thigh | Q10: =_xlfn.IFNA(_xlfn.XLOOKUP(B10,'00_SKU_Master'!$B$2:$B$379,'00_SKU_Master'!$F$2:$F$379,0),0) -> 0 | R10: =IF($M10="",0,$M10*Q10) -> 0
B11: ='05_Daily_Orders'!C11 -> 1023 | C11: 0 | D11: 5 | G11: 0 | M11: =IF($F$2="n",0,(SUM(G11:L11)-C11)) -> 0 | N11: =_xlfn.IFNA(_xlfn.XLOOKUP(B11,'00_SKU_Master'!$B$2:$B$379,'00_SKU_Master'!$C$2:$C$379,0),"") -> 61121 | O11: ='05_Daily_Orders'!M11 -> METRO | P11: =_xlfn.IFNA(_xlfn.XLOOKUP(B11,'00_SKU_Master'!$B$2:$B$379,'00_SKU_Master'!$E$2:$E$379,""),"") -> Backbone | Q11: =_xlfn.IFNA(_xlfn.XLOOKUP(B11,'00_SKU_Master'!$B$2:$B$379,'00_SKU_Master'!$F$2:$F$379,0),0) -> 9.3701256 | R11: =IF($M11="",0,$M11*Q11) -> 0
B12: ='05_Daily_Orders'!C12 -> 1830 | C12: 0 | D12: 59 | G12: 52 | M12: =IF($F$2="n",0,(SUM(G12:L12)-C12)) -> 52 | N12: =_xlfn.IFNA(_xlfn.XLOOKUP(B12,'00_SKU_Master'!$B$2:$B$379,'00_SKU_Master'!$C$2:$C$379,0),"") -> 61050F | O12: ='05_Daily_Orders'!M12 -> FB | P12: =_xlfn.IFNA(_xlfn.XLOOKUP(B12,'00_SKU_Master'!$B$2:$B$379,'00_SKU_Master'!$E$2:$E$379,""),"") -> BSB | Q12: =_xlfn.IFNA(_xlfn.XLOOKUP(B12,'00_SKU_Master'!$B$2:$B$379,'00_SKU_Master'!$F$2:$F$379,0),0) -> 3.5867374 | R12: =IF($M12="",0,$M12*Q12) -> 186.51034
B13: ='05_Daily_Orders'!C13 -> 1831 | C13: 0 | D13: 110 | G13: 75 | M13: =IF($F$2="n",0,(SUM(G13:L13)-C13)) -> 75 | N13: =_xlfn.IFNA(_xlfn.XLOOKUP(B13,'00_SKU_Master'!$B$2:$B$379,'00_SKU_Master'!$C$2:$C$379,0),"") -> 203021 | O13: ='05_Daily_Orders'!M13 -> FB | P13: =_xlfn.IFNA(_xlfn.XLOOKUP(B13,'00_SKU_Master'!$B$2:$B$379,'00_SKU_Master'!$E$2:$E$379,""),"") -> Whole Bird-Small | Q13: =_xlfn.IFNA(_xlfn.XLOOKUP(B13,'00_SKU_Master'!$B$2:$B$379,'00_SKU_Master'!$F$2:$F$379,0),0) -> 7.2381956 | R13: =IF($M13="",0,$M13*Q13) -> 542.86467
B14: ='05_Daily_Orders'!C14 -> 1837 | C14: 0 | D14: 0 | G14: 0 | M14: =IF($F$2="n",0,(SUM(G14:L14)-C14)) -> 0 | N14: =_xlfn.IFNA(_xlfn.XLOOKUP(B14,'00_SKU_Master'!$B$2:$B$379,'00_SKU_Master'!$C$2:$C$379,0),"") -> 61010 | O14: ='05_Daily_Orders'!M14 -> FB | P14: =_xlfn.IFNA(_xlfn.XLOOKUP(B14,'00_SKU_Master'!$B$2:$B$379,'00_SKU_Master'!$E$2:$E$379,""),"") -> Wing | Q14: =_xlfn.IFNA(_xlfn.XLOOKUP(B14,'00_SKU_Master'!$B$2:$B$379,'00_SKU_Master'!$F$2:$F$379,0),0) -> 0 | R14: =IF($M14="",0,$M14*Q14) -> 0
... B265: ='05_Daily_Orders'!C265 -> 207128 | C265: 0 | D265: 0 | G265: 0 | M265: =IF($F$2="n",0,(SUM(G265:L265)-C265)) -> 0 | N265: =_xlfn.IFNA(_xlfn.XLOOKUP(B265,'00_SKU_Master'!$B$2:$B$379,'00_SKU_Master'!$C$2:$C$379,0),"") -> 203021 | O265: ='05_Daily_Orders'!M265 -> LCL | P265: =_xlfn.IFNA(_xlfn.XLOOKUP(B265,'00_SKU_Master'!$B$2:$B$379,'00_SKU_Master'!$E$2:$E$379,""),"") -> Whole Bird-Small | Q265: =_xlfn.IFNA(_xlfn.XLOOKUP(B265,'00_SKU_Master'!$B$2:$B$379,'00_SKU_Master'!$F$2:$F$379,0),0) -> 0 | R265: =IF($M265="",0,$M265*Q265) -> 0

Sheet 03_BulkPack_Order
B2: {=IFERROR(VALUE(LEFT(C2, MATCH(FALSE, ISNUMBER(MID(C2, ROW(INDIRECT("1:"&LEN(C2)+1)), 1) *1), 0) -1)),"")} | C2: For sale | H2: =IFERROR(SUMIF('13_Progress_Track'!$A$2:$A$108,B2,'13_Progress_Track'!$E$2:$E$108),"0") -> 0 | K2: Product_Group | L2: Avg_Case_Weight | M2: Yield_Rate | N2: WIP_kg | O2: Outside_Code
B3: {=IFERROR(VALUE(LEFT(C3, MATCH(FALSE, ISNUMBER(MID(C3, ROW(INDIRECT("1:"&LEN(C3)+1)), 1) *1), 0) -1)),"")} -> 203035 | C3: 203035 container | D3: 261 | H3: =IFERROR(SUMIF('13_Progress_Track'!$A$2:$A$108,B3,'13_Progress_Track'!$E$2:$E$108),"0") -> 0 | I3: =IFERROR(D3-H3,"") -> 261 | K3: =IFERROR(_xlfn.XLOOKUP(B3,'00_SKU_Master'!$B$2:$B$379,'00_SKU_Master'!$E$2:$E$379,""),"") -> SplitWing | L3: =IFERROR(_xlfn.XLOOKUP(B3,'00_SKU_Master'!$B$2:$B$379,'00_SKU_Master'!$F$2:$F$379,0),0) -> 23 | M3: =IFERROR(_xlfn.XLOOKUP(K3,'00_Yield_Rates'!$B$2:$B$33,'00_Yield_Rates'!$E$2:$E$33,0)/100,0) -> 0.095 | N3: =IF(AND(ISNUMBER(I3),ISNUMBER(L3)),I3*L3,0) -> 6003 | O3: =IF($B3="","",$B3) -> 203035
B4: {=IFERROR(VALUE(LEFT(C4, MATCH(FALSE, ISNUMBER(MID(C4, ROW(INDIRECT("1:"&LEN(C4)+1)), 1) *1), 0) -1)),"")} -> 203172 | C4: 203172 container | H4: =IFERROR(SUMIF('13_Progress_Track'!$A$2:$A$108,B4,'13_Progress_Track'!$E$2:$E$108),"0") -> 0 | I4: =IFERROR(D4-H4,"") -> 0 | K4: =IFERROR(_xlfn.XLOOKUP(B4,'00_SKU_Master'!$B$2:$B$379,'00_SKU_Master'!$E$2:$E$379,""),"") -> Wing | L4: =IFERROR(_xlfn.XLOOKUP(B4,'00_SKU_Master'!$B$2:$B$379,'00_SKU_Master'!$F$2:$F$379,0),0) -> 25 | M4: =IFERROR(_xlfn.XLOOKUP(K4,'00_Yield_Rates'!$B$2:$B$33,'00_Yield_Rates'!$E$2:$E$33,0)/100,0) -> 0.108 | N4: =IF(AND(ISNUMBER(I4),ISNUMBER(L4)),I4*L4,0) -> 0 | O4: =IF($B4="","",$B4) -> 203172
B5: {=IFERROR(VALUE(LEFT(C5, MATCH(FALSE, ISNUMBER(MID(C5, ROW(INDIRECT("1:"&LEN(C5)+1)), 1) *1), 0) -1)),"")} -> 868 | C5: 868 Spl Wings | D5: 40 | H5: =IFERROR(SUMIF('13_Progress_Track'!$A$2:$A$108,B5,'13_Progress_Track'!$E$2:$E$108),"0") -> 0 | I5: =IFERROR(D5-H5,"") -> 40 | K5: =IFERROR(_xlfn.XLOOKUP(B5,'00_SKU_Master'!$B$2:$B$379,'00_SKU_Master'!$E$2:$E$379,""),"") -> SplitWing | L5: =IFERROR(_xlfn.XLOOKUP(B5,'00_SKU_Master'!$B$2:$B$379,'00_SKU_Master'!$F$2:$F$379,0),0) -> 18 | M5: =IFERROR(_xlfn.XLOOKUP(K5,'00_Yield_Rates'!$B$2:$B$33,'00_Yield_Rates'!$E$2:$E$33,0)/100,0) -> 0.095 | N5: =IF(AND(ISNUMBER(I5),ISNUMBER(L5)),I5*L5,0) -> 720 | O5: =IF($B5="","",$B5) -> 868
B6: {=IFERROR(VALUE(LEFT(C6, MATCH(FALSE, ISNUMBER(MID(C6, ROW(INDIRECT("1:"&LEN(C6)+1)), 1) *1), 0) -1)),"")} -> 200868 | C6: 200868 MB HA SPL WING AC 18KG | D6: 120 | H6: =IFERROR(SUMIF('13_Progress_Track'!$A$2:$A$108,B6,'13_Progress_Track'!$E$2:$E$108),"0") -> 0 | I6: =IFERROR(D6-H6,"") -> 120 | K6: =IFERROR(_xlfn.XLOOKUP(B6,'00_SKU_Master'!$B$2:$B$379,'00_SKU_Master'!$E$2:$E$379,""),"") -> SplitWing | L6: =IFERROR(_xlfn.XLOOKUP(B6,'00_SKU_Master'!$B$2:$B$379,'00_SKU_Master'!$F$2:$F$379,0),0) -> 18 | M6: =IFERROR(_xlfn.XLOOKUP(K6,'00_Yield_Rates'!$B$2:$B$33,'00_Yield_Rates'!$E$2:$E$33,0)/100,0) -> 0.095 | N6: =IF(AND(ISNUMBER(I6),ISNUMBER(L6)),I6*L6,0) -> 2160 | O6: =IF($B6="","",$B6) -> 200868
B7: {=IFERROR(VALUE(LEFT(C7, MATCH(FALSE, ISNUMBER(MID(C7, ROW(INDIRECT("1:"&LEN(C7)+1)), 1) *1), 0) -1)),"")} -> 40021 | C7: 40021 Spl Wings 4x10lb | H7: =IFERROR(SUMIF('13_Progress_Track'!$A$2:$A$108,B7,'13_Progress_Track'!$E$2:$E$108),"0") -> 0 | I7: =IFERROR(D7-H7,"") -> 0 | K7: =IFERROR(_xlfn.XLOOKUP(B7,'00_SKU_Master'!$B$2:$B$379,'00_SKU_Master'!$E$2:$E$379,""),"") | L7: =IFERROR(_xlfn.XLOOKUP(B7,'00_SKU_Master'!$B$2:$B$379,'00_SKU_Master'!$F$2:$F$379,0),0) -> 0 | M7: =IFERROR(_xlfn.XLOOKUP(K7,'00_Yield_Rates'!$B$2:$B$33,'00_Yield_Rates'!$E$2:$E$33,0)/100,0) -> 0 | N7: =IF(AND(ISNUMBER(I7),ISNUMBER(L7)),I7*L7,0) -> 0 | O7: =IF($B7="","",$B7) -> 40021
B8: {=IFERROR(VALUE(LEFT(C8, MATCH(FALSE, ISNUMBER(MID(C8, ROW(INDIRECT("1:"&LEN(C8)+1)), 1) *1), 0) -1)),"")} -> 904 | C8: 904 H. Whole wings | H8: =IFERROR(SUMIF('13_Progress_Track'!$A$2:$A$108,B8,'13_Progress_Track'!$E$2:$E$108),"0") -> 0 | I8: =IFERROR(D8-H8,"") -> 0 | K8: =IFERROR(_xlfn.XLOOKUP(B8,'00_SKU_Master'!$B$2:$B$379,'00_SKU_Master'!$E$2:$E$379,""),"") -> Wing | L8: =IFERROR(_xlfn.XLOOKUP(B8,'00_SKU_Master'!$B$2:$B$379,'00_SKU_Master'!$F$2:$F$379,0),0) -> 18 | M8: =IFERROR(_xlfn.XLOOKUP(K8,'00_Yield_Rates'!$B$2:$B$33,'00_Yield_Rates'!$E$2:$E$33,0)/100,0) -> 0.108 | N8: =IF(AND(ISNUMBER(I8),ISNUMBER(L8)),I8*L8,0) -> 0 | O8: =IF($B8="","",$B8) -> 904
B9: {=IFERROR(VALUE(LEFT(C9, MATCH(FALSE, ISNUMBER(MID(C9, ROW(INDIRECT("1:"&LEN(C9)+1)), 1) *1), 0) -1)),"")} -> 200904 | C9: 200904 H. Whole wings | H9: =IFERROR(SUMIF('13_Progress_Track'!$A$2:$A$108,B9,'13_Progress_Track'!$E$2:$E$108),"0") -> 0 | I9: =IFERROR(D9-H9,"") -> 0 | K9: =IFERROR(_xlfn.XLOOKUP(B9,'00_SKU_Master'!$B$2:$B$379,'00_SKU_Master'!$E$2:$E$379,""),"") -> Wing | L9: =IFERROR(_xlfn.XLOOKUP(B9,'00_SKU_Master'!$B$2:$B$379,'00_SKU_Master'!$F$2:$F$379,0),0) -> 18 | M9: =IFERROR(_xlfn.XLOOKUP(K9,'00_Yield_Rates'!$B$2:$B$33,'00_Yield_Rates'!$E$2:$E$33,0)/100,0) -> 0.108 | N9: =IF(AND(ISNUMBER(I9),ISNUMBER(L9)),I9*L9,0) -> 0 | O9: =IF($B9="","",$B9) -> 200904
B10: {=IFERROR(VALUE(LEFT(C10, MATCH(FALSE, ISNUMBER(MID(C10, ROW(INDIRECT("1:"&LEN(C10)+1)), 1) *1), 0) -1)),"")} -> 895 | C10: 895 Drums | H10: =IFERROR(SUMIF('13_Progress_Track'!$A$2:$A$108,B10,'13_Progress_Track'!$E$2:$E$108),"0") -> 0 | I10: =IFERROR(D10-H10,"") -> 0 | K10: =IFERROR(_xlfn.XLOOKUP(B10,'00_SKU_Master'!$B$2:$B$379,'00_SKU_Master'!$E$2:$E$379,""),"") -> Drum | L10: =IFERROR(_xlfn.XLOOKUP(B10,'00_SKU_Master'!$B$2:$B$379,'00_SKU_Master'!$F$2:$F$379,0),0) -> 18 | M10: =IFERROR(_xlfn.XLOOKUP(K10,'00_Yield_Rates'!$B$2:$B$33,'00_Yield_Rates'!$E$2:$E$33,0)/100,0) -> 0.143 | N10: =IF(AND(ISNUMBER(I10),ISNUMBER(L10)),I10*L10,0) -> 0 | O10: =IF($B10="","",$B10) -> 895
B11: {=IFERROR(VALUE(LEFT(C11, MATCH(FALSE, ISNUMBER(MID(C11, ROW(INDIRECT("1:"&LEN(C11)+1)), 1) *1), 0) -1)),"")} -> 200095 | C11: 200095 H. Drums | D11: 735 | H11: =IFERROR(SUMIF('13_Progress_Track'!$A$2:$A$108,B11,'13_Progress_Track'!$E$2:$E$108),"0") -> 0 | I11: =IFERROR(D11-H11,"") -> 735 | K11: =IFERROR(_xlfn.XLOOKUP(B11,'00_SKU_Master'!$B$2:$B$379,'00_SKU_Master'!$E$2:$E$379,""),"") -> Drum | L11: =IFERROR(_xlfn.XLOOKUP(B11,'00_SKU_Master'!$B$2:$B$379,'00_SKU_Master'!$F$2:$F$379,0),0) -> 18 | M11: =IFERROR(_xlfn.XLOOKUP(K11,'00_Yield_Rates'!$B$2:$B$33,'00_Yield_Rates'!$E$2:$E$33,0)/100,0) -> 0.143 | N11: =IF(AND(ISNUMBER(I11),ISNUMBER(L11)),I11*L11,0) -> 13230 | O11: =IF($B11="","",$B11) -> 200095
B12: {=IFERROR(VALUE(LEFT(C12, MATCH(FALSE, ISNUMBER(MID(C12, ROW(INDIRECT("1:"&LEN(C12)+1)), 1) *1), 0) -1)),"")} -> 160 | C12: 0160 Drums | H12: =IFERROR(SUMIF('13_Progress_Track'!$A$2:$A$108,B12,'13_Progress_Track'!$E$2:$E$108),"0") -> 0 | I12: =IFERROR(D12-H12,"") -> 0 | K12: =IFERROR(_xlfn.XLOOKUP(B12,'00_SKU_Master'!$B$2:$B$379,'00_SKU_Master'!$E$2:$E$379,""),"") -> Drum | L12: =IFERROR(_xlfn.XLOOKUP(B12,'00_SKU_Master'!$B$2:$B$379,'00_SKU_Master'!$F$2:$F$379,0),0) -> 18 | M12: =IFERROR(_xlfn.XLOOKUP(K12,'00_Yield_Rates'!$B$2:$B$33,'00_Yield_Rates'!$E$2:$E$33,0)/100,0) -> 0.143 | N12: =IF(AND(ISNUMBER(I12),ISNUMBER(L12)),I12*L12,0) -> 0 | O12: =IF($B12="","",$B12) -> 160
B13: {=IFERROR(VALUE(LEFT(C13, MATCH(FALSE, ISNUMBER(MID(C13, ROW(INDIRECT("1:"&LEN(C13)+1)), 1) *1), 0) -1)),"")} -> 203271 | C13: 203271 DRUM 110G LESS RET 25KG | H13: =IFERROR(SUMIF('13_Progress_Track'!$A$2:$A$108,B13,'13_Progress_Track'!$E$2:$E$108),"0") -> 0 | I13: =IFERROR(D13-H13,"") -> 0 | K13: =IFERROR(_xlfn.XLOOKUP(B13,'00_SKU_Master'!$B$2:$B$379,'00_SKU_Master'!$E$2:$E$379,""),"") | L13: =IFERROR(_xlfn.XLOOKUP(B13,'00_SKU_Master'!$B$2:$B$379,'00_SKU_Master'!$F$2:$F$379,0),0) -> 0 | M13: =IFERROR(_xlfn.XLOOKUP(K13,'00_Yield_Rates'!$B$2:$B$33,'00_Yield_Rates'!$E$2:$E$33,0)/100,0) -> 0 | N13: =IF(AND(ISNUMBER(I13),ISNUMBER(L13)),I13*L13,0) -> 0 | O13: =IF($B13="","",$B13) -> 203271
B14: {=IFERROR(VALUE(LEFT(C14, MATCH(FALSE, ISNUMBER(MID(C14, ROW(INDIRECT("1:"&LEN(C14)+1)), 1) *1), 0) -1)),"")} -> 159 | C14: 159 BA Legs | D14: 250 | H14: =IFERROR(SUMIF('13_Progress_Track'!$A$2:$A$108,B14,'13_Progress_Track'!$E$2:$E$108),"0") -> 0 | I14: =IFERROR(D14-H14,"") -> 250 | K14: =IFERROR(_xlfn.XLOOKUP(B14,'00_SKU_Master'!$B$2:$B$379,'00_SKU_Master'!$E$2:$E$379,""),"") -> BA | L14: =IFERROR(_xlfn.XLOOKUP(B14,'00_SKU_Master'!$B$2:$B$379,'00_SKU_Master'!$F$2:$F$379,0),0) -> 18 | M14: =IFERROR(_xlfn.XLOOKUP(K14,'00_Yield_Rates'!$B$2:$B$33,'00_Yield_Rates'!$E$2:$E$33,0)/100,0) -> 0.47 | N14: =IF(AND(ISNUMBER(I14),ISNUMBER(L14)),I14*L14,0) -> 4500 | O14: =IF($B14="","",$B14) -> 159
B15: {=IFERROR(VALUE(LEFT(C15, MATCH(FALSE, ISNUMBER(MID(C15, ROW(INDIRECT("1:"&LEN(C15)+1)), 1) *1), 0) -1)),"")} -> 200903 | C15: 200903 H. BA Legs a/c | D15: 150 | H15: =IFERROR(SUMIF('13_Progress_Track'!$A$2:$A$108,B15,'13_Progress_Track'!$E$2:$E$108),"0") -> 0 | I15: =IFERROR(D15-H15,"") -> 150 | K15: =IFERROR(_xlfn.XLOOKUP(B15,'00_SKU_Master'!$B$2:$B$379,'00_SKU_Master'!$E$2:$E$379,""),"") -> BA | L15: =IFERROR(_xlfn.XLOOKUP(B15,'00_SKU_Master'!$B$2:$B$379,'00_SKU_Master'!$F$2:$F$379,0),0) -> 18 | M15: =IFERROR(_xlfn.XLOOKUP(K15,'00_Yield_Rates'!$B$2:$B$33,'00_Yield_Rates'!$E$2:$E$33,0)/100,0) -> 0.47 | N15: =IF(AND(ISNUMBER(I15),ISNUMBER(L15)),I15*L15,0) -> 2700 | O15: =IF($B15="","",$B15) -> 200903
B16: {=IFERROR(VALUE(LEFT(C16, MATCH(FALSE, ISNUMBER(MID(C16, ROW(INDIRECT("1:"&LEN(C16)+1)), 1) *1), 0) -1)),"")} -> 165 | C16: 165 Bnls breast | H16: =IFERROR(SUMIF('13_Progress_Track'!$A$2:$A$108,B16,'13_Progress_Track'!$E$2:$E$108),"0") -> 0 | I16: =IFERROR(D16-H16,"") -> 0 | K16: =IFERROR(_xlfn.XLOOKUP(B16,'00_SKU_Master'!$B$2:$B$379,'00_SKU_Master'!$E$2:$E$379,""),"") -> BSB | L16: =IFERROR(_xlfn.XLOOKUP(B16,'00_SKU_Master'!$B$2:$B$379,'00_SKU_Master'!$F$2:$F$379,0),0) -> 10 | M16: =IFERROR(_xlfn.XLOOKUP(K16,'00_Yield_Rates'!$B$2:$B$33,'00_Yield_Rates'!$E$2:$E$33,0)/100,0) -> 0.235 | N16: =IF(AND(ISNUMBER(I16),ISNUMBER(L16)),I16*L16,0) -> 0 | O16: =IF($B16="","",$B16) -> 165
B17: {=IFERROR(VALUE(LEFT(C17, MATCH(FALSE, ISNUMBER(MID(C17, ROW(INDIRECT("1:"&LEN(C17)+1)), 1) *1), 0) -1)),"")} -> 201894 | C17: 201894 H. Bnls breast | H17: =IFERROR(SUMIF('13_Progress_Track'!$A$2:$A$108,B17,'13_Progress_Track'!$E$2:$E$108),"0") -> 0 | I17: =IFERROR(D17-H17,"") -> 0 | K17: =IFERROR(_xlfn.XLOOKUP(B17,'00_SKU_Master'!$B$2:$B$379,'00_SKU_Master'!$E$2:$E$379,""),"") -> BSB | L17: =IFERROR(_xlfn.XLOOKUP(B17,'00_SKU_Master'!$B$2:$B$379,'00_SKU_Master'!$F$2:$F$379,0),0) -> 18 | M17: =IFERROR(_xlfn.XLOOKUP(K17,'00_Yield_Rates'!$B$2:$B$33,'00_Yield_Rates'!$E$2:$E$33,0)/100,0) -> 0.235 | N17: =IF(AND(ISNUMBER(I17),ISNUMBER(L17)),I17*L17,0) -> 0 | O17: =IF($B17="","",$B17) -> 201894
B18: {=IFERROR(VALUE(LEFT(C18, MATCH(FALSE, ISNUMBER(MID(C18, ROW(INDIRECT("1:"&LEN(C18)+1)), 1) *1), 0) -1)),"")} -> 201895 | C18: 201895 H. Bnls breast | H18: =IFERROR(SUMIF('13_Progress_Track'!$A$2:$A$108,B18,'13_Progress_Track'!$E$2:$E$108),"0") -> 0 | I18: =IFERROR(D18-H18,"") -> 0 | K18: =IFERROR(_xlfn.XLOOKUP(B18,'00_SKU_Master'!$B$2:$B$379,'00_SKU_Master'!$E$2:$E$379,""),"") -> BSB | L18: =IFERROR(_xlfn.XLOOKUP(B18,'00_SKU_Master'!$B$2:$B$379,'00_SKU_Master'!$F$2:$F$379,0),0) -> 18 | M18: =IFERROR(_xlfn.XLOOKUP(K18,'00_Yield_Rates'!$B$2:$B$33,'00_Yield_Rates'!$E$2:$E$33,0)/100,0) -> 0.235 | N18: =IF(AND(ISNUMBER(I18),ISNUMBER(L18)),I18*L18,0) -> 0 | O18: =IF($B18="","",$B18) -> 201895
B19: {=IFERROR(VALUE(LEFT(C19, MATCH(FALSE, ISNUMBER(MID(C19, ROW(INDIRECT("1:"&LEN(C19)+1)), 1) *1), 0) -1)),"")} -> 834 | C19: 834 Bone in Thigh | H19: =IFERROR(SUMIF('13_Progress_Track'!$A$2:$A$108,B19,'13_Progress_Track'!$E$2:$E$108),"0") -> 0 | I19: =IFERROR(D19-H19,"") -> 0 | K19: =IFERROR(_xlfn.XLOOKUP(B19,'00_SKU_Master'!$B$2:$B$379,'00_SKU_Master'!$E$2:$E$379,""),"") -> Thigh | L19: =IFERROR(_xlfn.XLOOKUP(B19,'00_SKU_Master'!$B$2:$B$379,'00_SKU_Master'!$F$2:$F$379,0),0) -> 18 | M19: =IFERROR(_xlfn.XLOOKUP(K19,'00_Yield_Rates'!$B$2:$B$33,'00_Yield_Rates'!$E$2:$E$33,0)/100,0) -> 0.175 | N19: =IF(AND(ISNUMBER(I19),ISNUMBER(L19)),I19*L19,0) -> 0 | O19: =IF($B19="","",$B19) -> 834
B20: {=IFERROR(VALUE(LEFT(C20, MATCH(FALSE, ISNUMBER(MID(C20, ROW(INDIRECT("1:"&LEN(C20)+1)), 1) *1), 0) -1)),"")} -> 200902 | C20: 200902 Bone in Thigh | D20: 65 | H20: =IFERROR(SUMIF('13_Progress_Track'!$A$2:$A$108,B20,'13_Progress_Track'!$E$2:$E$108),"0") -> 0 | I20: =IFERROR(D20-H20,"") -> 65 | K20: =IFERROR(_xlfn.XLOOKUP(B20,'00_SKU_Master'!$B$2:$B$379,'00_SKU_Master'!$E$2:$E$379,""),"") -> Thigh | L20: =IFERROR(_xlfn.XLOOKUP(B20,'00_SKU_Master'!$B$2:$B$379,'00_SKU_Master'!$F$2:$F$379,0),0) -> 18 | M20: =IFERROR(_xlfn.XLOOKUP(K20,'00_Yield_Rates'!$B$2:$B$33,'00_Yield_Rates'!$E$2:$E$33,0)/100,0) -> 0.175 | N20: =IF(AND(ISNUMBER(I20),ISNUMBER(L20)),I20*L20,0) -> 1170 | O20: =IF($B20="","",$B20) -> 200902
B21: {=IFERROR(VALUE(LEFT(C21, MATCH(FALSE, ISNUMBER(MID(C21, ROW(INDIRECT("1:"&LEN(C21)+1)), 1) *1), 0) -1)),"")} -> 161 | C21: 161 Bone in Thigh | H21: =IFERROR(SUMIF('13_Progress_Track'!$A$2:$A$108,B21,'13_Progress_Track'!$E$2:$E$108),"0") -> 0 | I21: =IFERROR(D21-H21,"") -> 0 | K21: =IFERROR(_xlfn.XLOOKUP(B21,'00_SKU_Master'!$B$2:$B$379,'00_SKU_Master'!$E$2:$E$379,""),"") -> Thigh | L21: =IFERROR(_xlfn.XLOOKUP(B21,'00_SKU_Master'!$B$2:$B$379,'00_SKU_Master'!$F$2:$F$379,0),0) -> 18 | M21: =IFERROR(_xlfn.XLOOKUP(K21,'00_Yield_Rates'!$B$2:$B$33,'00_Yield_Rates'!$E$2:$E$33,0)/100,0) -> 0.175 | N21: =IF(AND(ISNUMBER(I21),ISNUMBER(L21)),I21*L21,0) -> 0 | O21: =IF($B21="","",$B21) -> 161
B22: {=IFERROR(VALUE(LEFT(C22, MATCH(FALSE, ISNUMBER(MID(C22, ROW(INDIRECT("1:"&LEN(C22)+1)), 1) *1), 0) -1)),"")} -> 200064 | C22: 200064 H. bnls thighs | D22: 60 | H22: =IFERROR(SUMIF('13_Progress_Track'!$A$2:$A$108,B22,'13_Progress_Track'!$E$2:$E$108),"0") -> 0 | I22: =IFERROR(D22-H22,"") -> 60 | K22: =IFERROR(_xlfn.XLOOKUP(B22,'00_SKU_Master'!$B$2:$B$379,'00_SKU_Master'!$E$2:$E$379,""),"") -> ThighMeat | L22: =IFERROR(_xlfn.XLOOKUP(B22,'00_SKU_Master'!$B$2:$B$379,'00_SKU_Master'!$F$2:$F$379,0),0) -> 5 | M22: =IFERROR(_xlfn.XLOOKUP(K22,'00_Yield_Rates'!$B$2:$B$33,'00_Yield_Rates'!$E$2:$E$33,0)/100,0) -> 0.115 | N22: =IF(AND(ISNUMBER(I22),ISNUMBER(L22)),I22*L22,0) -> 300 | O22: =IF($B22="","",$B22) -> 200064
B23: {=IFERROR(VALUE(LEFT(C23, MATCH(FALSE, ISNUMBER(MID(C23, ROW(INDIRECT("1:"&LEN(C23)+1)), 1) *1), 0) -1)),"")} | H23: =IFERROR(SUMIF('13_Progress_Track'!$A$2:$A$108,B23,'13_Progress_Track'!$E$2:$E$108),"0") -> 0 | I23: =IFERROR(D23-H23,"") -> 0 | K23: =IFERROR(_xlfn.XLOOKUP(B23,'00_SKU_Master'!$B$2:$B$379,'00_SKU_Master'!$E$2:$E$379,""),"") | L23: =IFERROR(_xlfn.XLOOKUP(B23,'00_SKU_Master'!$B$2:$B$379,'00_SKU_Master'!$F$2:$F$379,0),0) -> 0 | M23: =IFERROR(_xlfn.XLOOKUP(K23,'00_Yield_Rates'!$B$2:$B$33,'00_Yield_Rates'!$E$2:$E$33,0)/100,0) -> 0 | N23: =IF(AND(ISNUMBER(I23),ISNUMBER(L23)),I23*L23,0) -> 0 | O23: =IF($B23="","",$B23)
B24: {=IFERROR(VALUE(LEFT(C24, MATCH(FALSE, ISNUMBER(MID(C24, ROW(INDIRECT("1:"&LEN(C24)+1)), 1) *1), 0) -1)),"")} | H24: =IFERROR(SUMIF('13_Progress_Track'!$A$2:$A$108,B24,'13_Progress_Track'!$E$2:$E$108),"0") -> 0 | I24: =IFERROR(D24-H24,"") -> 0 | K24: =IFERROR(_xlfn.XLOOKUP(B24,'00_SKU_Master'!$B$2:$B$379,'00_SKU_Master'!$E$2:$E$379,""),"") | L24: =IFERROR(_xlfn.XLOOKUP(B24,'00_SKU_Master'!$B$2:$B$379,'00_SKU_Master'!$F$2:$F$379,0),0) -> 0 | M24: =IFERROR(_xlfn.XLOOKUP(K24,'00_Yield_Rates'!$B$2:$B$33,'00_Yield_Rates'!$E$2:$E$33,0)/100,0) -> 0 | N24: =IF(AND(ISNUMBER(I24),ISNUMBER(L24)),I24*L24,0) -> 0 | O24: =IF($B24="","",$B24)
B25: {=IFERROR(VALUE(LEFT(C25, MATCH(FALSE, ISNUMBER(MID(C25, ROW(INDIRECT("1:"&LEN(C25)+1)), 1) *1), 0) -1)),"")} | H25: =IFERROR(SUMIF('13_Progress_Track'!$A$2:$A$108,B25,'13_Progress_Track'!$E$2:$E$108),"0") -> 0 | I25: =IFERROR(D25-H25,"") -> 0 | K25: =IFERROR(_xlfn.XLOOKUP(B25,'00_SKU_Master'!$B$2:$B$379,'00_SKU_Master'!$E$2:$E$379,""),"") | L25: =IFERROR(_xlfn.XLOOKUP(B25,'00_SKU_Master'!$B$2:$B$379,'00_SKU_Master'!$F$2:$F$379,0),0) -> 0 | M25: =IFERROR(_xlfn.XLOOKUP(K25,'00_Yield_Rates'!$B$2:$B$33,'00_Yield_Rates'!$E$2:$E$33,0)/100,0) -> 0 | N25: =IF(AND(ISNUMBER(I25),ISNUMBER(L25)),I25*L25,0) -> 0 | O25: =IF($B25="","",$B25)
B26: {=IFERROR(VALUE(LEFT(C26, MATCH(FALSE, ISNUMBER(MID(C26, ROW(INDIRECT("1:"&LEN(C26)+1)), 1) *1), 0) -1)),"")} | H26: =IFERROR(SUMIF('13_Progress_Track'!$A$2:$A$108,B26,'13_Progress_Track'!$E$2:$E$108),"0") -> 0 | I26: =IFERROR(D26-H26,"") -> 0 | K26: =IFERROR(_xlfn.XLOOKUP(B26,'00_SKU_Master'!$B$2:$B$379,'00_SKU_Master'!$E$2:$E$379,""),"") | L26: =IFERROR(_xlfn.XLOOKUP(B26,'00_SKU_Master'!$B$2:$B$379,'00_SKU_Master'!$F$2:$F$379,0),0) -> 0 | M26: =IFERROR(_xlfn.XLOOKUP(K26,'00_Yield_Rates'!$B$2:$B$33,'00_Yield_Rates'!$E$2:$E$33,0)/100,0) -> 0 | N26: =IF(AND(ISNUMBER(I26),ISNUMBER(L26)),I26*L26,0) -> 0 | O26: =IF($B26="","",$B26)
B27: {=IFERROR(VALUE(LEFT(C27, MATCH(FALSE, ISNUMBER(MID(C27, ROW(INDIRECT("1:"&LEN(C27)+1)), 1) *1), 0) -1)),"")} | H27: =IFERROR(SUMIF('13_Progress_Track'!$A$2:$A$108,B27,'13_Progress_Track'!$E$2:$E$108),"0") -> 0 | I27: =IFERROR(D27-H27,"") -> 0 | K27: =IFERROR(_xlfn.XLOOKUP(B27,'00_SKU_Master'!$B$2:$B$379,'00_SKU_Master'!$E$2:$E$379,""),"") | L27: =IFERROR(_xlfn.XLOOKUP(B27,'00_SKU_Master'!$B$2:$B$379,'00_SKU_Master'!$F$2:$F$379,0),0) -> 0 | M27: =IFERROR(_xlfn.XLOOKUP(K27,'00_Yield_Rates'!$B$2:$B$33,'00_Yield_Rates'!$E$2:$E$33,0)/100,0) -> 0 | N27: =IF(AND(ISNUMBER(I27),ISNUMBER(L27)),I27*L27,0) -> 0 | O27: =IF($B27="","",$B27)
B28: {=IFERROR(VALUE(LEFT(C28, MATCH(FALSE, ISNUMBER(MID(C28, ROW(INDIRECT("1:"&LEN(C28)+1)), 1) *1), 0) -1)),"")} | H28: =IFERROR(SUMIF('13_Progress_Track'!$A$2:$A$108,B28,'13_Progress_Track'!$E$2:$E$108),"0") -> 0 | I28: =IFERROR(D28-H28,"") -> 0 | K28: =IFERROR(_xlfn.XLOOKUP(B28,'00_SKU_Master'!$B$2:$B$379,'00_SKU_Master'!$E$2:$E$379,""),"") | L28: =IFERROR(_xlfn.XLOOKUP(B28,'00_SKU_Master'!$B$2:$B$379,'00_SKU_Master'!$F$2:$F$379,0),0) -> 0 | M28: =IFERROR(_xlfn.XLOOKUP(K28,'00_Yield_Rates'!$B$2:$B$33,'00_Yield_Rates'!$E$2:$E$33,0)/100,0) -> 0 | N28: =IF(AND(ISNUMBER(I28),ISNUMBER(L28)),I28*L28,0) -> 0 | O28: =IF($B28="","",$B28)
B29: {=IFERROR(VALUE(LEFT(C29, MATCH(FALSE, ISNUMBER(MID(C29, ROW(INDIRECT("1:"&LEN(C29)+1)), 1) *1), 0) -1)),"")} | H29: =IFERROR(SUMIF('13_Progress_Track'!$A$2:$A$108,B29,'13_Progress_Track'!$E$2:$E$108),"0") -> 0 | I29: =IFERROR(D29-H29,"") -> 0 | K29: =IFERROR(_xlfn.XLOOKUP(B29,'00_SKU_Master'!$B$2:$B$379,'00_SKU_Master'!$E$2:$E$379,""),"") | L29: =IFERROR(_xlfn.XLOOKUP(B29,'00_SKU_Master'!$B$2:$B$379,'00_SKU_Master'!$F$2:$F$379,0),0) -> 0 | M29: =IFERROR(_xlfn.XLOOKUP(K29,'00_Yield_Rates'!$B$2:$B$33,'00_Yield_Rates'!$E$2:$E$33,0)/100,0) -> 0 | N29: =IF(AND(ISNUMBER(I29),ISNUMBER(L29)),I29*L29,0) -> 0 | O29: =IF($B29="","",$B29)
B30: 2233 | H30: =IFERROR(SUMIF('13_Progress_Track'!$A$2:$A$108,B30,'13_Progress_Track'!$E$2:$E$108),"0") -> 0 | I30: =IFERROR(D30-H30,"") -> 0 | K30: =IFERROR(_xlfn.XLOOKUP(B30,'00_SKU_Master'!$B$2:$B$379,'00_SKU_Master'!$E$2:$E$379,""),"") -> SplitWing | L30: =IFERROR(_xlfn.XLOOKUP(B30,'00_SKU_Master'!$B$2:$B$379,'00_SKU_Master'!$F$2:$F$379,0),0) -> 20 | M30: =IFERROR(_xlfn.XLOOKUP(K30,'00_Yield_Rates'!$B$2:$B$33,'00_Yield_Rates'!$E$2:$E$33,0)/100,0) -> 0.095 | N30: =IF(AND(ISNUMBER(I30),ISNUMBER(L30)),I30*L30,0) -> 0 | O30: =IF($B30="","",$B30) -> 2233
B31: 2235 | D31: 180 | H31: =IFERROR(SUMIF('13_Progress_Track'!$A$2:$A$108,B31,'13_Progress_Track'!$E$2:$E$108),"0") -> 0 | I31: =IFERROR(D31-H31,"") -> 180 | K31: =IFERROR(_xlfn.XLOOKUP(B31,'00_SKU_Master'!$B$2:$B$379,'00_SKU_Master'!$E$2:$E$379,""),"") -> Drum | L31: =IFERROR(_xlfn.XLOOKUP(B31,'00_SKU_Master'!$B$2:$B$379,'00_SKU_Master'!$F$2:$F$379,0),0) -> 20 | M31: =IFERROR(_xlfn.XLOOKUP(K31,'00_Yield_Rates'!$B$2:$B$33,'00_Yield_Rates'!$E$2:$E$33,0)/100,0) -> 0.143 | N31: =IF(AND(ISNUMBER(I31),ISNUMBER(L31)),I31*L31,0) -> 3600 | O31: =IF($B31="","",$B31) -> 2235
B32: 2236 | H32: =IFERROR(SUMIF('13_Progress_Track'!$A$2:$A$108,B32,'13_Progress_Track'!$E$2:$E$108),"0") -> 0 | I32: =IFERROR(D32-H32,"") -> 0 | K32: =IFERROR(_xlfn.XLOOKUP(B32,'00_SKU_Master'!$B$2:$B$379,'00_SKU_Master'!$E$2:$E$379,""),"") -> BSB | L32: =IFERROR(_xlfn.XLOOKUP(B32,'00_SKU_Master'!$B$2:$B$379,'00_SKU_Master'!$F$2:$F$379,0),0) -> 20 | M32: =IFERROR(_xlfn.XLOOKUP(K32,'00_Yield_Rates'!$B$2:$B$33,'00_Yield_Rates'!$E$2:$E$33,0)/100,0) -> 0.235 | N32: =IF(AND(ISNUMBER(I32),ISNUMBER(L32)),I32*L32,0) -> 0 | O32: =IF($B32="","",$B32) -> 2236
B33: 423002 | H33: =IFERROR(SUMIF('13_Progress_Track'!$A$2:$A$108,B33,'13_Progress_Track'!$E$2:$E$108),"0") -> 0 | I33: =IFERROR(D33-H33,"") -> 0 | K33: =IFERROR(_xlfn.XLOOKUP(B33,'00_SKU_Master'!$B$2:$B$379,'00_SKU_Master'!$E$2:$E$379,""),"") | L33: =IFERROR(_xlfn.XLOOKUP(B33,'00_SKU_Master'!$B$2:$B$379,'00_SKU_Master'!$F$2:$F$379,0),0) -> 0 | M33: =IFERROR(_xlfn.XLOOKUP(K33,'00_Yield_Rates'!$B$2:$B$33,'00_Yield_Rates'!$E$2:$E$33,0)/100,0) -> 0 | N33: =IF(AND(ISNUMBER(I33),ISNUMBER(L33)),I33*L33,0) -> 0 | O33: =IF($B33="","",$B33) -> 423002
B34: 203010 | H34: =IFERROR(SUMIF('13_Progress_Track'!$A$2:$A$108,B34,'13_Progress_Track'!$E$2:$E$108),"0") -> 0 | I34: =IFERROR(D34-H34,"") -> 0 | K34: =IFERROR(_xlfn.XLOOKUP(B34,'00_SKU_Master'!$B$2:$B$379,'00_SKU_Master'!$E$2:$E$379,""),"") | L34: =IFERROR(_xlfn.XLOOKUP(B34,'00_SKU_Master'!$B$2:$B$379,'00_SKU_Master'!$F$2:$F$379,0),0) -> 0 | M34: =IFERROR(_xlfn.XLOOKUP(K34,'00_Yield_Rates'!$B$2:$B$33,'00_Yield_Rates'!$E$2:$E$33,0)/100,0) -> 0 | N34: =IF(AND(ISNUMBER(I34),ISNUMBER(L34)),I34*L34,0) -> 0 | O34: =IF($B34="","",$B34) -> 203010
B35: 423625 | H35: =IFERROR(SUMIF('13_Progress_Track'!$A$2:$A$108,B35,'13_Progress_Track'!$E$2:$E$108),"0") -> 0 | I35: =IFERROR(D35-H35,"") -> 0 | K35: =IFERROR(_xlfn.XLOOKUP(B35,'00_SKU_Master'!$B$2:$B$379,'00_SKU_Master'!$E$2:$E$379,""),"") | L35: =IFERROR(_xlfn.XLOOKUP(B35,'00_SKU_Master'!$B$2:$B$379,'00_SKU_Master'!$F$2:$F$379,0),0) -> 0 | M35: =IFERROR(_xlfn.XLOOKUP(K35,'00_Yield_Rates'!$B$2:$B$33,'00_Yield_Rates'!$E$2:$E$33,0)/100,0) -> 0 | N35: =IF(AND(ISNUMBER(I35),ISNUMBER(L35)),I35*L35,0) -> 0 | O35: =IF($B35="","",$B35) -> 423625
B36: 203624 | H36: =IFERROR(SUMIF('13_Progress_Track'!$A$2:$A$108,B36,'13_Progress_Track'!$E$2:$E$108),"0") -> 0 | I36: =IFERROR(D36-H36,"") -> 0 | K36: =IFERROR(_xlfn.XLOOKUP(B36,'00_SKU_Master'!$B$2:$B$379,'00_SKU_Master'!$E$2:$E$379,""),"") -> FAT | L36: =IFERROR(_xlfn.XLOOKUP(B36,'00_SKU_Master'!$B$2:$B$379,'00_SKU_Master'!$F$2:$F$379,0),0) -> 25 | M36: =IFERROR(_xlfn.XLOOKUP(K36,'00_Yield_Rates'!$B$2:$B$33,'00_Yield_Rates'!$E$2:$E$33,0)/100,0) -> 0 | N36: =IF(AND(ISNUMBER(I36),ISNUMBER(L36)),I36*L36,0) -> 0 | O36: =IF($B36="","",$B36) -> 203624
O37: =IF($B37="","",$B37)
O38: =IF($B38="","",$B38)
O39: =IF($B39="","",$B39)
O40: =IF($B40="","",$B40)
O41: =IF($B41="","",$B41)
O42: =IF($B42="","",$B42)
O43: =IF($B43="","",$B43)
O44: =IF($B44="","",$B44)
O45: =IF($B45="","",$B45)
O46: =IF($B46="","",$B46)
O47: =IF($B47="","",$B47)
O48: =IF($B48="","",$B48)
... O201: =IF($B201="","",$B201)

Sheet 04_Bagging_Order
C1: =SUM(C3:C20) -> 570 | D1: =SUM(D3:D20) -> 0 | E1: =SUM(E3:E20) -> 0 | F1: =SUM(F3:F20) -> 0 | I1: =SUMIF(I3:I23,">0") -> 570 | J1: =SUM(J3:J20) -> 0 | K1: =SUMIF(K3:K21,">0") -> 570 | N1: Totals: | Q1: =SUM(Q3:Q20) -> 5264.4496
B2: SKU | H2: SKU | I2: Today's | J2: Completed | K2: Remaining | N2: Product_Group | O2: Avg_Case_Weight | P2: Yield_Rate | Q2: WIP_kg | R2: RAW_WIP_CODE
B3: ='00_SKU_Master'!B358 -> 2050 | C3: 117 | H3: =B3 -> 2050 | I3: =SUM(C3:F3) -> 117 | J3: =SUMIF('13_Progress_Track'!$A$2:$A$108,B3,'13_Progress_Track'!$E$2:$E$108) -> 0 | K3: =I3-J3 -> 117 | N3: =IFERROR(_xlfn.XLOOKUP(B3,'00_SKU_Master'!$B$2:$B$379,'00_SKU_Master'!$E$2:$E$379,""),"") -> BA | O3: =IFERROR(_xlfn.SINGLE(_xlfn.XLOOKUP(B3,'00_SKU_Master'!$B$2:$B$379,'00_SKU_Master'!$F$2:$F$379,0)),0) -> 11.333345 | P3: =IFERROR(_xlfn.XLOOKUP(N3,'00_Yield_Rates'!$B$2:$B$33,'00_Yield_Rates'!$E$2:$E$33,0)/100,0) -> 0.47 | Q3: =IF(AND(ISNUMBER(I3),ISNUMBER(O3)),I3*O3,0) -> 1326.0014 | R3: =IFERROR(_xlfn.XLOOKUP($H3,'00_SKU_Master'!$B$2:$B$379,'00_SKU_Master'!$C$2:$C$379,""),"") -> 61062
B4: ='00_SKU_Master'!B359 -> 2051 | C4: 185 | H4: =B4 -> 2051 | I4: =SUM(C4:F4) -> 185 | J4: =SUMIF('13_Progress_Track'!$A$2:$A$108,B4,'13_Progress_Track'!$E$2:$E$108) -> 0 | K4: =I4-J4 -> 185 | N4: =IFERROR(_xlfn.XLOOKUP(B4,'00_SKU_Master'!$B$2:$B$379,'00_SKU_Master'!$E$2:$E$379,""),"") -> Drum | O4: =IFERROR(_xlfn.SINGLE(_xlfn.XLOOKUP(B4,'00_SKU_Master'!$B$2:$B$379,'00_SKU_Master'!$F$2:$F$379,0)),0) -> 10.945225 | P4: =IFERROR(_xlfn.XLOOKUP(N4,'00_Yield_Rates'!$B$2:$B$33,'00_Yield_Rates'!$E$2:$E$33,0)/100,0) -> 0.143 | Q4: =IF(AND(ISNUMBER(I4),ISNUMBER(O4)),I4*O4,0) -> 2024.8667 | R4: =IFERROR(_xlfn.XLOOKUP($H4,'00_SKU_Master'!$B$2:$B$379,'00_SKU_Master'!$C$2:$C$379,""),"") -> 61073
B5: ='00_SKU_Master'!B360 -> 2081 | C5: 83 | H5: =B5 -> 2081 | I5: =SUM(C5:F5) -> 83 | J5: =SUMIF('13_Progress_Track'!$A$2:$A$108,B5,'13_Progress_Track'!$E$2:$E$108) -> 0 | K5: =I5-J5 -> 83 | N5: =IFERROR(_xlfn.XLOOKUP(B5,'00_SKU_Master'!$B$2:$B$379,'00_SKU_Master'!$E$2:$E$379,""),"") -> Wing | O5: =IFERROR(_xlfn.SINGLE(_xlfn.XLOOKUP(B5,'00_SKU_Master'!$B$2:$B$379,'00_SKU_Master'!$F$2:$F$379,0)),0) -> 11.244537 | P5: =IFERROR(_xlfn.XLOOKUP(N5,'00_Yield_Rates'!$B$2:$B$33,'00_Yield_Rates'!$E$2:$E$33,0)/100,0) -> 0.108 | Q5: =IF(AND(ISNUMBER(I5),ISNUMBER(O5)),I5*O5,0) -> 933.29661 | R5: =IFERROR(_xlfn.XLOOKUP($H5,'00_SKU_Master'!$B$2:$B$379,'00_SKU_Master'!$C$2:$C$379,""),"") -> 61018
B6: ='00_SKU_Master'!B361 -> 7113 | C6: 0 | H6: =B6 -> 7113 | I6: =SUM(C6:F6) -> 0 | J6: =SUMIF('13_Progress_Track'!$A$2:$A$108,B6,'13_Progress_Track'!$E$2:$E$108) -> 0 | K6: =I6-J6 -> 0 | N6: =IFERROR(_xlfn.XLOOKUP(B6,'00_SKU_Master'!$B$2:$B$379,'00_SKU_Master'!$E$2:$E$379,""),"") -> 0 | O6: =IFERROR(_xlfn.SINGLE(_xlfn.XLOOKUP(B6,'00_SKU_Master'!$B$2:$B$379,'00_SKU_Master'!$F$2:$F$379,0)),0) -> 12.853 | P6: =IFERROR(_xlfn.XLOOKUP(N6,'00_Yield_Rates'!$B$2:$B$33,'00_Yield_Rates'!$E$2:$E$33,0)/100,0) -> 0 | Q6: =IF(AND(ISNUMBER(I6),ISNUMBER(O6)),I6*O6,0) -> 0 | R6: =IFERROR(_xlfn.XLOOKUP($H6,'00_SKU_Master'!$B$2:$B$379,'00_SKU_Master'!$C$2:$C$379,""),"") -> W-Chicken
B7: ='00_SKU_Master'!B362 -> 200179 | C7: 0 | H7: =B7 -> 200179 | I7: =SUM(C7:F7) -> 0 | J7: =SUMIF('13_Progress_Track'!$A$2:$A$108,B7,'13_Progress_Track'!$E$2:$E$108) -> 0 | K7: =I7-J7 -> 0 | N7: =IFERROR(_xlfn.XLOOKUP(B7,'00_SKU_Master'!$B$2:$B$379,'00_SKU_Master'!$E$2:$E$379,""),"") -> BA | O7: =IFERROR(_xlfn.SINGLE(_xlfn.XLOOKUP(B7,'00_SKU_Master'!$B$2:$B$379,'00_SKU_Master'!$F$2:$F$379,0)),0) -> 0 | P7: =IFERROR(_xlfn.XLOOKUP(N7,'00_Yield_Rates'!$B$2:$B$33,'00_Yield_Rates'!$E$2:$E$33,0)/100,0) -> 0.47 | Q7: =IF(AND(ISNUMBER(I7),ISNUMBER(O7)),I7*O7,0) -> 0 | R7: =IFERROR(_xlfn.XLOOKUP($H7,'00_SKU_Master'!$B$2:$B$379,'00_SKU_Master'!$C$2:$C$379,""),"") -> 61062
B8: ='00_SKU_Master'!B363 -> 200182 | C8: 35 | H8: =B8 -> 200182 | I8: =SUM(C8:F8) -> 35 | J8: =SUMIF('13_Progress_Track'!$A$2:$A$108,B8,'13_Progress_Track'!$E$2:$E$108) -> 0 | K8: =I8-J8 -> 35 | N8: =IFERROR(_xlfn.XLOOKUP(B8,'00_SKU_Master'!$B$2:$B$379,'00_SKU_Master'!$E$2:$E$379,""),"") -> Wing | O8: =IFERROR(_xlfn.SINGLE(_xlfn.XLOOKUP(B8,'00_SKU_Master'!$B$2:$B$379,'00_SKU_Master'!$F$2:$F$379,0)),0) -> 9.9302222 | P8: =IFERROR(_xlfn.XLOOKUP(N8,'00_Yield_Rates'!$B$2:$B$33,'00_Yield_Rates'!$E$2:$E$33,0)/100,0) -> 0.108 | Q8: =IF(AND(ISNUMBER(I8),ISNUMBER(O8)),I8*O8,0) -> 347.55778 | R8: =IFERROR(_xlfn.XLOOKUP($H8,'00_SKU_Master'!$B$2:$B$379,'00_SKU_Master'!$C$2:$C$379,""),"") -> 61018
B9: ='00_SKU_Master'!B364 -> 200183 | C9: 36 | H9: =B9 -> 200183 | I9: =SUM(C9:F9) -> 36 | J9: =SUMIF('13_Progress_Track'!$A$2:$A$108,B9,'13_Progress_Track'!$E$2:$E$108) -> 0 | K9: =I9-J9 -> 36 | N9: =IFERROR(_xlfn.XLOOKUP(B9,'00_SKU_Master'!$B$2:$B$379,'00_SKU_Master'!$E$2:$E$379,""),"") -> BA | O9: =IFERROR(_xlfn.SINGLE(_xlfn.XLOOKUP(B9,'00_SKU_Master'!$B$2:$B$379,'00_SKU_Master'!$F$2:$F$379,0)),0) -> 9.0926639 | P9: =IFERROR(_xlfn.XLOOKUP(N9,'00_Yield_Rates'!$B$2:$B$33,'00_Yield_Rates'!$E$2:$E$33,0)/100,0) -> 0.47 | Q9: =IF(AND(ISNUMBER(I9),ISNUMBER(O9)),I9*O9,0) -> 327.3359 | R9: =IFERROR(_xlfn.XLOOKUP($H9,'00_SKU_Master'!$B$2:$B$379,'00_SKU_Master'!$C$2:$C$379,""),"") -> 61062
B10: ='00_SKU_Master'!B365 -> 200184 | C10: 34 | H10: =B10 -> 200184 | I10: =SUM(C10:F10) -> 34 | J10: =SUMIF('13_Progress_Track'!$A$2:$A$108,B10,'13_Progress_Track'!$E$2:$E$108) -> 0 | K10: =I10-J10 -> 34 | N10: =IFERROR(_xlfn.XLOOKUP(B10,'00_SKU_Master'!$B$2:$B$379,'00_SKU_Master'!$E$2:$E$379,""),"") -> 0 | O10: =IFERROR(_xlfn.SINGLE(_xlfn.XLOOKUP(B10,'00_SKU_Master'!$B$2:$B$379,'00_SKU_Master'!$F$2:$F$379,0)),0) -> 8.982093 | P10: =IFERROR(_xlfn.XLOOKUP(N10,'00_Yield_Rates'!$B$2:$B$33,'00_Yield_Rates'!$E$2:$E$33,0)/100,0) -> 0 | Q10: =IF(AND(ISNUMBER(I10),ISNUMBER(O10)),I10*O10,0) -> 305.39116 | R10: =IFERROR(_xlfn.XLOOKUP($H10,'00_SKU_Master'!$B$2:$B$379,'00_SKU_Master'!$C$2:$C$379,""),"") -> 61073
B11: ='00_SKU_Master'!B366 -> 2511 | C11: 0 | H11: =B11 -> 2511 | I11: =SUM(C11:F11) -> 0 | J11: =SUMIF('13_Progress_Track'!$A$2:$A$108,B11,'13_Progress_Track'!$E$2:$E$108) -> 0 | K11: =I11-J11 -> 0 | N11: =IFERROR(_xlfn.XLOOKUP(B11,'00_SKU_Master'!$B$2:$B$379,'00_SKU_Master'!$E$2:$E$379,""),"") -> Wing | O11: =IFERROR(_xlfn.SINGLE(_xlfn.XLOOKUP(B11,'00_SKU_Master'!$B$2:$B$379,'00_SKU_Master'!$F$2:$F$379,0)),0) -> 14 | P11: =IFERROR(_xlfn.XLOOKUP(N11,'00_Yield_Rates'!$B$2:$B$33,'00_Yield_Rates'!$E$2:$E$33,0)/100,0) -> 0.108 | Q11: =IF(AND(ISNUMBER(I11),ISNUMBER(O11)),I11*O11,0) -> 0 | R11: =IFERROR(_xlfn.XLOOKUP($H11,'00_SKU_Master'!$B$2:$B$379,'00_SKU_Master'!$C$2:$C$379,""),"") -> 61014B
B12: ='00_SKU_Master'!B367 -> 1077 | C12: 0 | H12: =B12 -> 1077 | I12: =SUM(C12:F12) -> 0 | J12: =SUMIF('13_Progress_Track'!$A$2:$A$108,B12,'13_Progress_Track'!$E$2:$E$108) -> 0 | K12: =I12-J12 -> 0 | N12: =IFERROR(_xlfn.XLOOKUP(B12,'00_SKU_Master'!$B$2:$B$379,'00_SKU_Master'!$E$2:$E$379,""),"") -> 0 | O12: =IFERROR(_xlfn.SINGLE(_xlfn.XLOOKUP(B12,'00_SKU_Master'!$B$2:$B$379,'00_SKU_Master'!$F$2:$F$379,0)),0) -> 0 | P12: =IFERROR(_xlfn.XLOOKUP(N12,'00_Yield_Rates'!$B$2:$B$33,'00_Yield_Rates'!$E$2:$E$33,0)/100,0) -> 0 | Q12: =IF(AND(ISNUMBER(I12),ISNUMBER(O12)),I12*O12,0) -> 0 | R12: =IFERROR(_xlfn.XLOOKUP($H12,'00_SKU_Master'!$B$2:$B$379,'00_SKU_Master'!$C$2:$C$379,""),"") -> 0
B13: ='00_SKU_Master'!B368 -> 1078 | C13: 0 | H13: =B13 -> 1078 | I13: =SUM(C13:F13) -> 0 | J13: =SUMIF('13_Progress_Track'!$A$2:$A$108,B13,'13_Progress_Track'!$E$2:$E$108) -> 0 | K13: =I13-J13 -> 0 | N13: =IFERROR(_xlfn.XLOOKUP(B13,'00_SKU_Master'!$B$2:$B$379,'00_SKU_Master'!$E$2:$E$379,""),"") -> 0 | O13: =IFERROR(_xlfn.SINGLE(_xlfn.XLOOKUP(B13,'00_SKU_Master'!$B$2:$B$379,'00_SKU_Master'!$F$2:$F$379,0)),0) -> 0 | P13: =IFERROR(_xlfn.XLOOKUP(N13,'00_Yield_Rates'!$B$2:$B$33,'00_Yield_Rates'!$E$2:$E$33,0)/100,0) -> 0 | Q13: =IF(AND(ISNUMBER(I13),ISNUMBER(O13)),I13*O13,0) -> 0 | R13: =IFERROR(_xlfn.XLOOKUP($H13,'00_SKU_Master'!$B$2:$B$379,'00_SKU_Master'!$C$2:$C$379,""),"") -> 0
B14: ='00_SKU_Master'!B369 -> 1080 | C14: 0 | H14: =B14 -> 1080 | I14: =SUM(C14:F14) -> 0 | J14: =SUMIF('13_Progress_Track'!$A$2:$A$108,B14,'13_Progress_Track'!$E$2:$E$108) -> 0 | K14: =I14-J14 -> 0 | N14: =IFERROR(_xlfn.XLOOKUP(B14,'00_SKU_Master'!$B$2:$B$379,'00_SKU_Master'!$E$2:$E$379,""),"") -> 0 | O14: =IFERROR(_xlfn.SINGLE(_xlfn.XLOOKUP(B14,'00_SKU_Master'!$B$2:$B$379,'00_SKU_Master'!$F$2:$F$379,0)),0) -> 0 | P14: =IFERROR(_xlfn.XLOOKUP(N14,'00_Yield_Rates'!$B$2:$B$33,'00_Yield_Rates'!$E$2:$E$33,0)/100,0) -> 0 | Q14: =IF(AND(ISNUMBER(I14),ISNUMBER(O14)),I14*O14,0) -> 0 | R14: =IFERROR(_xlfn.XLOOKUP($H14,'00_SKU_Master'!$B$2:$B$379,'00_SKU_Master'!$C$2:$C$379,""),"") -> 0
... B20: ='00_SKU_Master'!B375 -> 7176 | C20: 0 | H20: =B20 -> 7176 | I20: =SUM(C20:F20) -> 0 | J20: =SUMIF('13_Progress_Track'!$A$2:$A$108,B20,'13_Progress_Track'!$E$2:$E$108) -> 0 | K20: =I20-J20 -> 0 | N20: =IFERROR(_xlfn.XLOOKUP(B20,'00_SKU_Master'!$B$2:$B$379,'00_SKU_Master'!$E$2:$E$379,""),"") -> BA | O20: =IFERROR(_xlfn.SINGLE(_xlfn.XLOOKUP(B20,'00_SKU_Master'!$B$2:$B$379,'00_SKU_Master'!$F$2:$F$379,0)),0) -> 0 | P20: =IFERROR(_xlfn.XLOOKUP(N20,'00_Yield_Rates'!$B$2:$B$33,'00_Yield_Rates'!$E$2:$E$33,0)/100,0) -> 0.47 | Q20: =IF(AND(ISNUMBER(I20),ISNUMBER(O20)),I20*O20,0) -> 0 | R20: =IFERROR(_xlfn.XLOOKUP($H20,'00_SKU_Master'!$B$2:$B$379,'00_SKU_Master'!$C$2:$C$379,""),"") -> 61062

Sheet 05_Daily_Orders
B2: Description | C2: SKU | D2: Cases Ordered - Orginal | E2: Cases Added On | F2: Cases Completed | G2: Extra Cases Produced | H2: Cases Remaining | I2: WIP_Code | J2: WIP_kg | K2: Tray/Min | L2: Speed | M2: Category | N2: Today's Order
B3: =IF(C3="","",_xlfn.XLOOKUP(C3,'00_SKU_Master'!$B$2:$B$2000,'00_SKU_Master'!$J$2:$J$2000,"")) -> MS LCL BSHB PET8 PP | C3: {=_xlfn.SORTBY(_xlfn._xlws.FILTER('00_SKU_Master'!$B$2:$B$2000,('00_SKU_Master'!$A$2:$A$2000="Tray_Pack")*('00_SKU_Master'!$P$2:$P$2000="Y")),_xlfn._xlws.FILTER('00_SKU_Master'!$Q$2:$Q$2000,('00_SKU_Master'!$A$2:$A$2000="Tray_Pack")*('00_SKU_Master'!$P$2:$P$2000="Y")),1)} -> 260 | D3: =_xlfn.XLOOKUP(C3,'02_TrayPack_Order'!$B$3:$B$265,'02_TrayPack_Order'!$D$3:$D$265) -> 0 | E3: =_xlfn.XLOOKUP(C3,'02_TrayPack_Order'!$B$3:$B$265,'02_TrayPack_Order'!$M$3:$M$265,0) -> 0 | F3: =SUMIF('13_Progress_Track'!$A$2:$A$108,C3,'13_Progress_Track'!$E$2:$E$108) -> 0 | G3: =IF(F3>(D3+E3),(F3-(D3+E3)),0) -> 0 | H3: =IF(G3>0,0,D3+E3-F3) -> 0 | I3: =_xlfn.IFNA(_xlfn.XLOOKUP(C3,'00_SKU_Master'!$B$2:$B$2000,'00_SKU_Master'!$C$2:$C$2000),"") -> 61050#2 | J3: =IFERROR(_xlfn.XLOOKUP(C3,'00_SKU_Master'!$B$2:$B$2000,'00_SKU_Master'!$F$2:$F$2000,0)*N3,0) -> 0 | K3: =_xlfn.IFNA(_xlfn.XLOOKUP(C3,'00_SKU_Master'!$B$2:$B$2000,'00_SKU_Master'!$H$2:$H$2000,0),"") -> PET 8 | L3: =_xlfn.IFNA(_xlfn.XLOOKUP(C3,'00_SKU_Master'!$B$2:$B$2000,'00_SKU_Master'!$K$2:$K$2000,0),"") -> Fast | M3: =_xlfn.XLOOKUP(C3,'00_SKU_Master'!$B$2:$B$2000,'00_SKU_Master'!$D$2:$D$2000) -> LCL | N3: =IF((D3-F3)<0,0,D3-F3) -> 0
B4: =IF(C4="","",_xlfn.XLOOKUP(C4,'00_SKU_Master'!$B$2:$B$2000,'00_SKU_Master'!$J$2:$J$2000,"")) -> MS LEG BA ST | C4: 331 | D4: =_xlfn.XLOOKUP(C4,'02_TrayPack_Order'!$B$3:$B$265,'02_TrayPack_Order'!$D$3:$D$265) -> 10 | E4: =_xlfn.XLOOKUP(C4,'02_TrayPack_Order'!$B$3:$B$265,'02_TrayPack_Order'!$M$3:$M$265,0) -> 0 | F4: =SUMIF('13_Progress_Track'!$A$2:$A$108,C4,'13_Progress_Track'!$E$2:$E$108) -> 0 | G4: =IF(F4>(D4+E4),(F4-(D4+E4)),0) -> 0 | H4: =IF(G4>0,0,D4+E4-F4) -> 10 | I4: =_xlfn.IFNA(_xlfn.XLOOKUP(C4,'00_SKU_Master'!$B$2:$B$2000,'00_SKU_Master'!$C$2:$C$2000),"") -> 61061 | J4: =IFERROR(_xlfn.XLOOKUP(C4,'00_SKU_Master'!$B$2:$B$2000,'00_SKU_Master'!$F$2:$F$2000,0)*N4,0) -> 100.08899 | K4: =_xlfn.IFNA(_xlfn.XLOOKUP(C4,'00_SKU_Master'!$B$2:$B$2000,'00_SKU_Master'!$H$2:$H$2000,0),"") -> ST 3XP | L4: =_xlfn.IFNA(_xlfn.XLOOKUP(C4,'00_SKU_Master'!$B$2:$B$2000,'00_SKU_Master'!$K$2:$K$2000,0),"") -> Fast | M4: =_xlfn.XLOOKUP(C4,'00_SKU_Master'!$B$2:$B$2000,'00_SKU_Master'!$D$2:$D$2000) -> METRO | N4: =IF((D4-F4)<0,0,D4-F4) -> 10
B5: =IF(C5="","",_xlfn.XLOOKUP(C5,'00_SKU_Master'!$B$2:$B$2000,'00_SKU_Master'!$J$2:$J$2000,"")) -> PB HB ST | C5: 349 | D5: =_xlfn.XLOOKUP(C5,'02_TrayPack_Order'!$B$3:$B$265,'02_TrayPack_Order'!$D$3:$D$265) -> 0 | E5: =_xlfn.XLOOKUP(C5,'02_TrayPack_Order'!$B$3:$B$265,'02_TrayPack_Order'!$M$3:$M$265,0) -> 0 | F5: =SUMIF('13_Progress_Track'!$A$2:$A$108,C5,'13_Progress_Track'!$E$2:$E$108) -> 0 | G5: =IF(F5>(D5+E5),(F5-(D5+E5)),0) -> 0 | H5: =IF(G5>0,0,D5+E5-F5) -> 0 | I5: =_xlfn.IFNA(_xlfn.XLOOKUP(C5,'00_SKU_Master'!$B$2:$B$2000,'00_SKU_Master'!$C$2:$C$2000),"") -> 61040#2 | J5: =IFERROR(_xlfn.XLOOKUP(C5,'00_SKU_Master'!$B$2:$B$2000,'00_SKU_Master'!$F$2:$F$2000,0)*N5,0) -> 0 | K5: =_xlfn.IFNA(_xlfn.XLOOKUP(C5,'00_SKU_Master'!$B$2:$B$2000,'00_SKU_Master'!$H$2:$H$2000,0),"") -> ST 3XP | L5: =_xlfn.IFNA(_xlfn.XLOOKUP(C5,'00_SKU_Master'!$B$2:$B$2000,'00_SKU_Master'!$K$2:$K$2000,0),"") -> Fast | M5: =_xlfn.XLOOKUP(C5,'00_SKU_Master'!$B$2:$B$2000,'00_SKU_Master'!$D$2:$D$2000) -> FB | N5: =IF((D5-F5)<0,0,D5-F5) -> 0
B6: =IF(C6="","",_xlfn.XLOOKUP(C6,'00_SKU_Master'!$B$2:$B$2000,'00_SKU_Master'!$J$2:$J$2000,"")) -> MS BACK ST PP | C6: 484 | D6: =_xlfn.XLOOKUP(C6,'02_TrayPack_Order'!$B$3:$B$265,'02_TrayPack_Order'!$D$3:$D$265) -> 0 | E6: =_xlfn.XLOOKUP(C6,'02_TrayPack_Order'!$B$3:$B$265,'02_TrayPack_Order'!$M$3:$M$265,0) -> 28 | F6: =SUMIF('13_Progress_Track'!$A$2:$A$108,C6,'13_Progress_Track'!$E$2:$E$108) -> 0 | G6: =IF(F6>(D6+E6),(F6-(D6+E6)),0) -> 0 | H6: =IF(G6>0,0,D6+E6-F6) -> 28 | I6: =_xlfn.IFNA(_xlfn.XLOOKUP(C6,'00_SKU_Master'!$B$2:$B$2000,'00_SKU_Master'!$C$2:$C$2000),"") -> 61121 | J6: =IFERROR(_xlfn.XLOOKUP(C6,'00_SKU_Master'!$B$2:$B$2000,'00_SKU_Master'!$F$2:$F$2000,0)*N6,0) -> 0 | K6: =_xlfn.IFNA(_xlfn.XLOOKUP(C6,'00_SKU_Master'!$B$2:$B$2000,'00_SKU_Master'!$H$2:$H$2000,0),"") -> ST 3XP | L6: =_xlfn.IFNA(_xlfn.XLOOKUP(C6,'00_SKU_Master'!$B$2:$B$2000,'00_SKU_Master'!$K$2:$K$2000,0),"") -> Fast | M6: =_xlfn.XLOOKUP(C6,'00_SKU_Master'!$B$2:$B$2000,'00_SKU_Master'!$D$2:$D$2000) -> FB | N6: =IF((D6-F6)<0,0,D6-F6) -> 0
B7: =IF(C7="","",_xlfn.XLOOKUP(C7,'00_SKU_Master'!$B$2:$B$2000,'00_SKU_Master'!$J$2:$J$2000,"")) -> MS BSC BSTHIGH LT PP | C7: 784 | D7: =_xlfn.XLOOKUP(C7,'02_TrayPack_Order'!$B$3:$B$265,'02_TrayPack_Order'!$D$3:$D$265) -> 0 | E7: =_xlfn.XLOOKUP(C7,'02_TrayPack_Order'!$B$3:$B$265,'02_TrayPack_Order'!$M$3:$M$265,0) -> 85 | F7: =SUMIF('13_Progress_Track'!$A$2:$A$108,C7,'13_Progress_Track'!$E$2:$E$108) -> 0 | G7: =IF(F7>(D7+E7),(F7-(D7+E7)),0) -> 0 | H7: =IF(G7>0,0,D7+E7-F7) -> 85 | I7: =_xlfn.IFNA(_xlfn.XLOOKUP(C7,'00_SKU_Master'!$B$2:$B$2000,'00_SKU_Master'!$C$2:$C$2000),"") -> 61086#2 | J7: =IFERROR(_xlfn.XLOOKUP(C7,'00_SKU_Master'!$B$2:$B$2000,'00_SKU_Master'!$F$2:$F$2000,0)*N7,0) -> 0 | K7: =_xlfn.IFNA(_xlfn.XLOOKUP(C7,'00_SKU_Master'!$B$2:$B$2000,'00_SKU_Master'!$H$2:$H$2000,0),"") -> LT 8XP | L7: =_xlfn.IFNA(_xlfn.XLOOKUP(C7,'00_SKU_Master'!$B$2:$B$2000,'00_SKU_Master'!$K$2:$K$2000,0),"") -> Slow | M7: =_xlfn.XLOOKUP(C7,'00_SKU_Master'!$B$2:$B$2000,'00_SKU_Master'!$D$2:$D$2000) -> FB | N7: =IF((D7-F7)<0,0,D7-F7) -> 0
B8: =IF(C8="","",_xlfn.XLOOKUP(C8,'00_SKU_Master'!$B$2:$B$2000,'00_SKU_Master'!$J$2:$J$2000,"")) -> PB BSC HB FT PP 8/BOX | C8: 946 | D8: =_xlfn.XLOOKUP(C8,'02_TrayPack_Order'!$B$3:$B$265,'02_TrayPack_Order'!$D$3:$D$265) -> 0 | E8: =_xlfn.XLOOKUP(C8,'02_TrayPack_Order'!$B$3:$B$265,'02_TrayPack_Order'!$M$3:$M$265,0) -> 0 | F8: =SUMIF('13_Progress_Track'!$A$2:$A$108,C8,'13_Progress_Track'!$E$2:$E$108) -> 0 | G8: =IF(F8>(D8+E8),(F8-(D8+E8)),0) -> 0 | H8: =IF(G8>0,0,D8+E8-F8) -> 0 | I8: =_xlfn.IFNA(_xlfn.XLOOKUP(C8,'00_SKU_Master'!$B$2:$B$2000,'00_SKU_Master'!$C$2:$C$2000),"") -> 61040#2 | J8: =IFERROR(_xlfn.XLOOKUP(C8,'00_SKU_Master'!$B$2:$B$2000,'00_SKU_Master'!$F$2:$F$2000,0)*N8,0) -> 0 | K8: =_xlfn.IFNA(_xlfn.XLOOKUP(C8,'00_SKU_Master'!$B$2:$B$2000,'00_SKU_Master'!$H$2:$H$2000,0),"") -> LT 14D | L8: =_xlfn.IFNA(_xlfn.XLOOKUP(C8,'00_SKU_Master'!$B$2:$B$2000,'00_SKU_Master'!$K$2:$K$2000,0),"") -> Fast | M8: =_xlfn.XLOOKUP(C8,'00_SKU_Master'!$B$2:$B$2000,'00_SKU_Master'!$D$2:$D$2000) -> FB | N8: =IF((D8-F8)<0,0,D8-F8) -> 0
B9: =IF(C9="","",_xlfn.XLOOKUP(C9,'00_SKU_Master'!$B$2:$B$2000,'00_SKU_Master'!$J$2:$J$2000,"")) -> PB BSC DRUM FT PP | C9: 956 | D9: =_xlfn.XLOOKUP(C9,'02_TrayPack_Order'!$B$3:$B$265,'02_TrayPack_Order'!$D$3:$D$265) -> 0 | E9: =_xlfn.XLOOKUP(C9,'02_TrayPack_Order'!$B$3:$B$265,'02_TrayPack_Order'!$M$3:$M$265,0) -> 0 | F9: =SUMIF('13_Progress_Track'!$A$2:$A$108,C9,'13_Progress_Track'!$E$2:$E$108) -> 0 | G9: =IF(F9>(D9+E9),(F9-(D9+E9)),0) -> 0 | H9: =IF(G9>0,0,D9+E9-F9) -> 0 | I9: =_xlfn.IFNA(_xlfn.XLOOKUP(C9,'00_SKU_Master'!$B$2:$B$2000,'00_SKU_Master'!$C$2:$C$2000),"") -> 61072#2 | J9: =IFERROR(_xlfn.XLOOKUP(C9,'00_SKU_Master'!$B$2:$B$2000,'00_SKU_Master'!$F$2:$F$2000,0)*N9,0) -> 0 | K9: =_xlfn.IFNA(_xlfn.XLOOKUP(C9,'00_SKU_Master'!$B$2:$B$2000,'00_SKU_Master'!$H$2:$H$2000,0),"") -> LT 14D | L9: =_xlfn.IFNA(_xlfn.XLOOKUP(C9,'00_SKU_Master'!$B$2:$B$2000,'00_SKU_Master'!$K$2:$K$2000,0),"") -> Fast | M9: =_xlfn.XLOOKUP(C9,'00_SKU_Master'!$B$2:$B$2000,'00_SKU_Master'!$D$2:$D$2000) -> FB | N9: =IF((D9-F9)<0,0,D9-F9) -> 0
B10: =IF(C10="","",_xlfn.XLOOKUP(C10,'00_SKU_Master'!$B$2:$B$2000,'00_SKU_Master'!$J$2:$J$2000,"")) -> PB BSC THIGH FT PP | C10: 957 | D10: =_xlfn.XLOOKUP(C10,'02_TrayPack_Order'!$B$3:$B$265,'02_TrayPack_Order'!$D$3:$D$265) -> 0 | E10: =_xlfn.XLOOKUP(C10,'02_TrayPack_Order'!$B$3:$B$265,'02_TrayPack_Order'!$M$3:$M$265,0) -> 0 | F10: =SUMIF('13_Progress_Track'!$A$2:$A$108,C10,'13_Progress_Track'!$E$2:$E$108) -> 0 | G10: =IF(F10>(D10+E10),(F10-(D10+E10)),0) -> 0 | H10: =IF(G10>0,0,D10+E10-F10) -> 0 | I10: =_xlfn.IFNA(_xlfn.XLOOKUP(C10,'00_SKU_Master'!$B$2:$B$2000,'00_SKU_Master'!$C$2:$C$2000),"") -> 61082 | J10: =IFERROR(_xlfn.XLOOKUP(C10,'00_SKU_Master'!$B$2:$B$2000,'00_SKU_Master'!$F$2:$F$2000,0)*N10,0) -> 0 | K10: =_xlfn.IFNA(_xlfn.XLOOKUP(C10,'00_SKU_Master'!$B$2:$B$2000,'00_SKU_Master'!$H$2:$H$2000,0),"") -> LT 14D | L10: =_xlfn.IFNA(_xlfn.XLOOKUP(C10,'00_SKU_Master'!$B$2:$B$2000,'00_SKU_Master'!$K$2:$K$2000,0),"") -> Fast | M10: =_xlfn.XLOOKUP(C10,'00_SKU_Master'!$B$2:$B$2000,'00_SKU_Master'!$D$2:$D$2000) -> FB | N10: =IF((D10-F10)<0,0,D10-F10) -> 0
B11: =IF(C11="","",_xlfn.XLOOKUP(C11,'00_SKU_Master'!$B$2:$B$2000,'00_SKU_Master'!$J$2:$J$2000,"")) -> PB BACK ST | C11: 1023 | D11: =_xlfn.XLOOKUP(C11,'02_TrayPack_Order'!$B$3:$B$265,'02_TrayPack_Order'!$D$3:$D$265) -> 5 | E11: =_xlfn.XLOOKUP(C11,'02_TrayPack_Order'!$B$3:$B$265,'02_TrayPack_Order'!$M$3:$M$265,0) -> 0 | F11: =SUMIF('13_Progress_Track'!$A$2:$A$108,C11,'13_Progress_Track'!$E$2:$E$108) -> 0 | G11: =IF(F11>(D11+E11),(F11-(D11+E11)),0) -> 0 | H11: =IF(G11>0,0,D11+E11-F11) -> 5 | I11: =_xlfn.IFNA(_xlfn.XLOOKUP(C11,'00_SKU_Master'!$B$2:$B$2000,'00_SKU_Master'!$C$2:$C$2000),"") -> 61121 | J11: =IFERROR(_xlfn.XLOOKUP(C11,'00_SKU_Master'!$B$2:$B$2000,'00_SKU_Master'!$F$2:$F$2000,0)*N11,0) -> 46.850628 | K11: =_xlfn.IFNA(_xlfn.XLOOKUP(C11,'00_SKU_Master'!$B$2:$B$2000,'00_SKU_Master'!$H$2:$H$2000,0),"") -> ST 3XP | L11: =_xlfn.IFNA(_xlfn.XLOOKUP(C11,'00_SKU_Master'!$B$2:$B$2000,'00_SKU_Master'!$K$2:$K$2000,0),"") -> Fast | M11: =_xlfn.XLOOKUP(C11,'00_SKU_Master'!$B$2:$B$2000,'00_SKU_Master'!$D$2:$D$2000) -> METRO | N11: =IF((D11-F11)<0,0,D11-F11) -> 5
B12: =IF(C12="","",_xlfn.XLOOKUP(C12,'00_SKU_Master'!$B$2:$B$2000,'00_SKU_Master'!$J$2:$J$2000,"")) -> MS BSC FFTF BSHB AC 3D PP | C12: 1830 | D12: =_xlfn.XLOOKUP(C12,'02_TrayPack_Order'!$B$3:$B$265,'02_TrayPack_Order'!$D$3:$D$265) -> 59 | E12: =_xlfn.XLOOKUP(C12,'02_TrayPack_Order'!$B$3:$B$265,'02_TrayPack_Order'!$M$3:$M$265,0) -> 52 | F12: =SUMIF('13_Progress_Track'!$A$2:$A$108,C12,'13_Progress_Track'!$E$2:$E$108) -> 0 | G12: =IF(F12>(D12+E12),(F12-(D12+E12)),0) -> 0 | H12: =IF(G12>0,0,D12+E12-F12) -> 111 | I12: =_xlfn.IFNA(_xlfn.XLOOKUP(C12,'00_SKU_Master'!$B$2:$B$2000,'00_SKU_Master'!$C$2:$C$2000),"") -> 61050F | J12: =IFERROR(_xlfn.XLOOKUP(C12,'00_SKU_Master'!$B$2:$B$2000,'00_SKU_Master'!$F$2:$F$2000,0)*N12,0) -> 211.6175 | K12: =_xlfn.IFNA(_xlfn.XLOOKUP(C12,'00_SKU_Master'!$B$2:$B$2000,'00_SKU_Master'!$H$2:$H$2000,0),"") -> ST 3D | L12: =_xlfn.IFNA(_xlfn.XLOOKUP(C12,'00_SKU_Master'!$B$2:$B$2000,'00_SKU_Master'!$K$2:$K$2000,0),"") -> Fast | M12: =_xlfn.XLOOKUP(C12,'00_SKU_Master'!$B$2:$B$2000,'00_SKU_Master'!$D$2:$D$2000) -> FB | N12: =IF((D12-F12)<0,0,D12-F12) -> 59
B13: =IF(C13="","",_xlfn.XLOOKUP(C13,'00_SKU_Master'!$B$2:$B$2000,'00_SKU_Master'!$J$2:$J$2000,"")) -> MS BSC FFTF FRY WOG TI AC 3XP PP | C13: 1831 | D13: =_xlfn.XLOOKUP(C13,'02_TrayPack_Order'!$B$3:$B$265,'02_TrayPack_Order'!$D$3:$D$265) -> 110 | E13: =_xlfn.XLOOKUP(C13,'02_TrayPack_Order'!$B$3:$B$265,'02_TrayPack_Order'!$M$3:$M$265,0) -> 75 | F13: =SUMIF('13_Progress_Track'!$A$2:$A$108,C13,'13_Progress_Track'!$E$2:$E$108) -> 0 | G13: =IF(F13>(D13+E13),(F13-(D13+E13)),0) -> 0 | H13: =IF(G13>0,0,D13+E13-F13) -> 185 | I13: =_xlfn.IFNA(_xlfn.XLOOKUP(C13,'00_SKU_Master'!$B$2:$B$2000,'00_SKU_Master'!$C$2:$C$2000),"") -> 203021 | J13: =IFERROR(_xlfn.XLOOKUP(C13,'00_SKU_Master'!$B$2:$B$2000,'00_SKU_Master'!$F$2:$F$2000,0)*N13,0) -> 796.20151 | K13: =_xlfn.IFNA(_xlfn.XLOOKUP(C13,'00_SKU_Master'!$B$2:$B$2000,'00_SKU_Master'!$H$2:$H$2000,0),"") -> ST 3XP | L13: =_xlfn.IFNA(_xlfn.XLOOKUP(C13,'00_SKU_Master'!$B$2:$B$2000,'00_SKU_Master'!$K$2:$K$2000,0),"") -> Fast | M13: =_xlfn.XLOOKUP(C13,'00_SKU_Master'!$B$2:$B$2000,'00_SKU_Master'!$D$2:$D$2000) -> FB | N13: =IF((D13-F13)<0,0,D13-F13) -> 110
B14: =IF(C14="","",_xlfn.XLOOKUP(C14,'00_SKU_Master'!$B$2:$B$2000,'00_SKU_Master'!$J$2:$J$2000,"")) -> PB WING LT PP | C14: 1837 | D14: =_xlfn.XLOOKUP(C14,'02_TrayPack_Order'!$B$3:$B$265,'02_TrayPack_Order'!$D$3:$D$265) -> 0 | E14: =_xlfn.XLOOKUP(C14,'02_TrayPack_Order'!$B$3:$B$265,'02_TrayPack_Order'!$M$3:$M$265,0) -> 0 | F14: =SUMIF('13_Progress_Track'!$A$2:$A$108,C14,'13_Progress_Track'!$E$2:$E$108) -> 0 | G14: =IF(F14>(D14+E14),(F14-(D14+E14)),0) -> 0 | H14: =IF(G14>0,0,D14+E14-F14) -> 0 | I14: =_xlfn.IFNA(_xlfn.XLOOKUP(C14,'00_SKU_Master'!$B$2:$B$2000,'00_SKU_Master'!$C$2:$C$2000),"") -> 61010 | J14: =IFERROR(_xlfn.XLOOKUP(C14,'00_SKU_Master'!$B$2:$B$2000,'00_SKU_Master'!$F$2:$F$2000,0)*N14,0) -> 0 | K14: =_xlfn.IFNA(_xlfn.XLOOKUP(C14,'00_SKU_Master'!$B$2:$B$2000,'00_SKU_Master'!$H$2:$H$2000,0),"") -> LT 8XP | L14: =_xlfn.IFNA(_xlfn.XLOOKUP(C14,'00_SKU_Master'!$B$2:$B$2000,'00_SKU_Master'!$K$2:$K$2000,0),"") -> Fast | M14: =_xlfn.XLOOKUP(C14,'00_SKU_Master'!$B$2:$B$2000,'00_SKU_Master'!$D$2:$D$2000) -> FB | N14: =IF((D14-F14)<0,0,D14-F14) -> 0
B15: =IF(C15="","",_xlfn.XLOOKUP(C15,'00_SKU_Master'!$B$2:$B$2000,'00_SKU_Master'!$J$2:$J$2000,"")) -> MS MLF BSHB AC ST | C15: 1838 | D15: =_xlfn.XLOOKUP(C15,'02_TrayPack_Order'!$B$3:$B$265,'02_TrayPack_Order'!$D$3:$D$265) -> 0 | E15: =_xlfn.XLOOKUP(C15,'02_TrayPack_Order'!$B$3:$B$265,'02_TrayPack_Order'!$M$3:$M$265,0) -> 0 | F15: =SUMIF('13_Progress_Track'!$A$2:$A$108,C15,'13_Progress_Track'!$E$2:$E$108) -> 0 | G15: =IF(F15>(D15+E15),(F15-(D15+E15)),0) -> 0 | H15: =IF(G15>0,0,D15+E15-F15) -> 0 | I15: =_xlfn.IFNA(_xlfn.XLOOKUP(C15,'00_SKU_Master'!$B$2:$B$2000,'00_SKU_Master'!$C$2:$C$2000),"") -> 61050F | J15: =IFERROR(_xlfn.XLOOKUP(C15,'00_SKU_Master'!$B$2:$B$2000,'00_SKU_Master'!$F$2:$F$2000,0)*N15,0) -> 0 | K15: =_xlfn.IFNA(_xlfn.XLOOKUP(C15,'00_SKU_Master'!$B$2:$B$2000,'00_SKU_Master'!$H$2:$H$2000,0),"") -> ST 3D | L15: =_xlfn.IFNA(_xlfn.XLOOKUP(C15,'00_SKU_Master'!$B$2:$B$2000,'00_SKU_Master'!$K$2:$K$2000,0),"") -> Fast | M15: =_xlfn.XLOOKUP(C15,'00_SKU_Master'!$B$2:$B$2000,'00_SKU_Master'!$D$2:$D$2000) -> FB | N15: =IF((D15-F15)<0,0,D15-F15) -> 0
... B265: =IF(C265="","",_xlfn.XLOOKUP(C265,'00_SKU_Master'!$B$2:$B$2000,'00_SKU_Master'!$J$2:$J$2000,"")) -> MS ZH LCL FRY WOG AC TI BSK | C265: 207128 | D265: =_xlfn.XLOOKUP(C265,'02_TrayPack_Order'!$B$3:$B$265,'02_TrayPack_Order'!$D$3:$D$265) -> 0 | E265: =_xlfn.XLOOKUP(C265,'02_TrayPack_Order'!$B$3:$B$265,'02_TrayPack_Order'!$M$3:$M$265,0) -> 0 | F265: =SUMIF('13_Progress_Track'!$A$2:$A$108,C265,'13_Progress_Track'!$E$2:$E$108) -> 0 | G265: =IF(F265>(D265+E265),(F265-(D265+E265)),0) -> 0 | H265: =IF(G265>0,0,D265+E265-F265) -> 0 | I265: =_xlfn.IFNA(_xlfn.XLOOKUP(C265,'00_SKU_Master'!$B$2:$B$2000,'00_SKU_Master'!$C$2:$C$2000),"") -> 203021 | J265: =IFERROR(_xlfn.XLOOKUP(C265,'00_SKU_Master'!$B$2:$B$2000,'00_SKU_Master'!$F$2:$F$2000,0)*N265,0) -> 0 | K265: =_xlfn.IFNA(_xlfn.XLOOKUP(C265,'00_SKU_Master'!$B$2:$B$2000,'00_SKU_Master'!$H$2:$H$2000,0),"") -> ST 3XP | L265: =_xlfn.IFNA(_xlfn.XLOOKUP(C265,'00_SKU_Master'!$B$2:$B$2000,'00_SKU_Master'!$K$2:$K$2000,0),"") -> Fast | M265: =_xlfn.XLOOKUP(C265,'00_SKU_Master'!$B$2:$B$2000,'00_SKU_Master'!$D$2:$D$2000) -> LCL | N265: =IF((D265-F265)<0,0,D265-F265) -> 0
B266: =IF(C266="","",_xlfn.XLOOKUP(C266,'00_SKU_Master'!$B$2:$B$2000,'00_SKU_Master'!$J$2:$J$2000,"")) | D266: =_xlfn.XLOOKUP(C266,'02_TrayPack_Order'!$B$3:$B$265,'02_TrayPack_Order'!$D$3:$D$265) -> #N/A | E266: =_xlfn.XLOOKUP(C266,'02_TrayPack_Order'!$B$3:$B$265,'02_TrayPack_Order'!$M$3:$M$265,0) -> 0 | F266: =SUMIF('13_Progress_Track'!$A$2:$A$108,C266,'13_Progress_Track'!$E$2:$E$108) -> 0 | G266: =IF(F266>(D266+E266),(F266-(D266+E266)),0) -> #N/A | H266: =IF(G266>0,0,D266+E266-F266) -> #N/A | I266: =_xlfn.IFNA(_xlfn.XLOOKUP(C266,'00_SKU_Master'!$B$2:$B$2000,'00_SKU_Master'!$C$2:$C$2000),"") -> 0 | J266: =IFERROR(_xlfn.XLOOKUP(C266,'00_SKU_Master'!$B$2:$B$2000,'00_SKU_Master'!$F$2:$F$2000,0)*N266,0) -> 0 | K266: =_xlfn.IFNA(_xlfn.XLOOKUP(C266,'00_SKU_Master'!$B$2:$B$2000,'00_SKU_Master'!$H$2:$H$2000,0),"") -> 0 | L266: =_xlfn.IFNA(_xlfn.XLOOKUP(C266,'00_SKU_Master'!$B$2:$B$2000,'00_SKU_Master'!$K$2:$K$2000,0),"") -> 0 | M266: =_xlfn.XLOOKUP(C266,'00_SKU_Master'!$B$2:$B$2000,'00_SKU_Master'!$D$2:$D$2000) -> 0 | N266: =IF((D266-F266)<0,0,D266-F266) -> #N/A
B267: =IF(C267="","",_xlfn.XLOOKUP(C267,'00_SKU_Master'!$B$2:$B$2000,'00_SKU_Master'!$J$2:$J$2000,"")) | D267: =_xlfn.XLOOKUP(C267,'02_TrayPack_Order'!$B$3:$B$265,'02_TrayPack_Order'!$D$3:$D$265) -> #N/A | E267: =_xlfn.XLOOKUP(C267,'02_TrayPack_Order'!$B$3:$B$265,'02_TrayPack_Order'!$M$3:$M$265,0) -> 0 | F267: =SUMIF('13_Progress_Track'!$A$2:$A$108,C267,'13_Progress_Track'!$E$2:$E$108) -> 0 | G267: =IF(F267>(D267+E267),(F267-(D267+E267)),0) -> #N/A | H267: =IF(G267>0,0,D267+E267-F267) -> #N/A | I267: =_xlfn.IFNA(_xlfn.XLOOKUP(C267,'00_SKU_Master'!$B$2:$B$2000,'00_SKU_Master'!$C$2:$C$2000),"") -> 0 | J267: =IFERROR(_xlfn.XLOOKUP(C267,'00_SKU_Master'!$B$2:$B$2000,'00_SKU_Master'!$F$2:$F$2000,0)*N267,0) -> 0 | K267: =_xlfn.IFNA(_xlfn.XLOOKUP(C267,'00_SKU_Master'!$B$2:$B$2000,'00_SKU_Master'!$H$2:$H$2000,0),"") -> 0 | L267: =_xlfn.IFNA(_xlfn.XLOOKUP(C267,'00_SKU_Master'!$B$2:$B$2000,'00_SKU_Master'!$K$2:$K$2000,0),"") -> 0 | M267: =_xlfn.XLOOKUP(C267,'00_SKU_Master'!$B$2:$B$2000,'00_SKU_Master'!$D$2:$D$2000) -> 0 | N267: =IF((D267-F267)<0,0,D267-F267) -> #N/A
B268: =IF(C268="","",_xlfn.XLOOKUP(C268,'00_SKU_Master'!$B$2:$B$2000,'00_SKU_Master'!$J$2:$J$2000,"")) | D268: =_xlfn.XLOOKUP(C268,'02_TrayPack_Order'!$B$3:$B$265,'02_TrayPack_Order'!$D$3:$D$265) -> #N/A | E268: =_xlfn.XLOOKUP(C268,'02_TrayPack_Order'!$B$3:$B$265,'02_TrayPack_Order'!$M$3:$M$265,0) -> 0 | F268: =SUMIF('13_Progress_Track'!$A$2:$A$108,C268,'13_Progress_Track'!$E$2:$E$108) -> 0 | G268: =IF(F268>(D268+E268),(F268-(D268+E268)),0) -> #N/A | H268: =IF(G268>0,0,D268+E268-F268) -> #N/A | I268: =_xlfn.IFNA(_xlfn.XLOOKUP(C268,'00_SKU_Master'!$B$2:$B$2000,'00_SKU_Master'!$C$2:$C$2000),"") -> 0 | J268: =IFERROR(_xlfn.XLOOKUP(C268,'00_SKU_Master'!$B$2:$B$2000,'00_SKU_Master'!$F$2:$F$2000,0)*N268,0) -> 0 | K268: =_xlfn.IFNA(_xlfn.XLOOKUP(C268,'00_SKU_Master'!$B$2:$B$2000,'00_SKU_Master'!$H$2:$H$2000,0),"") -> 0 | L268: =_xlfn.IFNA(_xlfn.XLOOKUP(C268,'00_SKU_Master'!$B$2:$B$2000,'00_SKU_Master'!$K$2:$K$2000,0),"") -> 0 | M268: =_xlfn.XLOOKUP(C268,'00_SKU_Master'!$B$2:$B$2000,'00_SKU_Master'!$D$2:$D$2000) -> 0 | N268: =IF((D268-F268)<0,0,D268-F268) -> #N/A
B269: =IF(C269="","",_xlfn.XLOOKUP(C269,'00_SKU_Master'!$B$2:$B$2000,'00_SKU_Master'!$J$2:$J$2000,"")) | D269: =_xlfn.XLOOKUP(C269,'02_TrayPack_Order'!$B$3:$B$265,'02_TrayPack_Order'!$D$3:$D$265) -> #N/A | E269: =_xlfn.XLOOKUP(C269,'02_TrayPack_Order'!$B$3:$B$265,'02_TrayPack_Order'!$M$3:$M$265,0) -> 0 | F269: =SUMIF('13_Progress_Track'!$A$2:$A$108,C269,'13_Progress_Track'!$E$2:$E$108) -> 0 | G269: =IF(F269>(D269+E269),(F269-(D269+E269)),0) -> #N/A | H269: =IF(G269>0,0,D269+E269-F269) -> #N/A | I269: =_xlfn.IFNA(_xlfn.XLOOKUP(C269,'00_SKU_Master'!$B$2:$B$2000,'00_SKU_Master'!$C$2:$C$2000),"") -> 0 | J269: =IFERROR(_xlfn.XLOOKUP(C269,'00_SKU_Master'!$B$2:$B$2000,'00_SKU_Master'!$F$2:$F$2000,0)*N269,0) -> 0 | K269: =_xlfn.IFNA(_xlfn.XLOOKUP(C269,'00_SKU_Master'!$B$2:$B$2000,'00_SKU_Master'!$H$2:$H$2000,0),"") -> 0 | L269: =_xlfn.IFNA(_xlfn.XLOOKUP(C269,'00_SKU_Master'!$B$2:$B$2000,'00_SKU_Master'!$K$2:$K$2000,0),"") -> 0 | M269: =_xlfn.XLOOKUP(C269,'00_SKU_Master'!$B$2:$B$2000,'00_SKU_Master'!$D$2:$D$2000) -> 0 | N269: =IF((D269-F269)<0,0,D269-F269) -> #N/A
B270: =IF(C270="","",_xlfn.XLOOKUP(C270,'00_SKU_Master'!$B$2:$B$2000,'00_SKU_Master'!$J$2:$J$2000,"")) | D270: =_xlfn.XLOOKUP(C270,'02_TrayPack_Order'!$B$3:$B$265,'02_TrayPack_Order'!$D$3:$D$265) -> #N/A | E270: =_xlfn.XLOOKUP(C270,'02_TrayPack_Order'!$B$3:$B$265,'02_TrayPack_Order'!$M$3:$M$265,0) -> 0 | F270: =SUMIF('13_Progress_Track'!$A$2:$A$108,C270,'13_Progress_Track'!$E$2:$E$108) -> 0 | G270: =IF(F270>(D270+E270),(F270-(D270+E270)),0) -> #N/A | H270: =IF(G270>0,0,D270+E270-F270) -> #N/A | I270: =_xlfn.IFNA(_xlfn.XLOOKUP(C270,'00_SKU_Master'!$B$2:$B$2000,'00_SKU_Master'!$C$2:$C$2000),"") -> 0 | J270: =IFERROR(_xlfn.XLOOKUP(C270,'00_SKU_Master'!$B$2:$B$2000,'00_SKU_Master'!$F$2:$F$2000,0)*N270,0) -> 0 | K270: =_xlfn.IFNA(_xlfn.XLOOKUP(C270,'00_SKU_Master'!$B$2:$B$2000,'00_SKU_Master'!$H$2:$H$2000,0),"") -> 0 | L270: =_xlfn.IFNA(_xlfn.XLOOKUP(C270,'00_SKU_Master'!$B$2:$B$2000,'00_SKU_Master'!$K$2:$K$2000,0),"") -> 0 | M270: =_xlfn.XLOOKUP(C270,'00_SKU_Master'!$B$2:$B$2000,'00_SKU_Master'!$D$2:$D$2000) -> 0 | N270: =IF((D270-F270)<0,0,D270-F270) -> #N/A
B271: =IF(C271="","",_xlfn.XLOOKUP(C271,'00_SKU_Master'!$B$2:$B$2000,'00_SKU_Master'!$J$2:$J$2000,"")) | D271: =_xlfn.XLOOKUP(C271,'02_TrayPack_Order'!$B$3:$B$265,'02_TrayPack_Order'!$D$3:$D$265) -> #N/A | E271: =_xlfn.XLOOKUP(C271,'02_TrayPack_Order'!$B$3:$B$265,'02_TrayPack_Order'!$M$3:$M$265,0) -> 0 | F271: =SUMIF('13_Progress_Track'!$A$2:$A$108,C271,'13_Progress_Track'!$E$2:$E$108) -> 0 | G271: =IF(F271>(D271+E271),(F271-(D271+E271)),0) -> #N/A | H271: =IF(G271>0,0,D271+E271-F271) -> #N/A | I271: =_xlfn.IFNA(_xlfn.XLOOKUP(C271,'00_SKU_Master'!$B$2:$B$2000,'00_SKU_Master'!$C$2:$C$2000),"") -> 0 | J271: =IFERROR(_xlfn.XLOOKUP(C271,'00_SKU_Master'!$B$2:$B$2000,'00_SKU_Master'!$F$2:$F$2000,0)*N271,0) -> 0 | K271: =_xlfn.IFNA(_xlfn.XLOOKUP(C271,'00_SKU_Master'!$B$2:$B$2000,'00_SKU_Master'!$H$2:$H$2000,0),"") -> 0 | L271: =_xlfn.IFNA(_xlfn.XLOOKUP(C271,'00_SKU_Master'!$B$2:$B$2000,'00_SKU_Master'!$K$2:$K$2000,0),"") -> 0 | M271: =_xlfn.XLOOKUP(C271,'00_SKU_Master'!$B$2:$B$2000,'00_SKU_Master'!$D$2:$D$2000) -> 0 | N271: =IF((D271-F271)<0,0,D271-F271) -> #N/A

Sheet 06_Resource_Plan
B2: RAW_WIP_CODE | C2: Product_Group | D2: Opening_WIP_Case | E2: Opening_WIP_kg | G2: Supply# | H2: Cases of RAW Required | I2: Inventory | J2: Request
B3: 203021 | C3: =IFERROR(_xlfn.XLOOKUP(B3,'00_SKU_Master'!$B$2:$B$379,'00_SKU_Master'!$E$2:$E$379,""),"") | D3: =_xlfn.IFNA(_xlfn.XLOOKUP(B3,$G$3:$G$45,$I$3:$I$45),"0") -> 0 | E3: =D3*25 -> 0 | G3: 61086 | H3: 11 | I3: 0 | J3: 11
B4: 203041 | C4: =IFERROR(_xlfn.XLOOKUP(B4,'00_SKU_Master'!$B$2:$B$379,'00_SKU_Master'!$E$2:$E$379,""),"") | D4: =_xlfn.IFNA(_xlfn.XLOOKUP(B4,$G$3:$G$45,$I$3:$I$45),"0") -> 0 | E4: =D4*25 -> 0 | G4: 61072 | H4: 0 | I4: 0 | J4: 0
B5: 203135 | C5: =IFERROR(_xlfn.XLOOKUP(B5,'00_SKU_Master'!$B$2:$B$379,'00_SKU_Master'!$E$2:$E$379,""),"") | D5: =_xlfn.IFNA(_xlfn.XLOOKUP(B5,$G$3:$G$45,$I$3:$I$45),"0") -> 0 | E5: =D5*25 -> 0 | G5: 61050 | H5: 0 | I5: 0 | J5: 0
B6: 203136 | C6: =IFERROR(_xlfn.XLOOKUP(B6,'00_SKU_Master'!$B$2:$B$379,'00_SKU_Master'!$E$2:$E$379,""),"") | D6: =_xlfn.IFNA(_xlfn.XLOOKUP(B6,$G$3:$G$45,$I$3:$I$45),"0") -> 0 | E6: =D6*25 -> 0 | G6: 61014 | H6: 4 | I6: 34 | J6: -30
B7: 203151 | C7: =IFERROR(_xlfn.XLOOKUP(B7,'00_SKU_Master'!$B$2:$B$379,'00_SKU_Master'!$E$2:$E$379,""),"") | D7: =_xlfn.IFNA(_xlfn.XLOOKUP(B7,$G$3:$G$45,$I$3:$I$45),"0") -> 0 | E7: =D7*25 -> 0 | G7: 61040 | H7: 0 | I7: 0 | J7: 0
B8: 203152 | C8: =IFERROR(_xlfn.XLOOKUP(B8,'00_SKU_Master'!$B$2:$B$379,'00_SKU_Master'!$E$2:$E$379,""),"") | D8: =_xlfn.IFNA(_xlfn.XLOOKUP(B8,$G$3:$G$45,$I$3:$I$45),"0") -> 0 | E8: =D8*25 -> 0 | G8: 61048 | H8: 0 | I8: 0 | J8: 0
B9: 203891 | C9: =IFERROR(_xlfn.XLOOKUP(B9,'00_SKU_Master'!$B$2:$B$379,'00_SKU_Master'!$E$2:$E$379,""),"") -> 0 | D9: =_xlfn.IFNA(_xlfn.XLOOKUP(B9,$G$3:$G$45,$I$3:$I$45),"0") -> 65 | E9: =D9*25 -> 1625 | G9: 61077 | H9: 45 | I9: 10 | J9: 35
B10: 61010 | C10: =IFERROR(_xlfn.XLOOKUP(B10,'00_SKU_Master'!$B$2:$B$379,'00_SKU_Master'!$E$2:$E$379,""),"") -> Wing | D10: =_xlfn.IFNA(_xlfn.XLOOKUP(B10,$G$3:$G$45,$I$3:$I$45),"0") -> 0 | E10: =D10*25 -> 0 | G10: 61072F | H10: 5 | I10: 46 | J10: -41
B11: 61014 | C11: =IFERROR(_xlfn.XLOOKUP(B11,'00_SKU_Master'!$B$2:$B$379,'00_SKU_Master'!$E$2:$E$379,""),"") -> SplitWing | D11: =_xlfn.IFNA(_xlfn.XLOOKUP(B11,$G$3:$G$45,$I$3:$I$45),"0") -> 34 | E11: =D11*25 -> 850 | G11: 61086F | H11: 90 | I11: 117 | J11: -27
B12: 61014#2 | C12: =IFERROR(_xlfn.XLOOKUP(B12,'00_SKU_Master'!$B$2:$B$379,'00_SKU_Master'!$E$2:$E$379,""),"") -> SplitWing | D12: =_xlfn.IFNA(_xlfn.XLOOKUP(B12,$G$3:$G$45,$I$3:$I$45),"0") -> 0 | E12: =D12*25 -> 0 | G12: 61050F | H12: 30 | I12: 79 | J12: -49
B13: 61014B | C13: =IFERROR(_xlfn.XLOOKUP(B13,'00_SKU_Master'!$B$2:$B$379,'00_SKU_Master'!$E$2:$E$379,""),"") -> SplitWing | D13: =_xlfn.IFNA(_xlfn.XLOOKUP(B13,$G$3:$G$45,$I$3:$I$45),"0") -> 0 | E13: =D13*25 -> 0 | G13: 61054 | H13: 7 | I13: 4 | J13: 3
B14: 61014F | C14: =IFERROR(_xlfn.XLOOKUP(B14,'00_SKU_Master'!$B$2:$B$379,'00_SKU_Master'!$E$2:$E$379,""),"") -> SplitWing | D14: =_xlfn.IFNA(_xlfn.XLOOKUP(B14,$G$3:$G$45,$I$3:$I$45),"0") -> 0 | E14: =D14*25 -> 0 | G14: 61014F | H14: 0 | I14: 0 | J14: 0
B15: 61016 | C15: =IFERROR(_xlfn.XLOOKUP(B15,'00_SKU_Master'!$B$2:$B$379,'00_SKU_Master'!$E$2:$E$379,""),"") -> SplitWing | D15: =_xlfn.IFNA(_xlfn.XLOOKUP(B15,$G$3:$G$45,$I$3:$I$45),"0") -> 0 | E15: =D15*25 -> 0 | G15: 61061F | H15: 10 | I15: 0 | J15: 10
B16: 61018 | C16: =IFERROR(_xlfn.XLOOKUP(B16,'00_SKU_Master'!$B$2:$B$379,'00_SKU_Master'!$E$2:$E$379,""),"") -> Wing | D16: =_xlfn.IFNA(_xlfn.XLOOKUP(B16,$G$3:$G$45,$I$3:$I$45),"0") -> 0 | E16: =D16*25 -> 0 | G16: 61052 | H16: 0 | I16: 0 | J16: 0
B17: 61040 | C17: =IFERROR(_xlfn.XLOOKUP(B17,'00_SKU_Master'!$B$2:$B$379,'00_SKU_Master'!$E$2:$E$379,""),"") -> SplitBreast | D17: =_xlfn.IFNA(_xlfn.XLOOKUP(B17,$G$3:$G$45,$I$3:$I$45),"0") -> 0 | E17: =D17*25 -> 0 | G17: 61078 | H17: 131 | I17: 99 | J17: 32
B18: 61040#2 | C18: =IFERROR(_xlfn.XLOOKUP(B18,'00_SKU_Master'!$B$2:$B$379,'00_SKU_Master'!$E$2:$E$379,""),"") -> SplitBreast | D18: =_xlfn.IFNA(_xlfn.XLOOKUP(B18,$G$3:$G$45,$I$3:$I$45),"0") -> 0 | E18: =D18*25 -> 0 | G18: 61050C | H18: 419 | I18: 145 | J18: 274
B19: 61042 | C19: =IFERROR(_xlfn.XLOOKUP(B19,'00_SKU_Master'!$B$2:$B$379,'00_SKU_Master'!$E$2:$E$379,""),"") -> SplitBreast | D19: =_xlfn.IFNA(_xlfn.XLOOKUP(B19,$G$3:$G$45,$I$3:$I$45),"0") -> 0 | E19: =D19*25 -> 0 | G19: 61086C | H19: 57 | I19: 46 | J19: 11
B20: 61048 | C20: =IFERROR(_xlfn.XLOOKUP(B20,'00_SKU_Master'!$B$2:$B$379,'00_SKU_Master'!$E$2:$E$379,""),"") -> SplitBreast | D20: =_xlfn.IFNA(_xlfn.XLOOKUP(B20,$G$3:$G$45,$I$3:$I$45),"0") -> 0 | E20: =D20*25 -> 0 | G20: 61072C | H20: 0 | I20: 0 | J20: 0
B21: 61048#2 | C21: =IFERROR(_xlfn.XLOOKUP(B21,'00_SKU_Master'!$B$2:$B$379,'00_SKU_Master'!$E$2:$E$379,""),"") -> SplitBreast | D21: =_xlfn.IFNA(_xlfn.XLOOKUP(B21,$G$3:$G$45,$I$3:$I$45),"0") -> 19 | E21: =D21*25 -> 475 | G21: 61014C | H21: 0 | I21: 0 | J21: 0
B22: 61049 | C22: =IFERROR(_xlfn.XLOOKUP(B22,'00_SKU_Master'!$B$2:$B$379,'00_SKU_Master'!$E$2:$E$379,""),"") -> SplitBreast | D22: =_xlfn.IFNA(_xlfn.XLOOKUP(B22,$G$3:$G$45,$I$3:$I$45),"0") -> 0 | E22: =D22*25 -> 0 | G22: 61040#2 | H22: 0 | I22: 0 | J22: 0
B23: 61050 | C23: =IFERROR(_xlfn.XLOOKUP(B23,'00_SKU_Master'!$B$2:$B$379,'00_SKU_Master'!$E$2:$E$379,""),"") -> BSB | D23: =_xlfn.IFNA(_xlfn.XLOOKUP(B23,$G$3:$G$45,$I$3:$I$45),"0") -> 0 | E23: =D23*25 -> 0 | G23: 61048#2 | H23: 0 | I23: 19 | J23: -19
B24: 61050#2 | C24: =IFERROR(_xlfn.XLOOKUP(B24,'00_SKU_Master'!$B$2:$B$379,'00_SKU_Master'!$E$2:$E$379,""),"") -> BSB | D24: =_xlfn.IFNA(_xlfn.XLOOKUP(B24,$G$3:$G$45,$I$3:$I$45),"0") -> 113 | E24: =D24*25 -> 2825 | G24: 61050#2 | H24: 11 | I24: 113 | J24: -102
B25: 61050C | C25: =IFERROR(_xlfn.XLOOKUP(B25,'00_SKU_Master'!$B$2:$B$379,'00_SKU_Master'!$E$2:$E$379,""),"") -> BSB | D25: =_xlfn.IFNA(_xlfn.XLOOKUP(B25,$G$3:$G$45,$I$3:$I$45),"0") -> 145 | E25: =D25*25 -> 3625 | G25: 61061 | H25: 161 | I25: 63 | J25: 98
B26: 61050F | C26: =IFERROR(_xlfn.XLOOKUP(B26,'00_SKU_Master'!$B$2:$B$379,'00_SKU_Master'!$E$2:$E$379,""),"") -> BSB | D26: =_xlfn.IFNA(_xlfn.XLOOKUP(B26,$G$3:$G$45,$I$3:$I$45),"0") -> 79 | E26: =D26*25 -> 1975 | G26: 61082 | H26: 104 | I26: 66 | J26: 38
B27: 61051 | C27: =IFERROR(_xlfn.XLOOKUP(B27,'00_SKU_Master'!$B$2:$B$379,'00_SKU_Master'!$E$2:$E$379,""),"") -> BSB | D27: =_xlfn.IFNA(_xlfn.XLOOKUP(B27,$G$3:$G$45,$I$3:$I$45),"0") -> 0 | E27: =D27*25 -> 0 | G27: 61086#2 | H27: 12 | I27: 17 | J27: -5
B28: 61052 | C28: =IFERROR(_xlfn.XLOOKUP(B28,'00_SKU_Master'!$B$2:$B$379,'00_SKU_Master'!$E$2:$E$379,""),"") | D28: =_xlfn.IFNA(_xlfn.XLOOKUP(B28,$G$3:$G$45,$I$3:$I$45),"0") -> 0 | E28: =D28*25 -> 0 | G28: 61072#2 | H28: 0 | I28: 25 | J28: -25
B29: 61054 | C29: =IFERROR(_xlfn.XLOOKUP(B29,'00_SKU_Master'!$B$2:$B$379,'00_SKU_Master'!$E$2:$E$379,""),"") -> FILLET | D29: =_xlfn.IFNA(_xlfn.XLOOKUP(B29,$G$3:$G$45,$I$3:$I$45),"0") -> 4 | E29: =D29*25 -> 100 | G29: 61010 | H29: 10 | I29: 0 | J29: 10
B30: 61055 | C30: =IFERROR(_xlfn.XLOOKUP(B30,'00_SKU_Master'!$B$2:$B$379,'00_SKU_Master'!$E$2:$E$379,""),"") -> WOF | D30: =_xlfn.IFNA(_xlfn.XLOOKUP(B30,$G$3:$G$45,$I$3:$I$45),"0") -> 0 | E30: =D30*25 -> 0 | G30: 61104 | H30: 8 | I30: 8 | J30: 0
B31: 61061 | C31: =IFERROR(_xlfn.XLOOKUP(B31,'00_SKU_Master'!$B$2:$B$379,'00_SKU_Master'!$E$2:$E$379,""),"") -> BA | D31: =_xlfn.IFNA(_xlfn.XLOOKUP(B31,$G$3:$G$45,$I$3:$I$45),"0") -> 63 | E31: =D31*25 -> 1575 | G31: 61121 | H31: 2 | I31: 0 | J31: 2
B32: 61062 | C32: =IFERROR(_xlfn.XLOOKUP(B32,'00_SKU_Master'!$B$2:$B$379,'00_SKU_Master'!$E$2:$E$379,""),"") -> BA | D32: =_xlfn.IFNA(_xlfn.XLOOKUP(B32,$G$3:$G$45,$I$3:$I$45),"0") -> 1610 | E32: =D32 -> 1610 | G32: 61014#2 | H32: 0 | I32: 0 | J32: 0
B33: 61064 | C33: =IFERROR(_xlfn.XLOOKUP(B33,'00_SKU_Master'!$B$2:$B$379,'00_SKU_Master'!$E$2:$E$379,""),"") -> BSB | D33: =_xlfn.IFNA(_xlfn.XLOOKUP(B33,$G$3:$G$45,$I$3:$I$45),"0") -> 0 | E33: =D33*25 -> 0 | G33: 61055 | H33: 0 | I33: 0 | J33: 0
B34: 61069 | C34: =IFERROR(_xlfn.XLOOKUP(B34,'00_SKU_Master'!$B$2:$B$379,'00_SKU_Master'!$E$2:$E$379,""),"") -> BSB | D34: =_xlfn.IFNA(_xlfn.XLOOKUP(B34,$G$3:$G$45,$I$3:$I$45),"0") -> 0 | E34: =D34*25 -> 0 | G34: 203043 | H34: 91 | I34: 95 | J34: -4
B35: 61070 | C35: =IFERROR(_xlfn.XLOOKUP(B35,'00_SKU_Master'!$B$2:$B$379,'00_SKU_Master'!$E$2:$E$379,""),"") -> BSB | D35: =_xlfn.IFNA(_xlfn.XLOOKUP(B35,$G$3:$G$45,$I$3:$I$45),"0") -> 0 | E35: =D35*25 -> 0 | G35: 203891 | H35: 86 | I35: 65 | J35: 21
B36: 61071 | C36: =IFERROR(_xlfn.XLOOKUP(B36,'00_SKU_Master'!$B$2:$B$379,'00_SKU_Master'!$E$2:$E$379,""),"") | D36: =_xlfn.IFNA(_xlfn.XLOOKUP(B36,$G$3:$G$45,$I$3:$I$45),"0") -> 0 | E36: =D36*25 -> 0 | G36: 203044 | H36: 251 | I36: 245 | J36: 6
B37: 61072 | C37: =IFERROR(_xlfn.XLOOKUP(B37,'00_SKU_Master'!$B$2:$B$379,'00_SKU_Master'!$E$2:$E$379,""),"") -> Drum | D37: =_xlfn.IFNA(_xlfn.XLOOKUP(B37,$G$3:$G$45,$I$3:$I$45),"0") -> 0 | E37: =D37*25 -> 0 | G37: 203624 Fat ( 10 day ) | H37: 14 | I37: 0 | J37: 14
B38: 61072#2 | C38: =IFERROR(_xlfn.XLOOKUP(B38,'00_SKU_Master'!$B$2:$B$379,'00_SKU_Master'!$E$2:$E$379,""),"") -> Drum | D38: =_xlfn.IFNA(_xlfn.XLOOKUP(B38,$G$3:$G$45,$I$3:$I$45),"0") -> 25 | E38: =D38*25 -> 625 | G38: 423002 F Skin ( 273 day ) | H38: 150 | I38: 0 | J38: 150
B39: 61072F | C39: =IFERROR(_xlfn.XLOOKUP(B39,'00_SKU_Master'!$B$2:$B$379,'00_SKU_Master'!$E$2:$E$379,""),"") -> Drum | D39: =_xlfn.IFNA(_xlfn.XLOOKUP(B39,$G$3:$G$45,$I$3:$I$45),"0") -> 46 | E39: =D39*25 -> 1150 | G39: 61064 Cutlet by Pieces | H39: 240 | I39: 0 | J39: 240
B40: 61073 | C40: =IFERROR(_xlfn.XLOOKUP(B40,'00_SKU_Master'!$B$2:$B$379,'00_SKU_Master'!$E$2:$E$379,""),"") -> Drum | D40: =_xlfn.IFNA(_xlfn.XLOOKUP(B40,$G$3:$G$45,$I$3:$I$45),"0") -> 1292 | E40: =D40 -> 1292 | G40: 200089 Combo ( 10 day) | H40: 0 | I40: 0 | J40: 0
B41: 61074 | C41: =IFERROR(_xlfn.XLOOKUP(B41,'00_SKU_Master'!$B$2:$B$379,'00_SKU_Master'!$E$2:$E$379,""),"") -> Drum | D41: =_xlfn.IFNA(_xlfn.XLOOKUP(B41,$G$3:$G$45,$I$3:$I$45),"0") -> 0 | E41: =D41*25 -> 0 | G41: 203010 Fresh skin | H41: 0 | I41: 0 | J41: 0
B42: 61077 | C42: =IFERROR(_xlfn.XLOOKUP(B42,'00_SKU_Master'!$B$2:$B$379,'00_SKU_Master'!$E$2:$E$379,""),"") -> Thigh | D42: =_xlfn.IFNA(_xlfn.XLOOKUP(B42,$G$3:$G$45,$I$3:$I$45),"0") -> 10 | E42: =D42*25 -> 250 | G42: 61062 | H42: 0 | I42: 1610 | J42: 0
B43: 61077F | C43: =IFERROR(_xlfn.XLOOKUP(B43,'00_SKU_Master'!$B$2:$B$379,'00_SKU_Master'!$E$2:$E$379,""),"") -> Thigh | D43: =_xlfn.IFNA(_xlfn.XLOOKUP(B43,$G$3:$G$45,$I$3:$I$45),"0") -> 0 | E43: =D43*25 -> 0 | G43: 61073 | H43: 0 | I43: 1292 | J43: 0
B44: 61078 | C44: =IFERROR(_xlfn.XLOOKUP(B44,'00_SKU_Master'!$B$2:$B$379,'00_SKU_Master'!$E$2:$E$379,""),"") -> Thigh | D44: =_xlfn.IFNA(_xlfn.XLOOKUP(B44,$G$3:$G$45,$I$3:$I$45),"0") -> 99 | E44: =D44*25 -> 2475 | G44: 61018 | H44: 0 | I44: 0 | J44: 0
B45: 61079 | C45: =IFERROR(_xlfn.XLOOKUP(B45,'00_SKU_Master'!$B$2:$B$379,'00_SKU_Master'!$E$2:$E$379,""),"") -> Thigh | D45: =_xlfn.IFNA(_xlfn.XLOOKUP(B45,$G$3:$G$45,$I$3:$I$45),"0") -> 0 | E45: =D45*25 -> 0 | G45: 61014B | H45: 0 | I45: 0 | J45: 0
B46: 61082 | C46: =IFERROR(_xlfn.XLOOKUP(B46,'00_SKU_Master'!$B$2:$B$379,'00_SKU_Master'!$E$2:$E$379,""),"") -> Thigh | D46: =_xlfn.IFNA(_xlfn.XLOOKUP(B46,$G$3:$G$45,$I$3:$I$45),"0") -> 66 | E46: =D46*25 -> 1650
B47: 61086 | C47: =IFERROR(_xlfn.XLOOKUP(B47,'00_SKU_Master'!$B$2:$B$379,'00_SKU_Master'!$E$2:$E$379,""),"") -> ThighMeat | D47: =_xlfn.IFNA(_xlfn.XLOOKUP(B47,$G$3:$G$45,$I$3:$I$45),"0") -> 0 | E47: =D47*25 -> 0
B48: 61086#2 | C48: =IFERROR(_xlfn.XLOOKUP(B48,'00_SKU_Master'!$B$2:$B$379,'00_SKU_Master'!$E$2:$E$379,""),"") -> ThighMeat | D48: =_xlfn.IFNA(_xlfn.XLOOKUP(B48,$G$3:$G$45,$I$3:$I$45),"0") -> 17 | E48: =D48*25 -> 425
B49: 61086C | C49: =IFERROR(_xlfn.XLOOKUP(B49,'00_SKU_Master'!$B$2:$B$379,'00_SKU_Master'!$E$2:$E$379,""),"") -> ThighMeat | D49: =_xlfn.IFNA(_xlfn.XLOOKUP(B49,$G$3:$G$45,$I$3:$I$45),"0") -> 46 | E49: =D49*25 -> 1150
B50: 61086F | C50: =IFERROR(_xlfn.XLOOKUP(B50,'00_SKU_Master'!$B$2:$B$379,'00_SKU_Master'!$E$2:$E$379,""),"") -> ThighMeat | D50: =_xlfn.IFNA(_xlfn.XLOOKUP(B50,$G$3:$G$45,$I$3:$I$45),"0") -> 117 | E50: =D50*25 -> 2925
B51: 61087 | C51: =IFERROR(_xlfn.XLOOKUP(B51,'00_SKU_Master'!$B$2:$B$379,'00_SKU_Master'!$E$2:$E$379,""),"") -> ThighMeat | D51: =_xlfn.IFNA(_xlfn.XLOOKUP(B51,$G$3:$G$45,$I$3:$I$45),"0") -> 0 | E51: =D51*25 -> 0
B52: 61104 | C52: =IFERROR(_xlfn.XLOOKUP(B52,'00_SKU_Master'!$B$2:$B$379,'00_SKU_Master'!$E$2:$E$379,""),"") -> BSB | D52: =_xlfn.IFNA(_xlfn.XLOOKUP(B52,$G$3:$G$45,$I$3:$I$45),"0") -> 8 | E52: =D52*25 -> 200
B53: 61121 | C53: =IFERROR(_xlfn.XLOOKUP(B53,'00_SKU_Master'!$B$2:$B$379,'00_SKU_Master'!$E$2:$E$379,""),"") -> Backbone | D53: =_xlfn.IFNA(_xlfn.XLOOKUP(B53,$G$3:$G$45,$I$3:$I$45),"0") -> 0 | E53: =D53*25 -> 0

Sheet 12_Executive_Dash
B2: Cut up | D2: Tray pack | F2: Bagging
B3: Relese | C3: 0.26597222 | D3: Relese | E3: 0.26041667
B4: Strat | C4: 0.27152778 | D4: Strat | E4: 0.27083333
B5: Employees | C5: =SUM(E20,E21,E24) -> 0 | E5: =SUM(E22,E25) -> 0 | F5: Employees | G5: =E23 -> 0
B7: Cut Up / BulkPack | D7: Tray Pack | F7: Bagging
B8: Cages @ Start | C8: ='01_Cages_Plan'!F7 -> 67
B9: BulkPack Order | C9: =SUM('03_BulkPack_Order'!D3:D36) -> 1861 | D9: Total Order (cases) | E9: =SUM('05_Daily_Orders'!H3:H265) -> 11905 | F9: Total Order (cases) | G9: ='04_Bagging_Order'!C1 -> 570
B10: BulkPack Produced | D10: Produced (cases) | E10: =SUM('05_Daily_Orders'!F3:F271) -> 0 | F10: Produced (cases) | G10: ='04_Bagging_Order'!J1 -> 0
B11: BulkPack Remaining | C11: =C9-C10 -> 1861 | D11: Remaining (system) | E11: =E9-E10 -> 11905 | F11: Remaining (system) | G11: =G9-G10 -> 570
B12: Remaining (calc) | F12: Remaining (calc)
B13: Delta (sys-calc) | F13: Delta (sys-calc)
B14: Bird Cut (#)
B16: Bird/Mins (calc) | D16: Cases/H (calc) | F16: Cases/H (calc)
B18: Staffing (Request vs In)
B19: Dept | C19: Dept Code | D19: Request | E19: In | F19: Att%
B20: Cut Crew AM | C20: 1730 | F20: =IF(D20=0,"",E20/D20)
B21: Cone Line AM | C21: 1733 | F21: =IF(D21=0,"",E21/D21)
B22: Tray Pack AM | C22: 1740 | F22: =IF(D22=0,"",E22/D22)
B23: Bagging | C23: 1743 | F23: =IF(D23=0,"",E23/D23)
B24: Thigh Deboning Crew | C24: 1745 | F24: =IF(D24=0,"",E24/D24)
B25: Order Picking | C25: 1775 | F25: =IF(D25=0,"",E25/D25)
C26: Total | D26: =SUM(D20:D25) -> 0 | E26: =SUM(E20:E25) -> 0 | F26: =IF(D26=0,"",E26/D26)

Sheet 13_Progress_Track
A1: Code | B1: Description | C1: Planned | D1: Require | E1: Produced | F1: Diff | G1: Net WT | H1: Gross WT | I1: % Tare | J1: Under | K1: Over | L1: At Time

Sheet 14_Demand_Aggregation
A1: 14_Demand_Aggregation
A2: 自动汇总：TrayPack + BulkPack + Bagging 按 Product_Group
A4: Product_Group | B4: TrayPack_WIP_kg | C4: BulkPack_WIP_kg | D4: Bagging_WIP_kg | E4: Total_WIP_kg
A5: SplitBreast | B5: =SUMIF('02_TrayPack_Order'!$P$3:$P$300,A5,'02_TrayPack_Order'!$R$3:$R$300) -> 12443.227 | C5: =SUMIF('03_BulkPack_Order'!$K$3:$K$300,A5,'03_BulkPack_Order'!$N$3:$N$300) -> 0 | D5: =SUMIF('04_Bagging_Order'!$N$3:$N$300,A5,'04_Bagging_Order'!$Q$3:$Q$300) -> 0 | E5: =B5+C5+D5 -> 12443.227
A6: BSB | B6: =SUMIF('02_TrayPack_Order'!$P$3:$P$300,A6,'02_TrayPack_Order'!$R$3:$R$300) -> 22475.467 | C6: =SUMIF('03_BulkPack_Order'!$K$3:$K$300,A6,'03_BulkPack_Order'!$N$3:$N$300) -> 0 | D6: =SUMIF('04_Bagging_Order'!$N$3:$N$300,A6,'04_Bagging_Order'!$Q$3:$Q$300) -> 0 | E6: =B6+C6+D6 -> 22475.467
A7: Fillet | B7: =SUMIF('02_TrayPack_Order'!$P$3:$P$300,A7,'02_TrayPack_Order'!$R$3:$R$300) -> 168.66493 | C7: =SUMIF('03_BulkPack_Order'!$K$3:$K$300,A7,'03_BulkPack_Order'!$N$3:$N$300) -> 0 | D7: =SUMIF('04_Bagging_Order'!$N$3:$N$300,A7,'04_Bagging_Order'!$Q$3:$Q$300) -> 0 | E7: =B7+C7+D7 -> 168.66493
A8: Wing | B8: =SUMIF('02_TrayPack_Order'!$P$3:$P$300,A8,'02_TrayPack_Order'!$R$3:$R$300) -> 0 | C8: =SUMIF('03_BulkPack_Order'!$K$3:$K$300,A8,'03_BulkPack_Order'!$N$3:$N$300) -> 0 | D8: =SUMIF('04_Bagging_Order'!$N$3:$N$300,A8,'04_Bagging_Order'!$Q$3:$Q$300) -> 1280.8544 | E8: =B8+C8+D8 -> 1280.8544
A9: SplitWing | B9: =SUMIF('02_TrayPack_Order'!$P$3:$P$300,A9,'02_TrayPack_Order'!$R$3:$R$300) -> 3603.4696 | C9: =SUMIF('03_BulkPack_Order'!$K$3:$K$300,A9,'03_BulkPack_Order'!$N$3:$N$300) -> 8883 | D9: =SUMIF('04_Bagging_Order'!$N$3:$N$300,A9,'04_Bagging_Order'!$Q$3:$Q$300) -> 0 | E9: =B9+C9+D9 -> 12486.47
A10: BA | B10: =SUMIF('02_TrayPack_Order'!$P$3:$P$300,A10,'02_TrayPack_Order'!$R$3:$R$300) -> 4406.7682 | C10: =SUMIF('03_BulkPack_Order'!$K$3:$K$300,A10,'03_BulkPack_Order'!$N$3:$N$300) -> 7200 | D10: =SUMIF('04_Bagging_Order'!$N$3:$N$300,A10,'04_Bagging_Order'!$Q$3:$Q$300) -> 1653.3373 | E10: =B10+C10+D10 -> 13260.105
A11: Thigh | B11: =SUMIF('02_TrayPack_Order'!$P$3:$P$300,A11,'02_TrayPack_Order'!$R$3:$R$300) -> 8208.4333 | C11: =SUMIF('03_BulkPack_Order'!$K$3:$K$300,A11,'03_BulkPack_Order'!$N$3:$N$300) -> 1170 | D11: =SUMIF('04_Bagging_Order'!$N$3:$N$300,A11,'04_Bagging_Order'!$Q$3:$Q$300) -> 0 | E11: =B11+C11+D11 -> 9378.4333
A12: ThighMeat | B12: =SUMIF('02_TrayPack_Order'!$P$3:$P$300,A12,'02_TrayPack_Order'!$R$3:$R$300) -> 7074.6516 | C12: =SUMIF('03_BulkPack_Order'!$K$3:$K$300,A12,'03_BulkPack_Order'!$N$3:$N$300) -> 300 | D12: =SUMIF('04_Bagging_Order'!$N$3:$N$300,A12,'04_Bagging_Order'!$Q$3:$Q$300) -> 0 | E12: =B12+C12+D12 -> 7374.6516
A13: Drum | B13: =SUMIF('02_TrayPack_Order'!$P$3:$P$300,A13,'02_TrayPack_Order'!$R$3:$R$300) -> 4010.6402 | C13: =SUMIF('03_BulkPack_Order'!$K$3:$K$300,A13,'03_BulkPack_Order'!$N$3:$N$300) -> 16830 | D13: =SUMIF('04_Bagging_Order'!$N$3:$N$300,A13,'04_Bagging_Order'!$Q$3:$Q$300) -> 2024.8667 | E13: =B13+C13+D13 -> 22865.507
A14: Backbone | B14: =SUMIF('02_TrayPack_Order'!$P$3:$P$300,A14,'02_TrayPack_Order'!$R$3:$R$300) -> 263.62052 | C14: =SUMIF('03_BulkPack_Order'!$K$3:$K$300,A14,'03_BulkPack_Order'!$N$3:$N$300) -> 0 | D14: =SUMIF('04_Bagging_Order'!$N$3:$N$300,A14,'04_Bagging_Order'!$Q$3:$Q$300) -> 0 | E14: =B14+C14+D14 -> 263.62052
A15: WingTip | B15: =SUMIF('02_TrayPack_Order'!$P$3:$P$300,A15,'02_TrayPack_Order'!$R$3:$R$300) -> 0 | C15: =SUMIF('03_BulkPack_Order'!$K$3:$K$300,A15,'03_BulkPack_Order'!$N$3:$N$300) -> 0 | D15: =SUMIF('04_Bagging_Order'!$N$3:$N$300,A15,'04_Bagging_Order'!$Q$3:$Q$300) -> 0 | E15: =B15+C15+D15 -> 0
A16: Whole Bird-Small | B16: =SUMIF('02_TrayPack_Order'!$P$3:$P$300,A16,'02_TrayPack_Order'!$R$3:$R$300) -> 7856.6062 | C16: =SUMIF('03_BulkPack_Order'!$K$3:$K$300,A16,'03_BulkPack_Order'!$N$3:$N$300) -> 0 | D16: =SUMIF('04_Bagging_Order'!$N$3:$N$300,A16,'04_Bagging_Order'!$Q$3:$Q$300) -> 0 | E16: =B16+C16+D16 -> 7856.6062
A17: Whole Bird-Large | B17: =SUMIF('02_TrayPack_Order'!$P$3:$P$300,A17,'02_TrayPack_Order'!$R$3:$R$300) -> 0 | C17: =SUMIF('03_BulkPack_Order'!$K$3:$K$300,A17,'03_BulkPack_Order'!$N$3:$N$300) -> 0 | D17: =SUMIF('04_Bagging_Order'!$N$3:$N$300,A17,'04_Bagging_Order'!$Q$3:$Q$300) -> 0 | E17: =B17+C17+D17 -> 0
A18: GRAND TOTAL | B18: =SUM(B5:B17) -> 70511.549 | C18: =SUM(C5:C17) -> 34383 | D18: =SUM(D5:D17) -> 4959.0584 | E18: =SUM(E5:E17) -> 109853.61
A20: 说明：
A21: 本表使用 SUMIF 公式自动从三个源表汇总数据
A22: 源表：02_TrayPack_Order (P列=Product_Group, R列=WIP_kg)
A23: 源表：03_BulkPack_Order (K列=Product_Group, N列=WIP_kg)
A24: 源表：04_Bagging_Order (N列=Product_Group, Q列=WIP_kg)

Sheet 14_Production_Planning
A1: 14_Production_Planning — Short/Leftover 分析
A3: INPUT
A4: Cut Cages | B4: ='01_Cages_Plan'!C3 -> 265
A5: Cage Weight (kg) | B5: ='01_Cages_Plan'!C5 -> 680
A6: WOG Total (kg) | B6: =B4*B5 -> 180200
A8: YIELD PARAMETERS (from 00_Yield_Rates)
A9: Product_Group | B9: Yield % | C9: WOG Supply (kg) | D9: Level | E9: Group | F9: Notes
A10: SplitBreast | B10: =IFERROR(INDEX('00_Yield_Rates'!$E$2:$E$33,MATCH("SplitBreast",'00_Yield_Rates'!$B$2:$B$33,0))/100,0) -> 0.355 | C10: =$B$6*B10 -> 63971 | D10: 1 | E10: Breast | F10: 组件
A11: BSB | B11: =IFERROR(INDEX('00_Yield_Rates'!$E$2:$E$33,MATCH("BSB",'00_Yield_Rates'!$B$2:$B$33,0))/100,0) -> 0.235 | C11: =$B$6*B11 -> 42347 | D11: 2 | E11: Breast | F11: 从 SplitBreast 分解
A12: Fillet | B12: =IFERROR(INDEX('00_Yield_Rates'!$E$2:$E$33,MATCH("Fillet",'00_Yield_Rates'!$B$2:$B$33,0))/100,0) -> 0.045 | C12: =$B$6*B12 -> 8109 | D12: 2 | E12: Breast | F12: 从 SplitBreast 分解
A13: Wing | B13: =IFERROR(INDEX('00_Yield_Rates'!$E$2:$E$33,MATCH("Wing",'00_Yield_Rates'!$B$2:$B$33,0))/100,0) -> 0.108 | C13: =$B$6*B13 -> 19461.6 | D13: 1 | E13: Wing | F13: 组件
A14: SplitWing | B14: =IFERROR(INDEX('00_Yield_Rates'!$E$2:$E$33,MATCH("SplitWing",'00_Yield_Rates'!$B$2:$B$33,0))/100,0) -> 0.095 | C14: =$B$6*B14 -> 17119 | D14: 2 | E14: Wing | F14: 从 Wing 分解
A15: BA | B15: =IFERROR(INDEX('00_Yield_Rates'!$E$2:$E$33,MATCH("BA",'00_Yield_Rates'!$B$2:$B$33,0))/100,0) -> 0.47 | C15: =$B$6*B15 -> 84694 | D15: 1 | E15: LegBA | F15: 组件（整条腿）
A16: Thigh | B16: =IFERROR(INDEX('00_Yield_Rates'!$E$2:$E$33,MATCH("Thigh",'00_Yield_Rates'!$B$2:$B$33,0))/100,0) -> 0.175 | C16: =$B$6*B16 -> 31535 | D16: 2 | E16: Leg | F16: 从 BA 分解
A17: ThighMeat | B17: =IFERROR(INDEX('00_Yield_Rates'!$E$2:$E$33,MATCH("ThighMeat",'00_Yield_Rates'!$B$2:$B$33,0))/100,0) -> 0.115 | C17: =$B$6*B17 -> 20723 | D17: 3 | E17: Leg | F17: 从 Thigh 分解
A18: Drum | B18: =IFERROR(INDEX('00_Yield_Rates'!$E$2:$E$33,MATCH("Drum",'00_Yield_Rates'!$B$2:$B$33,0))/100,0) -> 0.143 | C18: =$B$6*B18 -> 25768.6 | D18: 2 | E18: Leg | F18: 从 BA 分解
A20: CONVERSION RATIOS (Yield-based approximation)
A21: Conversion | B21: Formula | C21: Value | D21: Meaning
A22: BSB_from_SplitBreast | B22: =B11/B10 -> 0.66197183 | C22: =B11/B10 -> 0.66197183 | D22: BSB kg / SplitBreast kg
A23: ThighMeat_from_Thigh | B23: =B17/B16 -> 0.65714286 | C23: =B17/B16 -> 0.65714286 | D23: ThighMeat kg / Thigh kg
A24: SplitWing_from_Wing | B24: =B14/B13 -> 0.87962963 | C24: =B14/B13 -> 0.87962963 | D24: SplitWing kg / Wing kg
A25: Thigh_from_BA | B25: =B16/B15 -> 0.37234043 | C25: =B16/B15 -> 0.37234043 | D25: BA Leg 中 Thigh 的比例
A26: Drum_from_BA | B26: =B18/B15 -> 0.30425532 | C26: =B18/B15 -> 0.30425532 | D26: BA Leg 中 Drum 的比例
A28: DEMAND BY PRODUCT_GROUP (TrayPack + BulkPack + Bagging)
A29: Product_Group | B29: TrayPack (kg) | C29: BulkPack (kg) | D29: Bagging (kg) | E29: Total Demand (kg) | F29: Opening WIP (kg) | G29: Target End WIP (kg) | H29: Target Add (kg) | I29: Net Need (kg)
A30: SplitBreast | B30: =IFERROR(INDEX('14_Demand_Aggregation'!$B$5:$B$88,MATCH(A30,'14_Demand_Aggregation'!$A$5:$A$88,0)),0) -> 12443.227 | C30: =IFERROR(INDEX('14_Demand_Aggregation'!$C$5:$C$88,MATCH(A30,'14_Demand_Aggregation'!$A$5:$A$88,0)),0) -> 0 | D30: =IFERROR(INDEX('14_Demand_Aggregation'!$D$5:$D$88,MATCH(A30,'14_Demand_Aggregation'!$A$5:$A$88,0)),0) -> 0 | E30: =B30+C30+D30 -> 12443.227 | F30: =SUMIF('06_Resource_Plan'!$C$3:$C$55,A30,'06_Resource_Plan'!$E$3:$E$55) -> 475 | G30: 1000 | H30: =MAX(0,G30-F30) -> 525 | I30: =MAX(0,E30+H30-F30) -> 12493.227
A31: BSB | B31: =IFERROR(INDEX('14_Demand_Aggregation'!$B$5:$B$88,MATCH(A31,'14_Demand_Aggregation'!$A$5:$A$88,0)),0) -> 22475.467 | C31: =IFERROR(INDEX('14_Demand_Aggregation'!$C$5:$C$88,MATCH(A31,'14_Demand_Aggregation'!$A$5:$A$88,0)),0) -> 0 | D31: =IFERROR(INDEX('14_Demand_Aggregation'!$D$5:$D$88,MATCH(A31,'14_Demand_Aggregation'!$A$5:$A$88,0)),0) -> 0 | E31: =B31+C31+D31 -> 22475.467 | F31: =SUMIF('06_Resource_Plan'!$C$3:$C$55,A31,'06_Resource_Plan'!$E$3:$E$55) -> 8625 | G31: 10000 | H31: =MAX(0,G31-F31) -> 1375 | I31: =MAX(0,E31+H31-F31) -> 15225.467
A32: Fillet | B32: =IFERROR(INDEX('14_Demand_Aggregation'!$B$5:$B$88,MATCH(A32,'14_Demand_Aggregation'!$A$5:$A$88,0)),0) -> 168.66493 | C32: =IFERROR(INDEX('14_Demand_Aggregation'!$C$5:$C$88,MATCH(A32,'14_Demand_Aggregation'!$A$5:$A$88,0)),0) -> 0 | D32: =IFERROR(INDEX('14_Demand_Aggregation'!$D$5:$D$88,MATCH(A32,'14_Demand_Aggregation'!$A$5:$A$88,0)),0) -> 0 | E32: =B32+C32+D32 -> 168.66493 | F32: =SUMIF('06_Resource_Plan'!$C$3:$C$55,A32,'06_Resource_Plan'!$E$3:$E$55) -> 100 | G32: 0 | H32: =MAX(0,G32-F32) -> 0 | I32: =MAX(0,E32+H32-F32) -> 68.66493
A33: Wing | B33: =IFERROR(INDEX('14_Demand_Aggregation'!$B$5:$B$88,MATCH(A33,'14_Demand_Aggregation'!$A$5:$A$88,0)),0) -> 0 | C33: =IFERROR(INDEX('14_Demand_Aggregation'!$C$5:$C$88,MATCH(A33,'14_Demand_Aggregation'!$A$5:$A$88,0)),0) -> 0 | D33: =IFERROR(INDEX('14_Demand_Aggregation'!$D$5:$D$88,MATCH(A33,'14_Demand_Aggregation'!$A$5:$A$88,0)),0) -> 1280.8544 | E33: =B33+C33+D33 -> 1280.8544 | F33: =SUMIF('06_Resource_Plan'!$C$3:$C$55,A33,'06_Resource_Plan'!$E$3:$E$55) -> 0 | G33: 200 | H33: =MAX(0,G33-F33) -> 200 | I33: =MAX(0,E33+H33-F33) -> 1480.8544
A34: SplitWing | B34: =IFERROR(INDEX('14_Demand_Aggregation'!$B$5:$B$88,MATCH(A34,'14_Demand_Aggregation'!$A$5:$A$88,0)),0) -> 3603.4696 | C34: =IFERROR(INDEX('14_Demand_Aggregation'!$C$5:$C$88,MATCH(A34,'14_Demand_Aggregation'!$A$5:$A$88,0)),0) -> 8883 | D34: =IFERROR(INDEX('14_Demand_Aggregation'!$D$5:$D$88,MATCH(A34,'14_Demand_Aggregation'!$A$5:$A$88,0)),0) -> 0 | E34: =B34+C34+D34 -> 12486.47 | F34: =SUMIF('06_Resource_Plan'!$C$3:$C$55,A34,'06_Resource_Plan'!$E$3:$E$55) -> 850 | G34: 2000 | H34: =MAX(0,G34-F34) -> 1150 | I34: =MAX(0,E34+H34-F34) -> 12786.47
A35: BA | B35: =IFERROR(INDEX('14_Demand_Aggregation'!$B$5:$B$88,MATCH(A35,'14_Demand_Aggregation'!$A$5:$A$88,0)),0) -> 4406.7682 | C35: =IFERROR(INDEX('14_Demand_Aggregation'!$C$5:$C$88,MATCH(A35,'14_Demand_Aggregation'!$A$5:$A$88,0)),0) -> 7200 | D35: =IFERROR(INDEX('14_Demand_Aggregation'!$D$5:$D$88,MATCH(A35,'14_Demand_Aggregation'!$A$5:$A$88,0)),0) -> 1653.3373 | E35: =B35+C35+D35 -> 13260.105 | F35: =SUMIF('06_Resource_Plan'!$C$3:$C$55,A35,'06_Resource_Plan'!$E$3:$E$55) -> 3185 | G35: 1500 | H35: =MAX(0,G35-F35) -> 0 | I35: =MAX(0,E35+H35-F35) -> 10075.105
A36: Thigh | B36: =IFERROR(INDEX('14_Demand_Aggregation'!$B$5:$B$88,MATCH(A36,'14_Demand_Aggregation'!$A$5:$A$88,0)),0) -> 8208.4333 | C36: =IFERROR(INDEX('14_Demand_Aggregation'!$C$5:$C$88,MATCH(A36,'14_Demand_Aggregation'!$A$5:$A$88,0)),0) -> 1170 | D36: =IFERROR(INDEX('14_Demand_Aggregation'!$D$5:$D$88,MATCH(A36,'14_Demand_Aggregation'!$A$5:$A$88,0)),0) -> 0 | E36: =B36+C36+D36 -> 9378.4333 | F36: =SUMIF('06_Resource_Plan'!$C$3:$C$55,A36,'06_Resource_Plan'!$E$3:$E$55) -> 4375 | G36: 4000 | H36: =MAX(0,G36-F36) -> 0 | I36: =MAX(0,E36+H36-F36) -> 5003.4333
A37: ThighMeat | B37: =IFERROR(INDEX('14_Demand_Aggregation'!$B$5:$B$88,MATCH(A37,'14_Demand_Aggregation'!$A$5:$A$88,0)),0) -> 7074.6516 | C37: =IFERROR(INDEX('14_Demand_Aggregation'!$C$5:$C$88,MATCH(A37,'14_Demand_Aggregation'!$A$5:$A$88,0)),0) -> 300 | D37: =IFERROR(INDEX('14_Demand_Aggregation'!$D$5:$D$88,MATCH(A37,'14_Demand_Aggregation'!$A$5:$A$88,0)),0) -> 0 | E37: =B37+C37+D37 -> 7374.6516 | F37: =SUMIF('06_Resource_Plan'!$C$3:$C$55,A37,'06_Resource_Plan'!$E$3:$E$55) -> 4500 | G37: 4000 | H37: =MAX(0,G37-F37) -> 0 | I37: =MAX(0,E37+H37-F37) -> 2874.6516
A38: Drum | B38: =IFERROR(INDEX('14_Demand_Aggregation'!$B$5:$B$88,MATCH(A38,'14_Demand_Aggregation'!$A$5:$A$88,0)),0) -> 4010.6402 | C38: =IFERROR(INDEX('14_Demand_Aggregation'!$C$5:$C$88,MATCH(A38,'14_Demand_Aggregation'!$A$5:$A$88,0)),0) -> 16830 | D38: =IFERROR(INDEX('14_Demand_Aggregation'!$D$5:$D$88,MATCH(A38,'14_Demand_Aggregation'!$A$5:$A$88,0)),0) -> 2024.8667 | E38: =B38+C38+D38 -> 22865.507 | F38: =SUMIF('06_Resource_Plan'!$C$3:$C$55,A38,'06_Resource_Plan'!$E$3:$E$55) -> 3067 | G38: 5000 | H38: =MAX(0,G38-F38) -> 1933 | I38: =MAX(0,E38+H38-F38) -> 21731.507
A39: TOTAL DEMAND | B39: =SUM(B30:B38) -> 62391.322 | C39: =SUM(C30:C38) -> 34383 | D39: =SUM(D30:D38) -> 4959.0584 | E39: =SUM(E30:E38) -> 101733.38 | F39: =SUM(F30:F38) -> 25177 | G39: =SUM(G30:G38) -> 27700 | H39: =SUM(H30:H38) -> 5183 | I39: =SUM(I30:I38) -> 81739.38
A41: TOTAL DEMAND | E41: =SUM(E30:E39) -> 203466.76
A43: POOL ANALYSIS (Component Conservation)
A45: BREAST POOL
A46: Item | B46: Value (kg) | C46: Formula | D46: Notes
A47: Supply (SplitBreast) | B47: =C10 -> 63971 | C47: WOG × Yield_SplitBreast | D47: 组件供应
A48: Net Need SplitBreast | B48: =I30 -> 12493.227 | C48: TrayPack + BulkPack + Bagging | D48: 最终品需求
A49: Net Need BSB | B49: =I31 -> 15225.467
A50: BSB → SplitBreast 消耗 | B50: =E31/C22 -> 33952.302 | C50: BSB_demand / BSB_from_SplitBreast | D50: 转换后消耗
A51: Total Consume | B51: =B48+B50 -> 46445.529 | C51: SplitBreast_final + BSB_消耗
A52: Gap (Supply - Consume) | B52: =B47-B51 -> 17525.471 | D52: 正=Leftover, 负=Short
A54: WING POOL
A55: Item | B55: Value (kg) | C55: Formula | D55: Notes
A56: Supply (Wing) | B56: =C13 -> 19461.6 | C56: WOG × Yield_Wing | D56: 组件供应
A57: Net Need Wing | B57: =I33 -> 1480.8544 | C57: Wing + WING (alias) | D57: 合并大小写
A58: Net Need SplitWing | B58: =I34 -> 12786.47
A59: SplitWing → Wing 消耗 | B59: =E34/C24 -> 14195.144 | C59: SplitWing_demand / SplitWing_from_Wing | D59: 转换后消耗
A60: Total Consume | B60: =B57+B59 -> 15675.999 | C60: Wing_final + SplitWing_消耗
A61: Gap (Supply - Consume) | B61: =B56-B60 -> 3785.6012 | D61: 正=Leftover, 负=Short
A63: LEG/BA POOL (互斥竞争)
A64: Item | B64: Value (kg) | C64: Formula | D64: Notes
A65: Supply (BA Leg) | B65: =C15 -> 84694 | C65: WOG × Yield_BA | D65: 整条腿供应
A66: Net Need BA | B66: =I35 -> 10075.105 | D66: BA 整条腿订单
A67: Net Need Thigh | B67: =I36 -> 5003.4333
A68: Net Need ThighMeat | B68: =I37 -> 2874.6516
A69: ThighMeat → Thigh 消耗 | B69: =E37/C23 -> 11222.296 | C69: ThighMeat_demand / ThighMeat_from_Thigh | D69: 转换后消耗
A70: Thigh 系总需求 | B70: =E36+B69 -> 20600.729 | C70: Thigh_final + ThighMeat_消耗
A71: Thigh 系需要 Leg | B71: =B70/C25 -> 55327.672 | C71: Thigh_demand / Thigh_from_BA | D71: 换算成整腿
A72: Net Need Drum | B72: =I38 -> 21731.507 | C72: Drum + DRUM (alias) | D72: 合并大小写
A73: Drum 需要 Leg | B73: =B72/C26 -> 71425.232 | C73: Drum_demand / Drum_from_BA | D73: 换算成整腿
A74: 分解消耗 Leg (瓶颈) | B74: =MAX(B71,B73) -> 71425.232 | C74: MAX(Thigh_leg, Drum_leg) | D74: 取较大值
A75: 剩余可做 BA | B75: =B65-B74 -> 13268.768 | C75: Supply - 分解消耗
A76: BA Gap | B76: =B75-B66 -> 3193.6621 | C76: 剩余 - BA_demand | D76: 正=Leftover
A77: Thigh 可用 | B77: =B74*C25 -> 26594.501 | C77: 分解 Leg × Thigh_from_BA
A78: Thigh Gap | B78: =B77-B70 -> 5993.7723 | C78: Thigh_可用 - Thigh_需求
A79: Drum 可用 | B79: =B74*C26 -> 21731.507 | C79: 分解 Leg × Drum_from_BA
A80: Drum Gap | B80: =B79-B72 -> 0 | C80: Drum_可用 - Drum_需求
A82: ═══ SUMMARY: SHORT / LEFTOVER ═══
A83: Pool / Product | B83: Gap (kg) | C83: Status | D83: Action
A84: Breast Pool | B84: =B52 -> 17525.471 | C84: =IF(B84>=0,"LEFTOVER","SHORT") -> LEFTOVER | D84: =IF(B84>=0,"可增加 BSB 订单","需减少 BSB/SplitBreast 订单") -> 可增加 BSB 订单
A85: Wing Pool | B85: =B61 -> 3785.6012 | C85: =IF(B85>=0,"LEFTOVER","SHORT") -> LEFTOVER | D85: =IF(B85>=0,"可增加 SplitWing 订单","需减少 Wing/SplitWing 订单") -> 可增加 SplitWing 订单
A86: BA | B86: =B76 -> 3193.6621 | C86: =IF(B86>=0,"LEFTOVER","SHORT") -> LEFTOVER | D86: =IF(B86>=0,"可增加 BA 订单","需减少 BA 或转产 Thigh/Drum") -> 可增加 BA 订单
A87: Thigh | B87: =B78 -> 5993.7723 | C87: =IF(B87>=0,"LEFTOVER","SHORT") -> LEFTOVER | D87: =IF(B87>=0,"可增加 Thigh/ThighMeat 订单","瓶颈：需增加 Cut Cages") -> 可增加 Thigh/ThighMeat 订单
A88: Drum | B88: =B80 -> 0 | C88: =IF(B88>=0,"LEFTOVER","SHORT") -> LEFTOVER | D88: =IF(B88>=0,"可增加 Drum 订单","需减少 Drum 订单") -> 可增加 Drum 订单
A90: 注：绿色背景 = LEFTOVER（供应剩余），红色背景 = SHORT（供应不足）
A92: ═══ 快速参考 ═══
A93: Cut Cages | B93: =B4 -> 265 | C93: cages
A94: WOG Total | B94: =B6 -> 180200 | C94: kg
A95: Total Demand | B95: =E39 -> 101733.38 | C95: kg
A96: 瓶颈产品 | B96: =IF(B87<0,"Thigh",IF(B85<0,"Wing",IF(B84<0,"Breast","无"))) -> 无

Sheet 15_5Day_Forecast
A1: RAW_WIP_CODE | B1: Product_Group | C1: Tray_Type | D1: Monday_WIP_kg | E1: Tuesday_WIP_kg | F1: Wednesday_WIP_kg | G1: Thursday_WIP_kg | H1: Friday_WIP_kg | I1: Saturday_WIP_kg | J1: Sunday_WIP_kg | K1: Total_WIP_kg | L1: Tray Pack Speed | M1: SKU | N1: Monday_STD | O1: Tuesday_STD | P1: Wednesday_STD | Q1: Thursday_STD | R1: Friday_STD | S1: Saturday_STD | T1: Sunday_STD | U1: Total_STD | V1: Customer | X1: SKU | Y1: Mon_Cases | Z1: Tuesday_Cases | AA1: Wednesday_Cases | AB1: Thursday_Cases | AC1: Friday_Cases | AD1: Saturday_Cases | AE1: Sunday_Cases | AF1: Total_Cases | AH1: SKU | AI1: Monday | AJ1: Tuesday | AK1: Wednesday | AL1: Thursday | AM1: Friday | AN1: Saturday | AO1: Sunday | AQ1: Order | AR1: Extra
A2: =_xlfn.XLOOKUP(X2,'00_SKU_Master'!$B$2:$B$379,'00_SKU_Master'!$C$2:$C$379) -> 61050#2 | B2: =_xlfn.XLOOKUP(X2,tblSKU[SKU],tblSKU[Product_Group]) -> BSB | C2: =_xlfn.XLOOKUP(X2,tblSKU[SKU],tblSKU[Tray_Type]) -> PET 8 | D2: =_xlfn.IFNA(_xlfn.XLOOKUP(X2,'00_SKU_Master'!$B$2:$B$379,'00_SKU_Master'!$F$2:$F$379,0)*Y2,"") -> 0 | E2: =_xlfn.IFNA(_xlfn.XLOOKUP(X2,'00_SKU_Master'!$B$2:$B$379,'00_SKU_Master'!$F$2:$F$379,0)*Z2,"") -> 0 | F2: =_xlfn.IFNA(_xlfn.XLOOKUP(X2,'00_SKU_Master'!$B$2:$B$379,'00_SKU_Master'!$F$2:$F$379,0)*AA2,"") -> 0 | G2: =_xlfn.IFNA(_xlfn.XLOOKUP(X2,'00_SKU_Master'!$B$2:$B$379,'00_SKU_Master'!$F$2:$F$379,0)*AB2,"") -> 0 | H2: =_xlfn.IFNA(_xlfn.XLOOKUP(X2,'00_SKU_Master'!$B$2:$B$379,'00_SKU_Master'!$F$2:$F$379,0)*AC2,"") -> 0 | I2: =_xlfn.IFNA(_xlfn.XLOOKUP(X2,'00_SKU_Master'!$B$2:$B$379,'00_SKU_Master'!$F$2:$F$379,0)*AD2,"") -> 0 | J2: =_xlfn.IFNA(_xlfn.XLOOKUP(X2,'00_SKU_Master'!$B$2:$B$379,'00_SKU_Master'!$F$2:$F$379,0)*AE2,"") -> 0 | K2: =SUM(D2:J2) -> 0 | L2: =_xlfn.XLOOKUP(X2,'00_SKU_Master'!$B$2:$B$379,'00_SKU_Master'!$K$2:$K$379) -> Fast | M2: =X2 -> 260 | N2: =IFERROR(D2/_xlfn.XLOOKUP($M2,'00_SKU_Master'!$B$2:$B$379,'00_SKU_Master'!$M$2:$M$379,0),"0") -> 0 | O2: =IFERROR(E2/_xlfn.XLOOKUP($M2,'00_SKU_Master'!$B$2:$B$379,'00_SKU_Master'!$M$2:$M$379,0),"0") -> 0 | P2: =IFERROR(F2/_xlfn.XLOOKUP($M2,'00_SKU_Master'!$B$2:$B$379,'00_SKU_Master'!$M$2:$M$379,0),"0") -> 0 | Q2: =IFERROR(G2/_xlfn.XLOOKUP($M2,'00_SKU_Master'!$B$2:$B$379,'00_SKU_Master'!$M$2:$M$379,0),"0") -> 0 | R2: =IFERROR(H2/_xlfn.XLOOKUP($M2,'00_SKU_Master'!$B$2:$B$379,'00_SKU_Master'!$M$2:$M$379,0),"0") -> 0 | S2: =IFERROR(I2/_xlfn.XLOOKUP($M2,'00_SKU_Master'!$B$2:$B$379,'00_SKU_Master'!$M$2:$M$379,0),"0") -> 0 | T2: =IFERROR(J2/_xlfn.XLOOKUP($M2,'00_SKU_Master'!$B$2:$B$379,'00_SKU_Master'!$M$2:$M$379,0),"0") -> 0 | U2: =SUM(N2:T2) -> 0 | V2: =_xlfn.XLOOKUP(M2,'00_SKU_Master'!$B$2:$B$379,'00_SKU_Master'!$D$2:$D$379) -> LCL | X2: ='05_Daily_Orders'!C3 -> 260 | Z2: 0 | AA2: 0 | AB2: 0 | AC2: 0 | AD2: 0 | AE2: 0 | AF2: =SUM(Y2:AE2) -> 0 | AH2: 2050 | AI2: 85 | AJ2: 120 | AK2: 88 | AL2: 120 | AM2: 125 | AN2: 0 | AO2: 44 | AQ2: 0 | AR2: 0 | AS2: =AR2-AQ2 -> 0
A3: =_xlfn.XLOOKUP(X3,'00_SKU_Master'!$B$2:$B$379,'00_SKU_Master'!$C$2:$C$379) -> 61061 | B3: =_xlfn.XLOOKUP(X3,tblSKU[SKU],tblSKU[Product_Group]) -> BA | C3: =_xlfn.XLOOKUP(X3,tblSKU[SKU],tblSKU[Tray_Type]) -> ST 3XP | D3: =_xlfn.IFNA(_xlfn.XLOOKUP(X3,'00_SKU_Master'!$B$2:$B$379,'00_SKU_Master'!$F$2:$F$379,0)*Y3,"") -> 0 | E3: =_xlfn.IFNA(_xlfn.XLOOKUP(X3,'00_SKU_Master'!$B$2:$B$379,'00_SKU_Master'!$F$2:$F$379,0)*Z3,"") -> 100.08899 | F3: =_xlfn.IFNA(_xlfn.XLOOKUP(X3,'00_SKU_Master'!$B$2:$B$379,'00_SKU_Master'!$F$2:$F$379,0)*AA3,"") -> 0 | G3: =_xlfn.IFNA(_xlfn.XLOOKUP(X3,'00_SKU_Master'!$B$2:$B$379,'00_SKU_Master'!$F$2:$F$379,0)*AB3,"") -> 200.17799 | H3: =_xlfn.IFNA(_xlfn.XLOOKUP(X3,'00_SKU_Master'!$B$2:$B$379,'00_SKU_Master'!$F$2:$F$379,0)*AC3,"") -> 0 | I3: =_xlfn.IFNA(_xlfn.XLOOKUP(X3,'00_SKU_Master'!$B$2:$B$379,'00_SKU_Master'!$F$2:$F$379,0)*AD3,"") -> 120.10679 | J3: =_xlfn.IFNA(_xlfn.XLOOKUP(X3,'00_SKU_Master'!$B$2:$B$379,'00_SKU_Master'!$F$2:$F$379,0)*AE3,"") -> 0 | K3: =SUM(D3:J3) -> 420.37378 | L3: =_xlfn.XLOOKUP(X3,'00_SKU_Master'!$B$2:$B$379,'00_SKU_Master'!$K$2:$K$379) -> Fast | M3: =X3 -> 331 | N3: =IFERROR(D3/_xlfn.XLOOKUP($M3,'00_SKU_Master'!$B$2:$B$379,'00_SKU_Master'!$M$2:$M$379,0),"0") -> 0 | O3: =IFERROR(E3/_xlfn.XLOOKUP($M3,'00_SKU_Master'!$B$2:$B$379,'00_SKU_Master'!$M$2:$M$379,0),"0") -> 3.0977714 | P3: =IFERROR(F3/_xlfn.XLOOKUP($M3,'00_SKU_Master'!$B$2:$B$379,'00_SKU_Master'!$M$2:$M$379,0),"0") -> 0 | Q3: =IFERROR(G3/_xlfn.XLOOKUP($M3,'00_SKU_Master'!$B$2:$B$379,'00_SKU_Master'!$M$2:$M$379,0),"0") -> 6.1955428 | R3: =IFERROR(H3/_xlfn.XLOOKUP($M3,'00_SKU_Master'!$B$2:$B$379,'00_SKU_Master'!$M$2:$M$379,0),"0") -> 0 | S3: =IFERROR(I3/_xlfn.XLOOKUP($M3,'00_SKU_Master'!$B$2:$B$379,'00_SKU_Master'!$M$2:$M$379,0),"0") -> 3.7173257 | T3: =IFERROR(J3/_xlfn.XLOOKUP($M3,'00_SKU_Master'!$B$2:$B$379,'00_SKU_Master'!$M$2:$M$379,0),"0") -> 0 | U3: =SUM(N3:T3) -> 13.01064 | V3: =_xlfn.XLOOKUP(M3,'00_SKU_Master'!$B$2:$B$379,'00_SKU_Master'!$D$2:$D$379) -> METRO | X3: ='05_Daily_Orders'!C4 -> 331 | Z3: 10 | AA3: 0 | AB3: 20 | AC3: 0 | AD3: 12 | AE3: 0 | AF3: =SUM(Y3:AE3) -> 42 | AH3: 2051 | AI3: 175 | AJ3: 235 | AK3: 175 | AL3: 269 | AM3: 245 | AN3: 0 | AO3: 280 | AQ3: 0 | AR3: 10 | AS3: =AR3-AQ3 -> 10
A4: =_xlfn.XLOOKUP(X4,'00_SKU_Master'!$B$2:$B$379,'00_SKU_Master'!$C$2:$C$379) -> 61040#2 | B4: =_xlfn.XLOOKUP(X4,tblSKU[SKU],tblSKU[Product_Group]) -> SplitBreast | C4: =_xlfn.XLOOKUP(X4,tblSKU[SKU],tblSKU[Tray_Type]) -> ST 3XP | D4: =_xlfn.IFNA(_xlfn.XLOOKUP(X4,'00_SKU_Master'!$B$2:$B$379,'00_SKU_Master'!$F$2:$F$379,0)*Y4,"") -> 0 | E4: =_xlfn.IFNA(_xlfn.XLOOKUP(X4,'00_SKU_Master'!$B$2:$B$379,'00_SKU_Master'!$F$2:$F$379,0)*Z4,"") -> 0 | F4: =_xlfn.IFNA(_xlfn.XLOOKUP(X4,'00_SKU_Master'!$B$2:$B$379,'00_SKU_Master'!$F$2:$F$379,0)*AA4,"") -> 0 | G4: =_xlfn.IFNA(_xlfn.XLOOKUP(X4,'00_SKU_Master'!$B$2:$B$379,'00_SKU_Master'!$F$2:$F$379,0)*AB4,"") -> 0 | H4: =_xlfn.IFNA(_xlfn.XLOOKUP(X4,'00_SKU_Master'!$B$2:$B$379,'00_SKU_Master'!$F$2:$F$379,0)*AC4,"") -> 0 | I4: =_xlfn.IFNA(_xlfn.XLOOKUP(X4,'00_SKU_Master'!$B$2:$B$379,'00_SKU_Master'!$F$2:$F$379,0)*AD4,"") -> 0 | J4: =_xlfn.IFNA(_xlfn.XLOOKUP(X4,'00_SKU_Master'!$B$2:$B$379,'00_SKU_Master'!$F$2:$F$379,0)*AE4,"") -> 0 | K4: =SUM(D4:J4) -> 0 | L4: =_xlfn.XLOOKUP(X4,'00_SKU_Master'!$B$2:$B$379,'00_SKU_Master'!$K$2:$K$379) -> Fast | M4: =X4 -> 349 | N4: =IFERROR(D4/_xlfn.XLOOKUP($M4,'00_SKU_Master'!$B$2:$B$379,'00_SKU_Master'!$M$2:$M$379,0),"0") -> 0 | O4: =IFERROR(E4/_xlfn.XLOOKUP($M4,'00_SKU_Master'!$B$2:$B$379,'00_SKU_Master'!$M$2:$M$379,0),"0") -> 0 | P4: =IFERROR(F4/_xlfn.XLOOKUP($M4,'00_SKU_Master'!$B$2:$B$379,'00_SKU_Master'!$M$2:$M$379,0),"0") -> 0 | Q4: =IFERROR(G4/_xlfn.XLOOKUP($M4,'00_SKU_Master'!$B$2:$B$379,'00_SKU_Master'!$M$2:$M$379,0),"0") -> 0 | R4: =IFERROR(H4/_xlfn.XLOOKUP($M4,'00_SKU_Master'!$B$2:$B$379,'00_SKU_Master'!$M$2:$M$379,0),"0") -> 0 | S4: =IFERROR(I4/_xlfn.XLOOKUP($M4,'00_SKU_Master'!$B$2:$B$379,'00_SKU_Master'!$M$2:$M$379,0),"0") -> 0 | T4: =IFERROR(J4/_xlfn.XLOOKUP($M4,'00_SKU_Master'!$B$2:$B$379,'00_SKU_Master'!$M$2:$M$379,0),"0") -> 0 | U4: =SUM(N4:T4) -> 0 | V4: =_xlfn.XLOOKUP(M4,'00_SKU_Master'!$B$2:$B$379,'00_SKU_Master'!$D$2:$D$379) -> FB | X4: ='05_Daily_Orders'!C5 -> 349 | Z4: 0 | AA4: 0 | AB4: 0 | AC4: 0 | AD4: 0 | AE4: 0 | AF4: =SUM(Y4:AE4) -> 0 | AH4: 2081 | AI4: 92 | AJ4: 105 | AK4: 95 | AL4: 122 | AM4: 130 | AN4: 0 | AO4: 145 | AQ4: 0 | AR4: 0 | AS4: =AR4-AQ4 -> 0
A5: =_xlfn.XLOOKUP(X5,'00_SKU_Master'!$B$2:$B$379,'00_SKU_Master'!$C$2:$C$379) -> 61121 | B5: =_xlfn.XLOOKUP(X5,tblSKU[SKU],tblSKU[Product_Group]) -> Backbone | C5: =_xlfn.XLOOKUP(X5,tblSKU[SKU],tblSKU[Tray_Type]) -> ST 3XP | D5: =_xlfn.IFNA(_xlfn.XLOOKUP(X5,'00_SKU_Master'!$B$2:$B$379,'00_SKU_Master'!$F$2:$F$379,0)*Y5,"") -> 0 | E5: =_xlfn.IFNA(_xlfn.XLOOKUP(X5,'00_SKU_Master'!$B$2:$B$379,'00_SKU_Master'!$F$2:$F$379,0)*Z5,"") -> 0 | F5: =_xlfn.IFNA(_xlfn.XLOOKUP(X5,'00_SKU_Master'!$B$2:$B$379,'00_SKU_Master'!$F$2:$F$379,0)*AA5,"") -> 263.62052 | G5: =_xlfn.IFNA(_xlfn.XLOOKUP(X5,'00_SKU_Master'!$B$2:$B$379,'00_SKU_Master'!$F$2:$F$379,0)*AB5,"") -> 376.60074 | H5: =_xlfn.IFNA(_xlfn.XLOOKUP(X5,'00_SKU_Master'!$B$2:$B$379,'00_SKU_Master'!$F$2:$F$379,0)*AC5,"") -> 470.75092 | I5: =_xlfn.IFNA(_xlfn.XLOOKUP(X5,'00_SKU_Master'!$B$2:$B$379,'00_SKU_Master'!$F$2:$F$379,0)*AD5,"") -> 0 | J5: =_xlfn.IFNA(_xlfn.XLOOKUP(X5,'00_SKU_Master'!$B$2:$B$379,'00_SKU_Master'!$F$2:$F$379,0)*AE5,"") -> 423.67583 | K5: =SUM(D5:J5) -> 1534.648 | L5: =_xlfn.XLOOKUP(X5,'00_SKU_Master'!$B$2:$B$379,'00_SKU_Master'!$K$2:$K$379) -> Fast | M5: =X5 -> 484 | N5: =IFERROR(D5/_xlfn.XLOOKUP($M5,'00_SKU_Master'!$B$2:$B$379,'00_SKU_Master'!$M$2:$M$379,0),"0") -> 0 | O5: =IFERROR(E5/_xlfn.XLOOKUP($M5,'00_SKU_Master'!$B$2:$B$379,'00_SKU_Master'!$M$2:$M$379,0),"0") -> 0 | P5: =IFERROR(F5/_xlfn.XLOOKUP($M5,'00_SKU_Master'!$B$2:$B$379,'00_SKU_Master'!$M$2:$M$379,0),"0") -> 5.5639619 | Q5: =IFERROR(G5/_xlfn.XLOOKUP($M5,'00_SKU_Master'!$B$2:$B$379,'00_SKU_Master'!$M$2:$M$379,0),"0") -> 7.9485171 | R5: =IFERROR(H5/_xlfn.XLOOKUP($M5,'00_SKU_Master'!$B$2:$B$379,'00_SKU_Master'!$M$2:$M$379,0),"0") -> 9.9356463 | S5: =IFERROR(I5/_xlfn.XLOOKUP($M5,'00_SKU_Master'!$B$2:$B$379,'00_SKU_Master'!$M$2:$M$379,0),"0") -> 0 | T5: =IFERROR(J5/_xlfn.XLOOKUP($M5,'00_SKU_Master'!$B$2:$B$379,'00_SKU_Master'!$M$2:$M$379,0),"0") -> 8.9420817 | U5: =SUM(N5:T5) -> 32.390207 | V5: =_xlfn.XLOOKUP(M5,'00_SKU_Master'!$B$2:$B$379,'00_SKU_Master'!$D$2:$D$379) -> FB | X5: ='05_Daily_Orders'!C6 -> 484 | Z5: 0 | AA5: 28 | AB5: 40 | AC5: 50 | AD5: 0 | AE5: 45 | AF5: =SUM(Y5:AE5) -> 163 | AH5: 7113 | AI5: 0 | AJ5: 0 | AK5: 0 | AL5: 0 | AM5: 0 | AN5: 0 | AO5: 0 | AQ5: 0 | AR5: 0 | AS5: =AR5-AQ5 -> 0
A6: =_xlfn.XLOOKUP(X6,'00_SKU_Master'!$B$2:$B$379,'00_SKU_Master'!$C$2:$C$379) -> 61086#2 | B6: =_xlfn.XLOOKUP(X6,tblSKU[SKU],tblSKU[Product_Group]) -> ThighMeat | C6: =_xlfn.XLOOKUP(X6,tblSKU[SKU],tblSKU[Tray_Type]) -> LT 8XP | D6: =_xlfn.IFNA(_xlfn.XLOOKUP(X6,'00_SKU_Master'!$B$2:$B$379,'00_SKU_Master'!$F$2:$F$379,0)*Y6,"") -> 0 | E6: =_xlfn.IFNA(_xlfn.XLOOKUP(X6,'00_SKU_Master'!$B$2:$B$379,'00_SKU_Master'!$F$2:$F$379,0)*Z6,"") -> -8.2634387 | F6: =_xlfn.IFNA(_xlfn.XLOOKUP(X6,'00_SKU_Master'!$B$2:$B$379,'00_SKU_Master'!$F$2:$F$379,0)*AA6,"") -> 710.65573 | G6: =_xlfn.IFNA(_xlfn.XLOOKUP(X6,'00_SKU_Master'!$B$2:$B$379,'00_SKU_Master'!$F$2:$F$379,0)*AB6,"") -> 1016.403 | H6: =_xlfn.IFNA(_xlfn.XLOOKUP(X6,'00_SKU_Master'!$B$2:$B$379,'00_SKU_Master'!$F$2:$F$379,0)*AC6,"") -> 1222.9889 | I6: =_xlfn.IFNA(_xlfn.XLOOKUP(X6,'00_SKU_Master'!$B$2:$B$379,'00_SKU_Master'!$F$2:$F$379,0)*AD6,"") -> 0 | J6: =_xlfn.IFNA(_xlfn.XLOOKUP(X6,'00_SKU_Master'!$B$2:$B$379,'00_SKU_Master'!$F$2:$F$379,0)*AE6,"") -> 1173.4083 | K6: =SUM(D6:J6) -> 4115.1925 | L6: =_xlfn.XLOOKUP(X6,'00_SKU_Master'!$B$2:$B$379,'00_SKU_Master'!$K$2:$K$379) -> Slow | M6: =X6 -> 784 | N6: =IFERROR(D6/_xlfn.XLOOKUP($M6,'00_SKU_Master'!$B$2:$B$379,'00_SKU_Master'!$M$2:$M$379,0),"0") -> 0 | O6: =IFERROR(E6/_xlfn.XLOOKUP($M6,'00_SKU_Master'!$B$2:$B$379,'00_SKU_Master'!$M$2:$M$379,0),"0") -> -0.46112939 | P6: =IFERROR(F6/_xlfn.XLOOKUP($M6,'00_SKU_Master'!$B$2:$B$379,'00_SKU_Master'!$M$2:$M$379,0),"0") -> 39.657128 | Q6: =IFERROR(G6/_xlfn.XLOOKUP($M6,'00_SKU_Master'!$B$2:$B$379,'00_SKU_Master'!$M$2:$M$379,0),"0") -> 56.718915 | R6: =IFERROR(H6/_xlfn.XLOOKUP($M6,'00_SKU_Master'!$B$2:$B$379,'00_SKU_Master'!$M$2:$M$379,0),"0") -> 68.24715 | S6: =IFERROR(I6/_xlfn.XLOOKUP($M6,'00_SKU_Master'!$B$2:$B$379,'00_SKU_Master'!$M$2:$M$379,0),"0") -> 0 | T6: =IFERROR(J6/_xlfn.XLOOKUP($M6,'00_SKU_Master'!$B$2:$B$379,'00_SKU_Master'!$M$2:$M$379,0),"0") -> 65.480374 | U6: =SUM(N6:T6) -> 229.64244 | V6: =_xlfn.XLOOKUP(M6,'00_SKU_Master'!$B$2:$B$379,'00_SKU_Master'!$D$2:$D$379) -> FB | X6: ='05_Daily_Orders'!C7 -> 784 | Z6: -1 | AA6: 86 | AB6: 123 | AC6: 148 | AD6: 0 | AE6: 142 | AF6: =SUM(Y6:AE6) -> 498 | AH6: 200179 | AI6: 0 | AJ6: 0 | AK6: 0 | AL6: 0 | AM6: 0 | AN6: 0 | AO6: 0 | AQ6: 1 | AR6: 0 | AS6: =AR6-AQ6 -> -1
A7: =_xlfn.XLOOKUP(X7,'00_SKU_Master'!$B$2:$B$379,'00_SKU_Master'!$C$2:$C$379) -> 61040#2 | B7: =_xlfn.XLOOKUP(X7,tblSKU[SKU],tblSKU[Product_Group]) -> SplitBreast | C7: =_xlfn.XLOOKUP(X7,tblSKU[SKU],tblSKU[Tray_Type]) -> LT 14D | D7: =_xlfn.IFNA(_xlfn.XLOOKUP(X7,'00_SKU_Master'!$B$2:$B$379,'00_SKU_Master'!$F$2:$F$379,0)*Y7,"") -> 0 | E7: =_xlfn.IFNA(_xlfn.XLOOKUP(X7,'00_SKU_Master'!$B$2:$B$379,'00_SKU_Master'!$F$2:$F$379,0)*Z7,"") -> 0 | F7: =_xlfn.IFNA(_xlfn.XLOOKUP(X7,'00_SKU_Master'!$B$2:$B$379,'00_SKU_Master'!$F$2:$F$379,0)*AA7,"") -> 0 | G7: =_xlfn.IFNA(_xlfn.XLOOKUP(X7,'00_SKU_Master'!$B$2:$B$379,'00_SKU_Master'!$F$2:$F$379,0)*AB7,"") -> 0 | H7: =_xlfn.IFNA(_xlfn.XLOOKUP(X7,'00_SKU_Master'!$B$2:$B$379,'00_SKU_Master'!$F$2:$F$379,0)*AC7,"") -> 0 | I7: =_xlfn.IFNA(_xlfn.XLOOKUP(X7,'00_SKU_Master'!$B$2:$B$379,'00_SKU_Master'!$F$2:$F$379,0)*AD7,"") -> 0 | J7: =_xlfn.IFNA(_xlfn.XLOOKUP(X7,'00_SKU_Master'!$B$2:$B$379,'00_SKU_Master'!$F$2:$F$379,0)*AE7,"") -> 0 | K7: =SUM(D7:J7) -> 0 | L7: =_xlfn.XLOOKUP(X7,'00_SKU_Master'!$B$2:$B$379,'00_SKU_Master'!$K$2:$K$379) -> Fast | M7: =X7 -> 946 | N7: =IFERROR(D7/_xlfn.XLOOKUP($M7,'00_SKU_Master'!$B$2:$B$379,'00_SKU_Master'!$M$2:$M$379,0),"0") -> 0 | O7: =IFERROR(E7/_xlfn.XLOOKUP($M7,'00_SKU_Master'!$B$2:$B$379,'00_SKU_Master'!$M$2:$M$379,0),"0") -> 0 | P7: =IFERROR(F7/_xlfn.XLOOKUP($M7,'00_SKU_Master'!$B$2:$B$379,'00_SKU_Master'!$M$2:$M$379,0),"0") -> 0 | Q7: =IFERROR(G7/_xlfn.XLOOKUP($M7,'00_SKU_Master'!$B$2:$B$379,'00_SKU_Master'!$M$2:$M$379,0),"0") -> 0 | R7: =IFERROR(H7/_xlfn.XLOOKUP($M7,'00_SKU_Master'!$B$2:$B$379,'00_SKU_Master'!$M$2:$M$379,0),"0") -> 0 | S7: =IFERROR(I7/_xlfn.XLOOKUP($M7,'00_SKU_Master'!$B$2:$B$379,'00_SKU_Master'!$M$2:$M$379,0),"0") -> 0 | T7: =IFERROR(J7/_xlfn.XLOOKUP($M7,'00_SKU_Master'!$B$2:$B$379,'00_SKU_Master'!$M$2:$M$379,0),"0") -> 0 | U7: =SUM(N7:T7) -> 0 | V7: =_xlfn.XLOOKUP(M7,'00_SKU_Master'!$B$2:$B$379,'00_SKU_Master'!$D$2:$D$379) -> FB | X7: ='05_Daily_Orders'!C8 -> 946 | Z7: 0 | AA7: 0 | AB7: 0 | AC7: 0 | AD7: 0 | AE7: 0 | AF7: =SUM(Y7:AE7) -> 0 | AH7: 200182 | AI7: 20 | AJ7: 40 | AK7: 40 | AL7: 40 | AM7: 40 | AN7: 0 | AO7: 80 | AQ7: 0 | AR7: 0 | AS7: =AR7-AQ7 -> 0
A8: =_xlfn.XLOOKUP(X8,'00_SKU_Master'!$B$2:$B$379,'00_SKU_Master'!$C$2:$C$379) -> 61072#2 | B8: =_xlfn.XLOOKUP(X8,tblSKU[SKU],tblSKU[Product_Group]) -> Drum | C8: =_xlfn.XLOOKUP(X8,tblSKU[SKU],tblSKU[Tray_Type]) -> LT 14D | D8: =_xlfn.IFNA(_xlfn.XLOOKUP(X8,'00_SKU_Master'!$B$2:$B$379,'00_SKU_Master'!$F$2:$F$379,0)*Y8,"") -> 0 | E8: =_xlfn.IFNA(_xlfn.XLOOKUP(X8,'00_SKU_Master'!$B$2:$B$379,'00_SKU_Master'!$F$2:$F$379,0)*Z8,"") -> 0 | F8: =_xlfn.IFNA(_xlfn.XLOOKUP(X8,'00_SKU_Master'!$B$2:$B$379,'00_SKU_Master'!$F$2:$F$379,0)*AA8,"") -> 0 | G8: =_xlfn.IFNA(_xlfn.XLOOKUP(X8,'00_SKU_Master'!$B$2:$B$379,'00_SKU_Master'!$F$2:$F$379,0)*AB8,"") -> 0 | H8: =_xlfn.IFNA(_xlfn.XLOOKUP(X8,'00_SKU_Master'!$B$2:$B$379,'00_SKU_Master'!$F$2:$F$379,0)*AC8,"") -> 0 | I8: =_xlfn.IFNA(_xlfn.XLOOKUP(X8,'00_SKU_Master'!$B$2:$B$379,'00_SKU_Master'!$F$2:$F$379,0)*AD8,"") -> 0 | J8: =_xlfn.IFNA(_xlfn.XLOOKUP(X8,'00_SKU_Master'!$B$2:$B$379,'00_SKU_Master'!$F$2:$F$379,0)*AE8,"") -> 0 | K8: =SUM(D8:J8) -> 0 | L8: =_xlfn.XLOOKUP(X8,'00_SKU_Master'!$B$2:$B$379,'00_SKU_Master'!$K$2:$K$379) -> Fast | M8: =X8 -> 956 | N8: =IFERROR(D8/_xlfn.XLOOKUP($M8,'00_SKU_Master'!$B$2:$B$379,'00_SKU_Master'!$M$2:$M$379,0),"0") -> 0 | O8: =IFERROR(E8/_xlfn.XLOOKUP($M8,'00_SKU_Master'!$B$2:$B$379,'00_SKU_Master'!$M$2:$M$379,0),"0") -> 0 | P8: =IFERROR(F8/_xlfn.XLOOKUP($M8,'00_SKU_Master'!$B$2:$B$379,'00_SKU_Master'!$M$2:$M$379,0),"0") -> 0 | Q8: =IFERROR(G8/_xlfn.XLOOKUP($M8,'00_SKU_Master'!$B$2:$B$379,'00_SKU_Master'!$M$2:$M$379,0),"0") -> 0 | R8: =IFERROR(H8/_xlfn.XLOOKUP($M8,'00_SKU_Master'!$B$2:$B$379,'00_SKU_Master'!$M$2:$M$379,0),"0") -> 0 | S8: =IFERROR(I8/_xlfn.XLOOKUP($M8,'00_SKU_Master'!$B$2:$B$379,'00_SKU_Master'!$M$2:$M$379,0),"0") -> 0 | T8: =IFERROR(J8/_xlfn.XLOOKUP($M8,'00_SKU_Master'!$B$2:$B$379,'00_SKU_Master'!$M$2:$M$379,0),"0") -> 0 | U8: =SUM(N8:T8) -> 0 | V8: =_xlfn.XLOOKUP(M8,'00_SKU_Master'!$B$2:$B$379,'00_SKU_Master'!$D$2:$D$379) -> FB | X8: ='05_Daily_Orders'!C9 -> 956 | Z8: 0 | AA8: 0 | AB8: 0 | AC8: 0 | AD8: 0 | AE8: 0 | AF8: =SUM(Y8:AE8) -> 0 | AH8: 200183 | AI8: 22 | AJ8: 44 | AK8: 24 | AL8: 42 | AM8: 55 | AN8: 0 | AO8: 28 | AQ8: 0 | AR8: 0 | AS8: =AR8-AQ8 -> 0
A9: =_xlfn.XLOOKUP(X9,'00_SKU_Master'!$B$2:$B$379,'00_SKU_Master'!$C$2:$C$379) -> 61082 | B9: =_xlfn.XLOOKUP(X9,tblSKU[SKU],tblSKU[Product_Group]) -> Thigh | C9: =_xlfn.XLOOKUP(X9,tblSKU[SKU],tblSKU[Tray_Type]) -> LT 14D | D9: =_xlfn.IFNA(_xlfn.XLOOKUP(X9,'00_SKU_Master'!$B$2:$B$379,'00_SKU_Master'!$F$2:$F$379,0)*Y9,"") -> 0 | E9: =_xlfn.IFNA(_xlfn.XLOOKUP(X9,'00_SKU_Master'!$B$2:$B$379,'00_SKU_Master'!$F$2:$F$379,0)*Z9,"") -> 0 | F9: =_xlfn.IFNA(_xlfn.XLOOKUP(X9,'00_SKU_Master'!$B$2:$B$379,'00_SKU_Master'!$F$2:$F$379,0)*AA9,"") -> 0 | G9: =_xlfn.IFNA(_xlfn.XLOOKUP(X9,'00_SKU_Master'!$B$2:$B$379,'00_SKU_Master'!$F$2:$F$379,0)*AB9,"") -> 0 | H9: =_xlfn.IFNA(_xlfn.XLOOKUP(X9,'00_SKU_Master'!$B$2:$B$379,'00_SKU_Master'!$F$2:$F$379,0)*AC9,"") -> 0 | I9: =_xlfn.IFNA(_xlfn.XLOOKUP(X9,'00_SKU_Master'!$B$2:$B$379,'00_SKU_Master'!$F$2:$F$379,0)*AD9,"") -> 0 | J9: =_xlfn.IFNA(_xlfn.XLOOKUP(X9,'00_SKU_Master'!$B$2:$B$379,'00_SKU_Master'!$F$2:$F$379,0)*AE9,"") -> 0 | K9: =SUM(D9:J9) -> 0 | L9: =_xlfn.XLOOKUP(X9,'00_SKU_Master'!$B$2:$B$379,'00_SKU_Master'!$K$2:$K$379) -> Fast | M9: =X9 -> 957 | N9: =IFERROR(D9/_xlfn.XLOOKUP($M9,'00_SKU_Master'!$B$2:$B$379,'00_SKU_Master'!$M$2:$M$379,0),"0") -> 0 | O9: =IFERROR(E9/_xlfn.XLOOKUP($M9,'00_SKU_Master'!$B$2:$B$379,'00_SKU_Master'!$M$2:$M$379,0),"0") -> 0 | P9: =IFERROR(F9/_xlfn.XLOOKUP($M9,'00_SKU_Master'!$B$2:$B$379,'00_SKU_Master'!$M$2:$M$379,0),"0") -> 0 | Q9: =IFERROR(G9/_xlfn.XLOOKUP($M9,'00_SKU_Master'!$B$2:$B$379,'00_SKU_Master'!$M$2:$M$379,0),"0") -> 0 | R9: =IFERROR(H9/_xlfn.XLOOKUP($M9,'00_SKU_Master'!$B$2:$B$379,'00_SKU_Master'!$M$2:$M$379,0),"0") -> 0 | S9: =IFERROR(I9/_xlfn.XLOOKUP($M9,'00_SKU_Master'!$B$2:$B$379,'00_SKU_Master'!$M$2:$M$379,0),"0") -> 0 | T9: =IFERROR(J9/_xlfn.XLOOKUP($M9,'00_SKU_Master'!$B$2:$B$379,'00_SKU_Master'!$M$2:$M$379,0),"0") -> 0 | U9: =SUM(N9:T9) -> 0 | V9: =_xlfn.XLOOKUP(M9,'00_SKU_Master'!$B$2:$B$379,'00_SKU_Master'!$D$2:$D$379) -> FB | X9: ='05_Daily_Orders'!C10 -> 957 | Z9: 0 | AA9: 0 | AB9: 0 | AC9: 0 | AD9: 0 | AE9: 0 | AF9: =SUM(Y9:AE9) -> 0 | AH9: 200184 | AI9: 0 | AJ9: 40 | AK9: 0 | AL9: 40 | AM9: 40 | AN9: 0 | AO9: 60 | AQ9: 0 | AR9: 0 | AS9: =AR9-AQ9 -> 0
A10: =_xlfn.XLOOKUP(X10,'00_SKU_Master'!$B$2:$B$379,'00_SKU_Master'!$C$2:$C$379) -> 61121 | B10: =_xlfn.XLOOKUP(X10,tblSKU[SKU],tblSKU[Product_Group]) -> Backbone | C10: =_xlfn.XLOOKUP(X10,tblSKU[SKU],tblSKU[Tray_Type]) -> ST 3XP | D10: =_xlfn.IFNA(_xlfn.XLOOKUP(X10,'00_SKU_Master'!$B$2:$B$379,'00_SKU_Master'!$F$2:$F$379,0)*Y10,"") -> 0 | E10: =_xlfn.IFNA(_xlfn.XLOOKUP(X10,'00_SKU_Master'!$B$2:$B$379,'00_SKU_Master'!$F$2:$F$379,0)*Z10,"") -> 46.850628 | F10: =_xlfn.IFNA(_xlfn.XLOOKUP(X10,'00_SKU_Master'!$B$2:$B$379,'00_SKU_Master'!$F$2:$F$379,0)*AA10,"") -> 0 | G10: =_xlfn.IFNA(_xlfn.XLOOKUP(X10,'00_SKU_Master'!$B$2:$B$379,'00_SKU_Master'!$F$2:$F$379,0)*AB10,"") -> 0 | H10: =_xlfn.IFNA(_xlfn.XLOOKUP(X10,'00_SKU_Master'!$B$2:$B$379,'00_SKU_Master'!$F$2:$F$379,0)*AC10,"") -> 0 | I10: =_xlfn.IFNA(_xlfn.XLOOKUP(X10,'00_SKU_Master'!$B$2:$B$379,'00_SKU_Master'!$F$2:$F$379,0)*AD10,"") -> 234.25314 | J10: =_xlfn.IFNA(_xlfn.XLOOKUP(X10,'00_SKU_Master'!$B$2:$B$379,'00_SKU_Master'!$F$2:$F$379,0)*AE10,"") -> 0 | K10: =SUM(D10:J10) -> 281.10377 | L10: =_xlfn.XLOOKUP(X10,'00_SKU_Master'!$B$2:$B$379,'00_SKU_Master'!$K$2:$K$379) -> Fast | M10: =X10 -> 1023 | N10: =IFERROR(D10/_xlfn.XLOOKUP($M10,'00_SKU_Master'!$B$2:$B$379,'00_SKU_Master'!$M$2:$M$379,0),"0") -> 0 | O10: =IFERROR(E10/_xlfn.XLOOKUP($M10,'00_SKU_Master'!$B$2:$B$379,'00_SKU_Master'!$M$2:$M$379,0),"0") -> 0.9888271 | P10: =IFERROR(F10/_xlfn.XLOOKUP($M10,'00_SKU_Master'!$B$2:$B$379,'00_SKU_Master'!$M$2:$M$379,0),"0") -> 0 | Q10: =IFERROR(G10/_xlfn.XLOOKUP($M10,'00_SKU_Master'!$B$2:$B$379,'00_SKU_Master'!$M$2:$M$379,0),"0") -> 0 | R10: =IFERROR(H10/_xlfn.XLOOKUP($M10,'00_SKU_Master'!$B$2:$B$379,'00_SKU_Master'!$M$2:$M$379,0),"0") -> 0 | S10: =IFERROR(I10/_xlfn.XLOOKUP($M10,'00_SKU_Master'!$B$2:$B$379,'00_SKU_Master'!$M$2:$M$379,0),"0") -> 4.9441355 | T10: =IFERROR(J10/_xlfn.XLOOKUP($M10,'00_SKU_Master'!$B$2:$B$379,'00_SKU_Master'!$M$2:$M$379,0),"0") -> 0 | U10: =SUM(N10:T10) -> 5.9329626 | V10: =_xlfn.XLOOKUP(M10,'00_SKU_Master'!$B$2:$B$379,'00_SKU_Master'!$D$2:$D$379) -> METRO | X10: ='05_Daily_Orders'!C11 -> 1023 | Z10: 5 | AA10: 0 | AB10: 0 | AC10: 0 | AD10: 25 | AE10: 0 | AF10: =SUM(Y10:AE10) -> 30 | AH10: 2511 | AI10: 0 | AJ10: 10 | AK10: 7 | AL10: 7 | AM10: 10 | AN10: 0 | AO10: 0 | AQ10: 0 | AR10: 5 | AS10: =AR10-AQ10 -> 5
A11: =_xlfn.XLOOKUP(X11,'00_SKU_Master'!$B$2:$B$379,'00_SKU_Master'!$C$2:$C$379) -> 61050F | B11: =_xlfn.XLOOKUP(X11,tblSKU[SKU],tblSKU[Product_Group]) -> BSB | C11: =_xlfn.XLOOKUP(X11,tblSKU[SKU],tblSKU[Tray_Type]) -> ST 3D | D11: =_xlfn.IFNA(_xlfn.XLOOKUP(X11,'00_SKU_Master'!$B$2:$B$379,'00_SKU_Master'!$F$2:$F$379,0)*Y11,"") -> 0 | E11: =_xlfn.IFNA(_xlfn.XLOOKUP(X11,'00_SKU_Master'!$B$2:$B$379,'00_SKU_Master'!$F$2:$F$379,0)*Z11,"") -> 211.6175 | F11: =_xlfn.IFNA(_xlfn.XLOOKUP(X11,'00_SKU_Master'!$B$2:$B$379,'00_SKU_Master'!$F$2:$F$379,0)*AA11,"") -> 186.51034 | G11: =_xlfn.IFNA(_xlfn.XLOOKUP(X11,'00_SKU_Master'!$B$2:$B$379,'00_SKU_Master'!$F$2:$F$379,0)*AB11,"") -> 269.0053 | H11: =_xlfn.IFNA(_xlfn.XLOOKUP(X11,'00_SKU_Master'!$B$2:$B$379,'00_SKU_Master'!$F$2:$F$379,0)*AC11,"") -> 387.36763 | I11: =_xlfn.IFNA(_xlfn.XLOOKUP(X11,'00_SKU_Master'!$B$2:$B$379,'00_SKU_Master'!$F$2:$F$379,0)*AD11,"") -> 0 | J11: =_xlfn.IFNA(_xlfn.XLOOKUP(X11,'00_SKU_Master'!$B$2:$B$379,'00_SKU_Master'!$F$2:$F$379,0)*AE11,"") -> 365.84721 | K11: =SUM(D11:J11) -> 1420.348 | L11: =_xlfn.XLOOKUP(X11,'00_SKU_Master'!$B$2:$B$379,'00_SKU_Master'!$K$2:$K$379) -> Fast | M11: =X11 -> 1830 | N11: =IFERROR(D11/_xlfn.XLOOKUP($M11,'00_SKU_Master'!$B$2:$B$379,'00_SKU_Master'!$M$2:$M$379,0),"0") -> 0 | O11: =IFERROR(E11/_xlfn.XLOOKUP($M11,'00_SKU_Master'!$B$2:$B$379,'00_SKU_Master'!$M$2:$M$379,0),"0") -> 3.7447798 | P11: =IFERROR(F11/_xlfn.XLOOKUP($M11,'00_SKU_Master'!$B$2:$B$379,'00_SKU_Master'!$M$2:$M$379,0),"0") -> 3.3004838 | Q11: =IFERROR(G11/_xlfn.XLOOKUP($M11,'00_SKU_Master'!$B$2:$B$379,'00_SKU_Master'!$M$2:$M$379,0),"0") -> 4.7603132 | R11: =IFERROR(H11/_xlfn.XLOOKUP($M11,'00_SKU_Master'!$B$2:$B$379,'00_SKU_Master'!$M$2:$M$379,0),"0") -> 6.8548511 | S11: =IFERROR(I11/_xlfn.XLOOKUP($M11,'00_SKU_Master'!$B$2:$B$379,'00_SKU_Master'!$M$2:$M$379,0),"0") -> 0 | T11: =IFERROR(J11/_xlfn.XLOOKUP($M11,'00_SKU_Master'!$B$2:$B$379,'00_SKU_Master'!$M$2:$M$379,0),"0") -> 6.474026 | U11: =SUM(N11:T11) -> 25.134454 | V11: =_xlfn.XLOOKUP(M11,'00_SKU_Master'!$B$2:$B$379,'00_SKU_Master'!$D$2:$D$379) -> FB | X11: ='05_Daily_Orders'!C12 -> 1830 | Z11: 59 | AA11: 52 | AB11: 75 | AC11: 108 | AD11: 0 | AE11: 102 | AF11: =SUM(Y11:AE11) -> 396 | AH11: 1077 | AI11: 0 | AJ11: 0 | AK11: 0 | AL11: 0 | AM11: 0 | AN11: 0 | AO11: 0 | AQ11: 0 | AR11: 59 | AS11: =AR11-AQ11 -> 59
A12: =_xlfn.XLOOKUP(X12,'00_SKU_Master'!$B$2:$B$379,'00_SKU_Master'!$C$2:$C$379) -> 203021 | B12: =_xlfn.XLOOKUP(X12,tblSKU[SKU],tblSKU[Product_Group]) -> Whole Bird-Small | C12: =_xlfn.XLOOKUP(X12,tblSKU[SKU],tblSKU[Tray_Type]) -> ST 3XP | D12: =_xlfn.IFNA(_xlfn.XLOOKUP(X12,'00_SKU_Master'!$B$2:$B$379,'00_SKU_Master'!$F$2:$F$379,0)*Y12,"") -> 0 | E12: =_xlfn.IFNA(_xlfn.XLOOKUP(X12,'00_SKU_Master'!$B$2:$B$379,'00_SKU_Master'!$F$2:$F$379,0)*Z12,"") -> 796.20151 | F12: =_xlfn.IFNA(_xlfn.XLOOKUP(X12,'00_SKU_Master'!$B$2:$B$379,'00_SKU_Master'!$F$2:$F$379,0)*AA12,"") -> 542.86467 | G12: =_xlfn.IFNA(_xlfn.XLOOKUP(X12,'00_SKU_Master'!$B$2:$B$379,'00_SKU_Master'!$F$2:$F$379,0)*AB12,"") -> 774.48693 | H12: =_xlfn.IFNA(_xlfn.XLOOKUP(X12,'00_SKU_Master'!$B$2:$B$379,'00_SKU_Master'!$F$2:$F$379,0)*AC12,"") -> 955.44181 | I12: =_xlfn.IFNA(_xlfn.XLOOKUP(X12,'00_SKU_Master'!$B$2:$B$379,'00_SKU_Master'!$F$2:$F$379,0)*AD12,"") -> 0 | J12: =_xlfn.IFNA(_xlfn.XLOOKUP(X12,'00_SKU_Master'!$B$2:$B$379,'00_SKU_Master'!$F$2:$F$379,0)*AE12,"") -> 998.87099 | K12: =SUM(D12:J12) -> 4067.8659 | L12: =_xlfn.XLOOKUP(X12,'00_SKU_Master'!$B$2:$B$379,'00_SKU_Master'!$K$2:$K$379) -> Fast | M12: =X12 -> 1831 | N12: =IFERROR(D12/_xlfn.XLOOKUP($M12,'00_SKU_Master'!$B$2:$B$379,'00_SKU_Master'!$M$2:$M$379,0),"0") -> 0 | O12: =IFERROR(E12/_xlfn.XLOOKUP($M12,'00_SKU_Master'!$B$2:$B$379,'00_SKU_Master'!$M$2:$M$379,0),"0") -> 6.069997 | P12: =IFERROR(F12/_xlfn.XLOOKUP($M12,'00_SKU_Master'!$B$2:$B$379,'00_SKU_Master'!$M$2:$M$379,0),"0") -> 4.1386343 | Q12: =IFERROR(G12/_xlfn.XLOOKUP($M12,'00_SKU_Master'!$B$2:$B$379,'00_SKU_Master'!$M$2:$M$379,0),"0") -> 5.9044517 | R12: =IFERROR(H12/_xlfn.XLOOKUP($M12,'00_SKU_Master'!$B$2:$B$379,'00_SKU_Master'!$M$2:$M$379,0),"0") -> 7.2839964 | S12: =IFERROR(I12/_xlfn.XLOOKUP($M12,'00_SKU_Master'!$B$2:$B$379,'00_SKU_Master'!$M$2:$M$379,0),"0") -> 0 | T12: =IFERROR(J12/_xlfn.XLOOKUP($M12,'00_SKU_Master'!$B$2:$B$379,'00_SKU_Master'!$M$2:$M$379,0),"0") -> 7.6150872 | U12: =SUM(N12:T12) -> 31.012167 | V12: =_xlfn.XLOOKUP(M12,'00_SKU_Master'!$B$2:$B$379,'00_SKU_Master'!$D$2:$D$379) -> FB | X12: ='05_Daily_Orders'!C13 -> 1831 | Z12: 110 | AA12: 75 | AB12: 107 | AC12: 132 | AD12: 0 | AE12: 138 | AF12: =SUM(Y12:AE12) -> 562 | AH12: 1078 | AI12: 0 | AJ12: 0 | AK12: 0 | AL12: 0 | AM12: 0 | AN12: 0 | AO12: 0 | AQ12: 0 | AR12: 110 | AS12: =AR12-AQ12 -> 110
A13: =_xlfn.XLOOKUP(X13,'00_SKU_Master'!$B$2:$B$379,'00_SKU_Master'!$C$2:$C$379) -> 61010 | B13: =_xlfn.XLOOKUP(X13,tblSKU[SKU],tblSKU[Product_Group]) -> Wing | C13: =_xlfn.XLOOKUP(X13,tblSKU[SKU],tblSKU[Tray_Type]) -> LT 8XP | D13: =_xlfn.IFNA(_xlfn.XLOOKUP(X13,'00_SKU_Master'!$B$2:$B$379,'00_SKU_Master'!$F$2:$F$379,0)*Y13,"") -> 0 | E13: =_xlfn.IFNA(_xlfn.XLOOKUP(X13,'00_SKU_Master'!$B$2:$B$379,'00_SKU_Master'!$F$2:$F$379,0)*Z13,"") -> 0 | F13: =_xlfn.IFNA(_xlfn.XLOOKUP(X13,'00_SKU_Master'!$B$2:$B$379,'00_SKU_Master'!$F$2:$F$379,0)*AA13,"") -> 0 | G13: =_xlfn.IFNA(_xlfn.XLOOKUP(X13,'00_SKU_Master'!$B$2:$B$379,'00_SKU_Master'!$F$2:$F$379,0)*AB13,"") -> 0 | H13: =_xlfn.IFNA(_xlfn.XLOOKUP(X13,'00_SKU_Master'!$B$2:$B$379,'00_SKU_Master'!$F$2:$F$379,0)*AC13,"") -> 0 | I13: =_xlfn.IFNA(_xlfn.XLOOKUP(X13,'00_SKU_Master'!$B$2:$B$379,'00_SKU_Master'!$F$2:$F$379,0)*AD13,"") -> 0 | J13: =_xlfn.IFNA(_xlfn.XLOOKUP(X13,'00_SKU_Master'!$B$2:$B$379,'00_SKU_Master'!$F$2:$F$379,0)*AE13,"") -> 0 | K13: =SUM(D13:J13) -> 0 | L13: =_xlfn.XLOOKUP(X13,'00_SKU_Master'!$B$2:$B$379,'00_SKU_Master'!$K$2:$K$379) -> Fast | M13: =X13 -> 1837 | N13: =IFERROR(D13/_xlfn.XLOOKUP($M13,'00_SKU_Master'!$B$2:$B$379,'00_SKU_Master'!$M$2:$M$379,0),"0") -> 0 | O13: =IFERROR(E13/_xlfn.XLOOKUP($M13,'00_SKU_Master'!$B$2:$B$379,'00_SKU_Master'!$M$2:$M$379,0),"0") -> 0 | P13: =IFERROR(F13/_xlfn.XLOOKUP($M13,'00_SKU_Master'!$B$2:$B$379,'00_SKU_Master'!$M$2:$M$379,0),"0") -> 0 | Q13: =IFERROR(G13/_xlfn.XLOOKUP($M13,'00_SKU_Master'!$B$2:$B$379,'00_SKU_Master'!$M$2:$M$379,0),"0") -> 0 | R13: =IFERROR(H13/_xlfn.XLOOKUP($M13,'00_SKU_Master'!$B$2:$B$379,'00_SKU_Master'!$M$2:$M$379,0),"0") -> 0 | S13: =IFERROR(I13/_xlfn.XLOOKUP($M13,'00_SKU_Master'!$B$2:$B$379,'00_SKU_Master'!$M$2:$M$379,0),"0") -> 0 | T13: =IFERROR(J13/_xlfn.XLOOKUP($M13,'00_SKU_Master'!$B$2:$B$379,'00_SKU_Master'!$M$2:$M$379,0),"0") -> 0 | U13: =SUM(N13:T13) -> 0 | V13: =_xlfn.XLOOKUP(M13,'00_SKU_Master'!$B$2:$B$379,'00_SKU_Master'!$D$2:$D$379) -> FB | X13: ='05_Daily_Orders'!C14 -> 1837 | Z13: 0 | AA13: 0 | AB13: 0 | AC13: 0 | AD13: 0 | AE13: 0 | AF13: =SUM(Y13:AE13) -> 0 | AH13: 1080 | AI13: 0 | AJ13: 0 | AK13: 0 | AL13: 0 | AM13: 0 | AN13: 0 | AO13: 0 | AQ13: 0 | AR13: 0 | AS13: =AR13-AQ13 -> 0
... A19: =_xlfn.XLOOKUP(X19,'00_SKU_Master'!$B$2:$B$379,'00_SKU_Master'!$C$2:$C$379) -> 61072#2 | B19: =_xlfn.XLOOKUP(X19,tblSKU[SKU],tblSKU[Product_Group]) -> Drum | C19: =_xlfn.XLOOKUP(X19,tblSKU[SKU],tblSKU[Tray_Type]) -> LT 14D | D19: =_xlfn.IFNA(_xlfn.XLOOKUP(X19,'00_SKU_Master'!$B$2:$B$379,'00_SKU_Master'!$F$2:$F$379,0)*Y19,"") -> 0 | E19: =_xlfn.IFNA(_xlfn.XLOOKUP(X19,'00_SKU_Master'!$B$2:$B$379,'00_SKU_Master'!$F$2:$F$379,0)*Z19,"") -> 0 | F19: =_xlfn.IFNA(_xlfn.XLOOKUP(X19,'00_SKU_Master'!$B$2:$B$379,'00_SKU_Master'!$F$2:$F$379,0)*AA19,"") -> 818.05713 | G19: =_xlfn.IFNA(_xlfn.XLOOKUP(X19,'00_SKU_Master'!$B$2:$B$379,'00_SKU_Master'!$F$2:$F$379,0)*AB19,"") -> 828.68124 | H19: =_xlfn.IFNA(_xlfn.XLOOKUP(X19,'00_SKU_Master'!$B$2:$B$379,'00_SKU_Master'!$F$2:$F$379,0)*AC19,"") -> 1434.256 | I19: =_xlfn.IFNA(_xlfn.XLOOKUP(X19,'00_SKU_Master'!$B$2:$B$379,'00_SKU_Master'!$F$2:$F$379,0)*AD19,"") -> 0 | J19: =_xlfn.IFNA(_xlfn.XLOOKUP(X19,'00_SKU_Master'!$B$2:$B$379,'00_SKU_Master'!$F$2:$F$379,0)*AE19,"") -> 1274.8942 | K19: =SUM(D19:J19) -> 4355.8886 | L19: =_xlfn.XLOOKUP(X19,'00_SKU_Master'!$B$2:$B$379,'00_SKU_Master'!$K$2:$K$379) -> Fast | M19: =X19 -> 1876 | N19: =IFERROR(D19/_xlfn.XLOOKUP($M19,'00_SKU_Master'!$B$2:$B$379,'00_SKU_Master'!$M$2:$M$379,0),"0") -> 0 | O19: =IFERROR(E19/_xlfn.XLOOKUP($M19,'00_SKU_Master'!$B$2:$B$379,'00_SKU_Master'!$M$2:$M$379,0),"0") -> 0 | P19: =IFERROR(F19/_xlfn.XLOOKUP($M19,'00_SKU_Master'!$B$2:$B$379,'00_SKU_Master'!$M$2:$M$379,0),"0") -> 11.247864 | Q19: =IFERROR(G19/_xlfn.XLOOKUP($M19,'00_SKU_Master'!$B$2:$B$379,'00_SKU_Master'!$M$2:$M$379,0),"0") -> 11.39394 | R19: =IFERROR(H19/_xlfn.XLOOKUP($M19,'00_SKU_Master'!$B$2:$B$379,'00_SKU_Master'!$M$2:$M$379,0),"0") -> 19.72028 | S19: =IFERROR(I19/_xlfn.XLOOKUP($M19,'00_SKU_Master'!$B$2:$B$379,'00_SKU_Master'!$M$2:$M$379,0),"0") -> 0 | T19: =IFERROR(J19/_xlfn.XLOOKUP($M19,'00_SKU_Master'!$B$2:$B$379,'00_SKU_Master'!$M$2:$M$379,0),"0") -> 17.529138 | U19: =SUM(N19:T19) -> 59.891222 | V19: =_xlfn.XLOOKUP(M19,'00_SKU_Master'!$B$2:$B$379,'00_SKU_Master'!$D$2:$D$379) -> FB | X19: ='05_Daily_Orders'!C20 -> 1876 | Z19: 0 | AA19: 77 | AB19: 78 | AC19: 135 | AD19: 0 | AE19: 120 | AF19: =SUM(Y19:AE19) -> 410 | AH19: 7176 | AI19: 0 | AJ19: 0 | AK19: 0 | AL19: 0 | AM19: 0 | AN19: 0 | AO19: 0 | AQ19: 0 | AR19: 0 | AS19: =AR19-AQ19 -> 0
A20: =_xlfn.XLOOKUP(X20,'00_SKU_Master'!$B$2:$B$379,'00_SKU_Master'!$C$2:$C$379) -> 61082 | B20: =_xlfn.XLOOKUP(X20,tblSKU[SKU],tblSKU[Product_Group]) -> Thigh | C20: =_xlfn.XLOOKUP(X20,tblSKU[SKU],tblSKU[Tray_Type]) -> LT 14D | D20: =_xlfn.IFNA(_xlfn.XLOOKUP(X20,'00_SKU_Master'!$B$2:$B$379,'00_SKU_Master'!$F$2:$F$379,0)*Y20,"") -> 0 | E20: =_xlfn.IFNA(_xlfn.XLOOKUP(X20,'00_SKU_Master'!$B$2:$B$379,'00_SKU_Master'!$F$2:$F$379,0)*Z20,"") -> 1143.8137 | F20: =_xlfn.IFNA(_xlfn.XLOOKUP(X20,'00_SKU_Master'!$B$2:$B$379,'00_SKU_Master'!$F$2:$F$379,0)*AA20,"") -> 1007.0534 | G20: =_xlfn.IFNA(_xlfn.XLOOKUP(X20,'00_SKU_Master'!$B$2:$B$379,'00_SKU_Master'!$F$2:$F$379,0)*AB20,"") -> 1442.1999 | H20: =_xlfn.IFNA(_xlfn.XLOOKUP(X20,'00_SKU_Master'!$B$2:$B$379,'00_SKU_Master'!$F$2:$F$379,0)*AC20,"") -> 2051.405 | I20: =_xlfn.IFNA(_xlfn.XLOOKUP(X20,'00_SKU_Master'!$B$2:$B$379,'00_SKU_Master'!$F$2:$F$379,0)*AD20,"") -> 0 | J20: =_xlfn.IFNA(_xlfn.XLOOKUP(X20,'00_SKU_Master'!$B$2:$B$379,'00_SKU_Master'!$F$2:$F$379,0)*AE20,"") -> 1852.4809 | K20: =SUM(D20:J20) -> 7496.9529 | L20: =_xlfn.XLOOKUP(X20,'00_SKU_Master'!$B$2:$B$379,'00_SKU_Master'!$K$2:$K$379) -> Fast | M20: =X20 -> 1877 | N20: =IFERROR(D20/_xlfn.XLOOKUP($M20,'00_SKU_Master'!$B$2:$B$379,'00_SKU_Master'!$M$2:$M$379,0),"0") -> 0 | O20: =IFERROR(E20/_xlfn.XLOOKUP($M20,'00_SKU_Master'!$B$2:$B$379,'00_SKU_Master'!$M$2:$M$379,0),"0") -> 19.986261 | P20: =IFERROR(F20/_xlfn.XLOOKUP($M20,'00_SKU_Master'!$B$2:$B$379,'00_SKU_Master'!$M$2:$M$379,0),"0") -> 17.596599 | Q20: =IFERROR(G20/_xlfn.XLOOKUP($M20,'00_SKU_Master'!$B$2:$B$379,'00_SKU_Master'!$M$2:$M$379,0),"0") -> 25.200068 | R20: =IFERROR(H20/_xlfn.XLOOKUP($M20,'00_SKU_Master'!$B$2:$B$379,'00_SKU_Master'!$M$2:$M$379,0),"0") -> 35.844924 | S20: =IFERROR(I20/_xlfn.XLOOKUP($M20,'00_SKU_Master'!$B$2:$B$379,'00_SKU_Master'!$M$2:$M$379,0),"0") -> 0 | T20: =IFERROR(J20/_xlfn.XLOOKUP($M20,'00_SKU_Master'!$B$2:$B$379,'00_SKU_Master'!$M$2:$M$379,0),"0") -> 32.369053 | U20: =SUM(N20:T20) -> 130.9969 | V20: =_xlfn.XLOOKUP(M20,'00_SKU_Master'!$B$2:$B$379,'00_SKU_Master'!$D$2:$D$379) -> FB | X20: ='05_Daily_Orders'!C21 -> 1877 | Z20: 92 | AA20: 81 | AB20: 116 | AC20: 165 | AD20: 0 | AE20: 149 | AF20: =SUM(Y20:AE20) -> 603 | AQ20: 0 | AR20: 92 | AS20: =AR20-AQ20 -> 92
A21: =_xlfn.XLOOKUP(X21,'00_SKU_Master'!$B$2:$B$379,'00_SKU_Master'!$C$2:$C$379) -> 61040#2 | B21: =_xlfn.XLOOKUP(X21,tblSKU[SKU],tblSKU[Product_Group]) -> SplitBreast | C21: =_xlfn.XLOOKUP(X21,tblSKU[SKU],tblSKU[Tray_Type]) -> LT 14D | D21: =_xlfn.IFNA(_xlfn.XLOOKUP(X21,'00_SKU_Master'!$B$2:$B$379,'00_SKU_Master'!$F$2:$F$379,0)*Y21,"") -> 0 | E21: =_xlfn.IFNA(_xlfn.XLOOKUP(X21,'00_SKU_Master'!$B$2:$B$379,'00_SKU_Master'!$F$2:$F$379,0)*Z21,"") -> 0 | F21: =_xlfn.IFNA(_xlfn.XLOOKUP(X21,'00_SKU_Master'!$B$2:$B$379,'00_SKU_Master'!$F$2:$F$379,0)*AA21,"") -> 0 | G21: =_xlfn.IFNA(_xlfn.XLOOKUP(X21,'00_SKU_Master'!$B$2:$B$379,'00_SKU_Master'!$F$2:$F$379,0)*AB21,"") -> 0 | H21: =_xlfn.IFNA(_xlfn.XLOOKUP(X21,'00_SKU_Master'!$B$2:$B$379,'00_SKU_Master'!$F$2:$F$379,0)*AC21,"") -> 0 | I21: =_xlfn.IFNA(_xlfn.XLOOKUP(X21,'00_SKU_Master'!$B$2:$B$379,'00_SKU_Master'!$F$2:$F$379,0)*AD21,"") -> 0 | J21: =_xlfn.IFNA(_xlfn.XLOOKUP(X21,'00_SKU_Master'!$B$2:$B$379,'00_SKU_Master'!$F$2:$F$379,0)*AE21,"") -> 0 | K21: =SUM(D21:J21) -> 0 | L21: =_xlfn.XLOOKUP(X21,'00_SKU_Master'!$B$2:$B$379,'00_SKU_Master'!$K$2:$K$379) -> Fast | M21: =X21 -> 1878 | N21: =IFERROR(D21/_xlfn.XLOOKUP($M21,'00_SKU_Master'!$B$2:$B$379,'00_SKU_Master'!$M$2:$M$379,0),"0") -> 0 | O21: =IFERROR(E21/_xlfn.XLOOKUP($M21,'00_SKU_Master'!$B$2:$B$379,'00_SKU_Master'!$M$2:$M$379,0),"0") -> 0 | P21: =IFERROR(F21/_xlfn.XLOOKUP($M21,'00_SKU_Master'!$B$2:$B$379,'00_SKU_Master'!$M$2:$M$379,0),"0") -> 0 | Q21: =IFERROR(G21/_xlfn.XLOOKUP($M21,'00_SKU_Master'!$B$2:$B$379,'00_SKU_Master'!$M$2:$M$379,0),"0") -> 0 | R21: =IFERROR(H21/_xlfn.XLOOKUP($M21,'00_SKU_Master'!$B$2:$B$379,'00_SKU_Master'!$M$2:$M$379,0),"0") -> 0 | S21: =IFERROR(I21/_xlfn.XLOOKUP($M21,'00_SKU_Master'!$B$2:$B$379,'00_SKU_Master'!$M$2:$M$379,0),"0") -> 0 | T21: =IFERROR(J21/_xlfn.XLOOKUP($M21,'00_SKU_Master'!$B$2:$B$379,'00_SKU_Master'!$M$2:$M$379,0),"0") -> 0 | U21: =SUM(N21:T21) -> 0 | V21: =_xlfn.XLOOKUP(M21,'00_SKU_Master'!$B$2:$B$379,'00_SKU_Master'!$D$2:$D$379) -> FB | X21: ='05_Daily_Orders'!C22 -> 1878 | Z21: -1 | AA21: 50 | AB21: 67 | AC21: 89 | AD21: 0 | AE21: 0 | AF21: =SUM(Y21:AE21) -> 205 | AQ21: 1 | AR21: 0 | AS21: =AR21-AQ21 -> -1
A22: =_xlfn.XLOOKUP(X22,'00_SKU_Master'!$B$2:$B$379,'00_SKU_Master'!$C$2:$C$379) -> 61050#2 | B22: =_xlfn.XLOOKUP(X22,tblSKU[SKU],tblSKU[Product_Group]) -> BSB | C22: =_xlfn.XLOOKUP(X22,tblSKU[SKU],tblSKU[Tray_Type]) -> ST 2HP | D22: =_xlfn.IFNA(_xlfn.XLOOKUP(X22,'00_SKU_Master'!$B$2:$B$379,'00_SKU_Master'!$F$2:$F$379,0)*Y22,"") -> 0 | E22: =_xlfn.IFNA(_xlfn.XLOOKUP(X22,'00_SKU_Master'!$B$2:$B$379,'00_SKU_Master'!$F$2:$F$379,0)*Z22,"") -> 0 | F22: =_xlfn.IFNA(_xlfn.XLOOKUP(X22,'00_SKU_Master'!$B$2:$B$379,'00_SKU_Master'!$F$2:$F$379,0)*AA22,"") -> 0 | G22: =_xlfn.IFNA(_xlfn.XLOOKUP(X22,'00_SKU_Master'!$B$2:$B$379,'00_SKU_Master'!$F$2:$F$379,0)*AB22,"") -> 0 | H22: =_xlfn.IFNA(_xlfn.XLOOKUP(X22,'00_SKU_Master'!$B$2:$B$379,'00_SKU_Master'!$F$2:$F$379,0)*AC22,"") -> 0 | I22: =_xlfn.IFNA(_xlfn.XLOOKUP(X22,'00_SKU_Master'!$B$2:$B$379,'00_SKU_Master'!$F$2:$F$379,0)*AD22,"") -> 0 | J22: =_xlfn.IFNA(_xlfn.XLOOKUP(X22,'00_SKU_Master'!$B$2:$B$379,'00_SKU_Master'!$F$2:$F$379,0)*AE22,"") -> 0 | K22: =SUM(D22:J22) -> 0 | L22: =_xlfn.XLOOKUP(X22,'00_SKU_Master'!$B$2:$B$379,'00_SKU_Master'!$K$2:$K$379) -> Fast | M22: =X22 -> 1881 | N22: =IFERROR(D22/_xlfn.XLOOKUP($M22,'00_SKU_Master'!$B$2:$B$379,'00_SKU_Master'!$M$2:$M$379,0),"0") -> 0 | O22: =IFERROR(E22/_xlfn.XLOOKUP($M22,'00_SKU_Master'!$B$2:$B$379,'00_SKU_Master'!$M$2:$M$379,0),"0") -> 0 | P22: =IFERROR(F22/_xlfn.XLOOKUP($M22,'00_SKU_Master'!$B$2:$B$379,'00_SKU_Master'!$M$2:$M$379,0),"0") -> 0 | Q22: =IFERROR(G22/_xlfn.XLOOKUP($M22,'00_SKU_Master'!$B$2:$B$379,'00_SKU_Master'!$M$2:$M$379,0),"0") -> 0 | R22: =IFERROR(H22/_xlfn.XLOOKUP($M22,'00_SKU_Master'!$B$2:$B$379,'00_SKU_Master'!$M$2:$M$379,0),"0") -> 0 | S22: =IFERROR(I22/_xlfn.XLOOKUP($M22,'00_SKU_Master'!$B$2:$B$379,'00_SKU_Master'!$M$2:$M$379,0),"0") -> 0 | T22: =IFERROR(J22/_xlfn.XLOOKUP($M22,'00_SKU_Master'!$B$2:$B$379,'00_SKU_Master'!$M$2:$M$379,0),"0") -> 0 | U22: =SUM(N22:T22) -> 0 | V22: =_xlfn.XLOOKUP(M22,'00_SKU_Master'!$B$2:$B$379,'00_SKU_Master'!$D$2:$D$379) -> FB | X22: ='05_Daily_Orders'!C23 -> 1881 | Z22: 0 | AA22: 0 | AB22: 0 | AC22: 0 | AD22: 0 | AE22: 0 | AF22: =SUM(Y22:AE22) -> 0 | AQ22: 0 | AR22: 0 | AS22: =AR22-AQ22 -> 0
A23: =_xlfn.XLOOKUP(X23,'00_SKU_Master'!$B$2:$B$379,'00_SKU_Master'!$C$2:$C$379) -> 61048#2 | B23: =_xlfn.XLOOKUP(X23,tblSKU[SKU],tblSKU[Product_Group]) -> SplitBreast | C23: =_xlfn.XLOOKUP(X23,tblSKU[SKU],tblSKU[Tray_Type]) -> ST 3XP | D23: =_xlfn.IFNA(_xlfn.XLOOKUP(X23,'00_SKU_Master'!$B$2:$B$379,'00_SKU_Master'!$F$2:$F$379,0)*Y23,"") -> 0 | E23: =_xlfn.IFNA(_xlfn.XLOOKUP(X23,'00_SKU_Master'!$B$2:$B$379,'00_SKU_Master'!$F$2:$F$379,0)*Z23,"") -> 0 | F23: =_xlfn.IFNA(_xlfn.XLOOKUP(X23,'00_SKU_Master'!$B$2:$B$379,'00_SKU_Master'!$F$2:$F$379,0)*AA23,"") -> 0 | G23: =_xlfn.IFNA(_xlfn.XLOOKUP(X23,'00_SKU_Master'!$B$2:$B$379,'00_SKU_Master'!$F$2:$F$379,0)*AB23,"") -> 0 | H23: =_xlfn.IFNA(_xlfn.XLOOKUP(X23,'00_SKU_Master'!$B$2:$B$379,'00_SKU_Master'!$F$2:$F$379,0)*AC23,"") -> 0 | I23: =_xlfn.IFNA(_xlfn.XLOOKUP(X23,'00_SKU_Master'!$B$2:$B$379,'00_SKU_Master'!$F$2:$F$379,0)*AD23,"") -> 0 | J23: =_xlfn.IFNA(_xlfn.XLOOKUP(X23,'00_SKU_Master'!$B$2:$B$379,'00_SKU_Master'!$F$2:$F$379,0)*AE23,"") -> 0 | K23: =SUM(D23:J23) -> 0 | L23: =_xlfn.XLOOKUP(X23,'00_SKU_Master'!$B$2:$B$379,'00_SKU_Master'!$K$2:$K$379) -> Fast | M23: =X23 -> 2030 | N23: =IFERROR(D23/_xlfn.XLOOKUP($M23,'00_SKU_Master'!$B$2:$B$379,'00_SKU_Master'!$M$2:$M$379,0),"0") -> 0 | O23: =IFERROR(E23/_xlfn.XLOOKUP($M23,'00_SKU_Master'!$B$2:$B$379,'00_SKU_Master'!$M$2:$M$379,0),"0") -> 0 | P23: =IFERROR(F23/_xlfn.XLOOKUP($M23,'00_SKU_Master'!$B$2:$B$379,'00_SKU_Master'!$M$2:$M$379,0),"0") -> 0 | Q23: =IFERROR(G23/_xlfn.XLOOKUP($M23,'00_SKU_Master'!$B$2:$B$379,'00_SKU_Master'!$M$2:$M$379,0),"0") -> 0 | R23: =IFERROR(H23/_xlfn.XLOOKUP($M23,'00_SKU_Master'!$B$2:$B$379,'00_SKU_Master'!$M$2:$M$379,0),"0") -> 0 | S23: =IFERROR(I23/_xlfn.XLOOKUP($M23,'00_SKU_Master'!$B$2:$B$379,'00_SKU_Master'!$M$2:$M$379,0),"0") -> 0 | T23: =IFERROR(J23/_xlfn.XLOOKUP($M23,'00_SKU_Master'!$B$2:$B$379,'00_SKU_Master'!$M$2:$M$379,0),"0") -> 0 | U23: =SUM(N23:T23) -> 0 | V23: =_xlfn.XLOOKUP(M23,'00_SKU_Master'!$B$2:$B$379,'00_SKU_Master'!$D$2:$D$379) -> FB | X23: ='05_Daily_Orders'!C24 -> 2030 | Z23: 0 | AA23: 0 | AB23: 0 | AC23: 0 | AD23: 0 | AE23: 0 | AF23: =SUM(Y23:AE23) -> 0 | AQ23: 0 | AR23: 0 | AS23: =AR23-AQ23 -> 0
A24: =_xlfn.XLOOKUP(X24,'00_SKU_Master'!$B$2:$B$379,'00_SKU_Master'!$C$2:$C$379) -> 61048#2 | B24: =_xlfn.XLOOKUP(X24,tblSKU[SKU],tblSKU[Product_Group]) -> SplitBreast | C24: =_xlfn.XLOOKUP(X24,tblSKU[SKU],tblSKU[Tray_Type]) -> LT 8XP | D24: =_xlfn.IFNA(_xlfn.XLOOKUP(X24,'00_SKU_Master'!$B$2:$B$379,'00_SKU_Master'!$F$2:$F$379,0)*Y24,"") -> 0 | E24: =_xlfn.IFNA(_xlfn.XLOOKUP(X24,'00_SKU_Master'!$B$2:$B$379,'00_SKU_Master'!$F$2:$F$379,0)*Z24,"") -> 0 | F24: =_xlfn.IFNA(_xlfn.XLOOKUP(X24,'00_SKU_Master'!$B$2:$B$379,'00_SKU_Master'!$F$2:$F$379,0)*AA24,"") -> 0 | G24: =_xlfn.IFNA(_xlfn.XLOOKUP(X24,'00_SKU_Master'!$B$2:$B$379,'00_SKU_Master'!$F$2:$F$379,0)*AB24,"") -> 0 | H24: =_xlfn.IFNA(_xlfn.XLOOKUP(X24,'00_SKU_Master'!$B$2:$B$379,'00_SKU_Master'!$F$2:$F$379,0)*AC24,"") -> 0 | I24: =_xlfn.IFNA(_xlfn.XLOOKUP(X24,'00_SKU_Master'!$B$2:$B$379,'00_SKU_Master'!$F$2:$F$379,0)*AD24,"") -> 0 | J24: =_xlfn.IFNA(_xlfn.XLOOKUP(X24,'00_SKU_Master'!$B$2:$B$379,'00_SKU_Master'!$F$2:$F$379,0)*AE24,"") -> 0 | K24: =SUM(D24:J24) -> 0 | L24: =_xlfn.XLOOKUP(X24,'00_SKU_Master'!$B$2:$B$379,'00_SKU_Master'!$K$2:$K$379) -> Fast | M24: =X24 -> 2031 | N24: =IFERROR(D24/_xlfn.XLOOKUP($M24,'00_SKU_Master'!$B$2:$B$379,'00_SKU_Master'!$M$2:$M$379,0),"0") -> 0 | O24: =IFERROR(E24/_xlfn.XLOOKUP($M24,'00_SKU_Master'!$B$2:$B$379,'00_SKU_Master'!$M$2:$M$379,0),"0") -> 0 | P24: =IFERROR(F24/_xlfn.XLOOKUP($M24,'00_SKU_Master'!$B$2:$B$379,'00_SKU_Master'!$M$2:$M$379,0),"0") -> 0 | Q24: =IFERROR(G24/_xlfn.XLOOKUP($M24,'00_SKU_Master'!$B$2:$B$379,'00_SKU_Master'!$M$2:$M$379,0),"0") -> 0 | R24: =IFERROR(H24/_xlfn.XLOOKUP($M24,'00_SKU_Master'!$B$2:$B$379,'00_SKU_Master'!$M$2:$M$379,0),"0") -> 0 | S24: =IFERROR(I24/_xlfn.XLOOKUP($M24,'00_SKU_Master'!$B$2:$B$379,'00_SKU_Master'!$M$2:$M$379,0),"0") -> 0 | T24: =IFERROR(J24/_xlfn.XLOOKUP($M24,'00_SKU_Master'!$B$2:$B$379,'00_SKU_Master'!$M$2:$M$379,0),"0") -> 0 | U24: =SUM(N24:T24) -> 0 | V24: =_xlfn.XLOOKUP(M24,'00_SKU_Master'!$B$2:$B$379,'00_SKU_Master'!$D$2:$D$379) -> FB | X24: ='05_Daily_Orders'!C25 -> 2031 | Z24: 0 | AA24: 0 | AB24: 0 | AC24: 0 | AD24: 0 | AE24: 0 | AF24: =SUM(Y24:AE24) -> 0 | AQ24: 0 | AR24: 0 | AS24: =AR24-AQ24 -> 0
A25: =_xlfn.XLOOKUP(X25,'00_SKU_Master'!$B$2:$B$379,'00_SKU_Master'!$C$2:$C$379) -> 61050#2 | B25: =_xlfn.XLOOKUP(X25,tblSKU[SKU],tblSKU[Product_Group]) -> BSB | C25: =_xlfn.XLOOKUP(X25,tblSKU[SKU],tblSKU[Tray_Type]) -> LT 8XP | D25: =_xlfn.IFNA(_xlfn.XLOOKUP(X25,'00_SKU_Master'!$B$2:$B$379,'00_SKU_Master'!$F$2:$F$379,0)*Y25,"") -> 0 | E25: =_xlfn.IFNA(_xlfn.XLOOKUP(X25,'00_SKU_Master'!$B$2:$B$379,'00_SKU_Master'!$F$2:$F$379,0)*Z25,"") -> 0 | F25: =_xlfn.IFNA(_xlfn.XLOOKUP(X25,'00_SKU_Master'!$B$2:$B$379,'00_SKU_Master'!$F$2:$F$379,0)*AA25,"") -> 0 | G25: =_xlfn.IFNA(_xlfn.XLOOKUP(X25,'00_SKU_Master'!$B$2:$B$379,'00_SKU_Master'!$F$2:$F$379,0)*AB25,"") -> 0 | H25: =_xlfn.IFNA(_xlfn.XLOOKUP(X25,'00_SKU_Master'!$B$2:$B$379,'00_SKU_Master'!$F$2:$F$379,0)*AC25,"") -> 0 | I25: =_xlfn.IFNA(_xlfn.XLOOKUP(X25,'00_SKU_Master'!$B$2:$B$379,'00_SKU_Master'!$F$2:$F$379,0)*AD25,"") -> 0 | J25: =_xlfn.IFNA(_xlfn.XLOOKUP(X25,'00_SKU_Master'!$B$2:$B$379,'00_SKU_Master'!$F$2:$F$379,0)*AE25,"") -> 0 | K25: =SUM(D25:J25) -> 0 | L25: =_xlfn.XLOOKUP(X25,'00_SKU_Master'!$B$2:$B$379,'00_SKU_Master'!$K$2:$K$379) -> Fast | M25: =X25 -> 2042 | N25: =IFERROR(D25/_xlfn.XLOOKUP($M25,'00_SKU_Master'!$B$2:$B$379,'00_SKU_Master'!$M$2:$M$379,0),"0") -> 0 | O25: =IFERROR(E25/_xlfn.XLOOKUP($M25,'00_SKU_Master'!$B$2:$B$379,'00_SKU_Master'!$M$2:$M$379,0),"0") -> 0 | P25: =IFERROR(F25/_xlfn.XLOOKUP($M25,'00_SKU_Master'!$B$2:$B$379,'00_SKU_Master'!$M$2:$M$379,0),"0") -> 0 | Q25: =IFERROR(G25/_xlfn.XLOOKUP($M25,'00_SKU_Master'!$B$2:$B$379,'00_SKU_Master'!$M$2:$M$379,0),"0") -> 0 | R25: =IFERROR(H25/_xlfn.XLOOKUP($M25,'00_SKU_Master'!$B$2:$B$379,'00_SKU_Master'!$M$2:$M$379,0),"0") -> 0 | S25: =IFERROR(I25/_xlfn.XLOOKUP($M25,'00_SKU_Master'!$B$2:$B$379,'00_SKU_Master'!$M$2:$M$379,0),"0") -> 0 | T25: =IFERROR(J25/_xlfn.XLOOKUP($M25,'00_SKU_Master'!$B$2:$B$379,'00_SKU_Master'!$M$2:$M$379,0),"0") -> 0 | U25: =SUM(N25:T25) -> 0 | V25: =_xlfn.XLOOKUP(M25,'00_SKU_Master'!$B$2:$B$379,'00_SKU_Master'!$D$2:$D$379) -> FB | X25: ='05_Daily_Orders'!C26 -> 2042 | Z25: 0 | AA25: 0 | AB25: 0 | AC25: 0 | AD25: 0 | AE25: 0 | AF25: =SUM(Y25:AE25) -> 0 | AQ25: 0 | AR25: 0 | AS25: =AR25-AQ25 -> 0
A26: =_xlfn.XLOOKUP(X26,'00_SKU_Master'!$B$2:$B$379,'00_SKU_Master'!$C$2:$C$379) -> 61050#2 | B26: =_xlfn.XLOOKUP(X26,tblSKU[SKU],tblSKU[Product_Group]) -> BSB | C26: =_xlfn.XLOOKUP(X26,tblSKU[SKU],tblSKU[Tray_Type]) -> LT 8XP | D26: =_xlfn.IFNA(_xlfn.XLOOKUP(X26,'00_SKU_Master'!$B$2:$B$379,'00_SKU_Master'!$F$2:$F$379,0)*Y26,"") -> 0 | E26: =_xlfn.IFNA(_xlfn.XLOOKUP(X26,'00_SKU_Master'!$B$2:$B$379,'00_SKU_Master'!$F$2:$F$379,0)*Z26,"") -> 0 | F26: =_xlfn.IFNA(_xlfn.XLOOKUP(X26,'00_SKU_Master'!$B$2:$B$379,'00_SKU_Master'!$F$2:$F$379,0)*AA26,"") -> 2040.5508 | G26: =_xlfn.IFNA(_xlfn.XLOOKUP(X26,'00_SKU_Master'!$B$2:$B$379,'00_SKU_Master'!$F$2:$F$379,0)*AB26,"") -> 2569.239 | H26: =_xlfn.IFNA(_xlfn.XLOOKUP(X26,'00_SKU_Master'!$B$2:$B$379,'00_SKU_Master'!$F$2:$F$379,0)*AC26,"") -> 3246.3308 | I26: =_xlfn.IFNA(_xlfn.XLOOKUP(X26,'00_SKU_Master'!$B$2:$B$379,'00_SKU_Master'!$F$2:$F$379,0)*AD26,"") -> 0 | J26: =_xlfn.IFNA(_xlfn.XLOOKUP(X26,'00_SKU_Master'!$B$2:$B$379,'00_SKU_Master'!$F$2:$F$379,0)*AE26,"") -> 3172.129 | K26: =SUM(D26:J26) -> 11028.25 | L26: =_xlfn.XLOOKUP(X26,'00_SKU_Master'!$B$2:$B$379,'00_SKU_Master'!$K$2:$K$379) -> Fast | M26: =X26 -> 2043 | N26: =IFERROR(D26/_xlfn.XLOOKUP($M26,'00_SKU_Master'!$B$2:$B$379,'00_SKU_Master'!$M$2:$M$379,0),"0") -> 0 | O26: =IFERROR(E26/_xlfn.XLOOKUP($M26,'00_SKU_Master'!$B$2:$B$379,'00_SKU_Master'!$M$2:$M$379,0),"0") -> 0 | P26: =IFERROR(F26/_xlfn.XLOOKUP($M26,'00_SKU_Master'!$B$2:$B$379,'00_SKU_Master'!$M$2:$M$379,0),"0") -> 15.191712 | Q26: =IFERROR(G26/_xlfn.XLOOKUP($M26,'00_SKU_Master'!$B$2:$B$379,'00_SKU_Master'!$M$2:$M$379,0),"0") -> 19.127747 | R26: =IFERROR(H26/_xlfn.XLOOKUP($M26,'00_SKU_Master'!$B$2:$B$379,'00_SKU_Master'!$M$2:$M$379,0),"0") -> 24.168633 | S26: =IFERROR(I26/_xlfn.XLOOKUP($M26,'00_SKU_Master'!$B$2:$B$379,'00_SKU_Master'!$M$2:$M$379,0),"0") -> 0 | T26: =IFERROR(J26/_xlfn.XLOOKUP($M26,'00_SKU_Master'!$B$2:$B$379,'00_SKU_Master'!$M$2:$M$379,0),"0") -> 23.616208 | U26: =SUM(N26:T26) -> 82.104301 | V26: =_xlfn.XLOOKUP(M26,'00_SKU_Master'!$B$2:$B$379,'00_SKU_Master'!$D$2:$D$379) -> FB | X26: ='05_Daily_Orders'!C27 -> 2043 | Z26: 0 | AA26: 220 | AB26: 277 | AC26: 350 | AD26: 0 | AE26: 342 | AF26: =SUM(Y26:AE26) -> 1189 | AQ26: 0 | AR26: 0 | AS26: =AR26-AQ26 -> 0
A27: =_xlfn.XLOOKUP(X27,'00_SKU_Master'!$B$2:$B$379,'00_SKU_Master'!$C$2:$C$379) -> 61104 | B27: =_xlfn.XLOOKUP(X27,tblSKU[SKU],tblSKU[Product_Group]) -> BSB | C27: =_xlfn.XLOOKUP(X27,tblSKU[SKU],tblSKU[Tray_Type]) -> LT 8XP | D27: =_xlfn.IFNA(_xlfn.XLOOKUP(X27,'00_SKU_Master'!$B$2:$B$379,'00_SKU_Master'!$F$2:$F$379,0)*Y27,"") -> 0 | E27: =_xlfn.IFNA(_xlfn.XLOOKUP(X27,'00_SKU_Master'!$B$2:$B$379,'00_SKU_Master'!$F$2:$F$379,0)*Z27,"") -> 178.44939 | F27: =_xlfn.IFNA(_xlfn.XLOOKUP(X27,'00_SKU_Master'!$B$2:$B$379,'00_SKU_Master'!$F$2:$F$379,0)*AA27,"") -> 401.51114 | G27: =_xlfn.IFNA(_xlfn.XLOOKUP(X27,'00_SKU_Master'!$B$2:$B$379,'00_SKU_Master'!$F$2:$F$379,0)*AB27,"") -> 676.62062 | H27: =_xlfn.IFNA(_xlfn.XLOOKUP(X27,'00_SKU_Master'!$B$2:$B$379,'00_SKU_Master'!$F$2:$F$379,0)*AC27,"") -> 921.98853 | I27: =_xlfn.IFNA(_xlfn.XLOOKUP(X27,'00_SKU_Master'!$B$2:$B$379,'00_SKU_Master'!$F$2:$F$379,0)*AD27,"") -> 0 | J27: =_xlfn.IFNA(_xlfn.XLOOKUP(X27,'00_SKU_Master'!$B$2:$B$379,'00_SKU_Master'!$F$2:$F$379,0)*AE27,"") -> 907.11775 | K27: =SUM(D27:J27) -> 3085.6874 | L27: =_xlfn.XLOOKUP(X27,'00_SKU_Master'!$B$2:$B$379,'00_SKU_Master'!$K$2:$K$379) -> Fast | M27: =X27 -> 2044 | N27: =IFERROR(D27/_xlfn.XLOOKUP($M27,'00_SKU_Master'!$B$2:$B$379,'00_SKU_Master'!$M$2:$M$379,0),"0") -> 0 | O27: =IFERROR(E27/_xlfn.XLOOKUP($M27,'00_SKU_Master'!$B$2:$B$379,'00_SKU_Master'!$M$2:$M$379,0),"0") -> 3.1350912 | P27: =IFERROR(F27/_xlfn.XLOOKUP($M27,'00_SKU_Master'!$B$2:$B$379,'00_SKU_Master'!$M$2:$M$379,0),"0") -> 7.0539553 | Q27: =IFERROR(G27/_xlfn.XLOOKUP($M27,'00_SKU_Master'!$B$2:$B$379,'00_SKU_Master'!$M$2:$M$379,0),"0") -> 11.887221 | R27: =IFERROR(H27/_xlfn.XLOOKUP($M27,'00_SKU_Master'!$B$2:$B$379,'00_SKU_Master'!$M$2:$M$379,0),"0") -> 16.197971 | S27: =IFERROR(I27/_xlfn.XLOOKUP($M27,'00_SKU_Master'!$B$2:$B$379,'00_SKU_Master'!$M$2:$M$379,0),"0") -> 0 | T27: =IFERROR(J27/_xlfn.XLOOKUP($M27,'00_SKU_Master'!$B$2:$B$379,'00_SKU_Master'!$M$2:$M$379,0),"0") -> 15.936714 | U27: =SUM(N27:T27) -> 54.210953 | V27: =_xlfn.XLOOKUP(M27,'00_SKU_Master'!$B$2:$B$379,'00_SKU_Master'!$D$2:$D$379) -> FB | X27: ='05_Daily_Orders'!C28 -> 2044 | Z27: 24 | AA27: 54 | AB27: 91 | AC27: 124 | AD27: 0 | AE27: 122 | AF27: =SUM(Y27:AE27) -> 415 | AQ27: 0 | AR27: 24 | AS27: =AR27-AQ27 -> 24
A28: =_xlfn.XLOOKUP(X28,'00_SKU_Master'!$B$2:$B$379,'00_SKU_Master'!$C$2:$C$379) -> 61072#2 | B28: =_xlfn.XLOOKUP(X28,tblSKU[SKU],tblSKU[Product_Group]) -> Drum | C28: =_xlfn.XLOOKUP(X28,tblSKU[SKU],tblSKU[Tray_Type]) -> ST 3XP | D28: =_xlfn.IFNA(_xlfn.XLOOKUP(X28,'00_SKU_Master'!$B$2:$B$379,'00_SKU_Master'!$F$2:$F$379,0)*Y28,"") -> 0 | E28: =_xlfn.IFNA(_xlfn.XLOOKUP(X28,'00_SKU_Master'!$B$2:$B$379,'00_SKU_Master'!$F$2:$F$379,0)*Z28,"") -> -9.7147798 | F28: =_xlfn.IFNA(_xlfn.XLOOKUP(X28,'00_SKU_Master'!$B$2:$B$379,'00_SKU_Master'!$F$2:$F$379,0)*AA28,"") -> 267.15644 | G28: =_xlfn.IFNA(_xlfn.XLOOKUP(X28,'00_SKU_Master'!$B$2:$B$379,'00_SKU_Master'!$F$2:$F$379,0)*AB28,"") -> 359.44685 | H28: =_xlfn.IFNA(_xlfn.XLOOKUP(X28,'00_SKU_Master'!$B$2:$B$379,'00_SKU_Master'!$F$2:$F$379,0)*AC28,"") -> 461.45204 | I28: =_xlfn.IFNA(_xlfn.XLOOKUP(X28,'00_SKU_Master'!$B$2:$B$379,'00_SKU_Master'!$F$2:$F$379,0)*AD28,"") -> 0 | J28: =_xlfn.IFNA(_xlfn.XLOOKUP(X28,'00_SKU_Master'!$B$2:$B$379,'00_SKU_Master'!$F$2:$F$379,0)*AE28,"") -> 510.02594 | K28: =SUM(D28:J28) -> 1588.3665 | L28: =_xlfn.XLOOKUP(X28,'00_SKU_Master'!$B$2:$B$379,'00_SKU_Master'!$K$2:$K$379) -> Fast | M28: =X28 -> 2045 | N28: =IFERROR(D28/_xlfn.XLOOKUP($M28,'00_SKU_Master'!$B$2:$B$379,'00_SKU_Master'!$M$2:$M$379,0),"0") -> 0 | O28: =IFERROR(E28/_xlfn.XLOOKUP($M28,'00_SKU_Master'!$B$2:$B$379,'00_SKU_Master'!$M$2:$M$379,0),"0") -> -0.18057211 | P28: =IFERROR(F28/_xlfn.XLOOKUP($M28,'00_SKU_Master'!$B$2:$B$379,'00_SKU_Master'!$M$2:$M$379,0),"0") -> 4.9657332 | Q28: =IFERROR(G28/_xlfn.XLOOKUP($M28,'00_SKU_Master'!$B$2:$B$379,'00_SKU_Master'!$M$2:$M$379,0),"0") -> 6.6811683 | R28: =IFERROR(H28/_xlfn.XLOOKUP($M28,'00_SKU_Master'!$B$2:$B$379,'00_SKU_Master'!$M$2:$M$379,0),"0") -> 8.5771755 | S28: =IFERROR(I28/_xlfn.XLOOKUP($M28,'00_SKU_Master'!$B$2:$B$379,'00_SKU_Master'!$M$2:$M$379,0),"0") -> 0 | T28: =IFERROR(J28/_xlfn.XLOOKUP($M28,'00_SKU_Master'!$B$2:$B$379,'00_SKU_Master'!$M$2:$M$379,0),"0") -> 9.480036 | U28: =SUM(N28:T28) -> 29.523541 | V28: =_xlfn.XLOOKUP(M28,'00_SKU_Master'!$B$2:$B$379,'00_SKU_Master'!$D$2:$D$379) -> FB | X28: ='05_Daily_Orders'!C29 -> 2045 | Z28: -2 | AA28: 55 | AB28: 74 | AC28: 95 | AD28: 0 | AE28: 105 | AF28: =SUM(Y28:AE28) -> 327 | AQ28: 2 | AR28: 0 | AS28: =AR28-AQ28 -> -2
A29: =_xlfn.XLOOKUP(X29,'00_SKU_Master'!$B$2:$B$379,'00_SKU_Master'!$C$2:$C$379) -> 61082 | B29: =_xlfn.XLOOKUP(X29,tblSKU[SKU],tblSKU[Product_Group]) -> Thigh | C29: =_xlfn.XLOOKUP(X29,tblSKU[SKU],tblSKU[Tray_Type]) -> ST 3XP | D29: =_xlfn.IFNA(_xlfn.XLOOKUP(X29,'00_SKU_Master'!$B$2:$B$379,'00_SKU_Master'!$F$2:$F$379,0)*Y29,"") -> 0 | E29: =_xlfn.IFNA(_xlfn.XLOOKUP(X29,'00_SKU_Master'!$B$2:$B$379,'00_SKU_Master'!$F$2:$F$379,0)*Z29,"") -> 659.21822 | F29: =_xlfn.IFNA(_xlfn.XLOOKUP(X29,'00_SKU_Master'!$B$2:$B$379,'00_SKU_Master'!$F$2:$F$379,0)*AA29,"") -> 439.47882 | G29: =_xlfn.IFNA(_xlfn.XLOOKUP(X29,'00_SKU_Master'!$B$2:$B$379,'00_SKU_Master'!$F$2:$F$379,0)*AB29,"") -> 624.25968 | H29: =_xlfn.IFNA(_xlfn.XLOOKUP(X29,'00_SKU_Master'!$B$2:$B$379,'00_SKU_Master'!$F$2:$F$379,0)*AC29,"") -> 784.07016 | I29: =_xlfn.IFNA(_xlfn.XLOOKUP(X29,'00_SKU_Master'!$B$2:$B$379,'00_SKU_Master'!$F$2:$F$379,0)*AD29,"") -> 0 | J29: =_xlfn.IFNA(_xlfn.XLOOKUP(X29,'00_SKU_Master'!$B$2:$B$379,'00_SKU_Master'!$F$2:$F$379,0)*AE29,"") -> 789.06424 | K29: =SUM(D29:J29) -> 3296.0911 | L29: =_xlfn.XLOOKUP(X29,'00_SKU_Master'!$B$2:$B$379,'00_SKU_Master'!$K$2:$K$379) -> Fast | M29: =X29 -> 2046 | N29: =IFERROR(D29/_xlfn.XLOOKUP($M29,'00_SKU_Master'!$B$2:$B$379,'00_SKU_Master'!$M$2:$M$379,0),"0") -> 0 | O29: =IFERROR(E29/_xlfn.XLOOKUP($M29,'00_SKU_Master'!$B$2:$B$379,'00_SKU_Master'!$M$2:$M$379,0),"0") -> 17.384447 | P29: =IFERROR(F29/_xlfn.XLOOKUP($M29,'00_SKU_Master'!$B$2:$B$379,'00_SKU_Master'!$M$2:$M$379,0),"0") -> 11.589631 | Q29: =IFERROR(G29/_xlfn.XLOOKUP($M29,'00_SKU_Master'!$B$2:$B$379,'00_SKU_Master'!$M$2:$M$379,0),"0") -> 16.462544 | R29: =IFERROR(H29/_xlfn.XLOOKUP($M29,'00_SKU_Master'!$B$2:$B$379,'00_SKU_Master'!$M$2:$M$379,0),"0") -> 20.676956 | S29: =IFERROR(I29/_xlfn.XLOOKUP($M29,'00_SKU_Master'!$B$2:$B$379,'00_SKU_Master'!$M$2:$M$379,0),"0") -> 0 | T29: =IFERROR(J29/_xlfn.XLOOKUP($M29,'00_SKU_Master'!$B$2:$B$379,'00_SKU_Master'!$M$2:$M$379,0),"0") -> 20.808656 | U29: =SUM(N29:T29) -> 86.922234 | V29: =_xlfn.XLOOKUP(M29,'00_SKU_Master'!$B$2:$B$379,'00_SKU_Master'!$D$2:$D$379) -> FB | X29: ='05_Daily_Orders'!C30 -> 2046 | Z29: 132 | AA29: 88 | AB29: 125 | AC29: 157 | AD29: 0 | AE29: 158 | AF29: =SUM(Y29:AE29) -> 660 | AQ29: 0 | AR29: 132 | AS29: =AR29-AQ29 -> 132
A30: =_xlfn.XLOOKUP(X30,'00_SKU_Master'!$B$2:$B$379,'00_SKU_Master'!$C$2:$C$379) -> 61010 | B30: =_xlfn.XLOOKUP(X30,tblSKU[SKU],tblSKU[Product_Group]) -> Wing | C30: =_xlfn.XLOOKUP(X30,tblSKU[SKU],tblSKU[Tray_Type]) -> LT 14D | D30: =_xlfn.IFNA(_xlfn.XLOOKUP(X30,'00_SKU_Master'!$B$2:$B$379,'00_SKU_Master'!$F$2:$F$379,0)*Y30,"") -> 0 | E30: =_xlfn.IFNA(_xlfn.XLOOKUP(X30,'00_SKU_Master'!$B$2:$B$379,'00_SKU_Master'!$F$2:$F$379,0)*Z30,"") -> 214.71146 | F30: =_xlfn.IFNA(_xlfn.XLOOKUP(X30,'00_SKU_Master'!$B$2:$B$379,'00_SKU_Master'!$F$2:$F$379,0)*AA30,"") -> 0 | G30: =_xlfn.IFNA(_xlfn.XLOOKUP(X30,'00_SKU_Master'!$B$2:$B$379,'00_SKU_Master'!$F$2:$F$379,0)*AB30,"") -> 283.02875 | H30: =_xlfn.IFNA(_xlfn.XLOOKUP(X30,'00_SKU_Master'!$B$2:$B$379,'00_SKU_Master'!$F$2:$F$379,0)*AC30,"") -> 351.34603 | I30: =_xlfn.IFNA(_xlfn.XLOOKUP(X30,'00_SKU_Master'!$B$2:$B$379,'00_SKU_Master'!$F$2:$F$379,0)*AD30,"") -> 0 | J30: =_xlfn.IFNA(_xlfn.XLOOKUP(X30,'00_SKU_Master'!$B$2:$B$379,'00_SKU_Master'!$F$2:$F$379,0)*AE30,"") -> 302.54797 | K30: =SUM(D30:J30) -> 1151.6342 | L30: =_xlfn.XLOOKUP(X30,'00_SKU_Master'!$B$2:$B$379,'00_SKU_Master'!$K$2:$K$379) -> Fast | M30: =X30 -> 2047 | N30: =IFERROR(D30/_xlfn.XLOOKUP($M30,'00_SKU_Master'!$B$2:$B$379,'00_SKU_Master'!$M$2:$M$379,0),"0") -> 0 | O30: =IFERROR(E30/_xlfn.XLOOKUP($M30,'00_SKU_Master'!$B$2:$B$379,'00_SKU_Master'!$M$2:$M$379,0),"0") -> 6.1171357 | P30: =IFERROR(F30/_xlfn.XLOOKUP($M30,'00_SKU_Master'!$B$2:$B$379,'00_SKU_Master'!$M$2:$M$379,0),"0") -> 0 | Q30: =IFERROR(G30/_xlfn.XLOOKUP($M30,'00_SKU_Master'!$B$2:$B$379,'00_SKU_Master'!$M$2:$M$379,0),"0") -> 8.063497 | R30: =IFERROR(H30/_xlfn.XLOOKUP($M30,'00_SKU_Master'!$B$2:$B$379,'00_SKU_Master'!$M$2:$M$379,0),"0") -> 10.009858 | S30: =IFERROR(I30/_xlfn.XLOOKUP($M30,'00_SKU_Master'!$B$2:$B$379,'00_SKU_Master'!$M$2:$M$379,0),"0") -> 0 | T30: =IFERROR(J30/_xlfn.XLOOKUP($M30,'00_SKU_Master'!$B$2:$B$379,'00_SKU_Master'!$M$2:$M$379,0),"0") -> 8.6196003 | U30: =SUM(N30:T30) -> 32.810091 | V30: =_xlfn.XLOOKUP(M30,'00_SKU_Master'!$B$2:$B$379,'00_SKU_Master'!$D$2:$D$379) -> FB | X30: ='05_Daily_Orders'!C31 -> 2047 | Z30: 22 | AA30: 0 | AB30: 29 | AC30: 36 | AD30: 0 | AE30: 31 | AF30: =SUM(Y30:AE30) -> 118 | AQ30: 0 | AR30: 22 | AS30: =AR30-AQ30 -> 22
A31: =_xlfn.XLOOKUP(X31,'00_SKU_Master'!$B$2:$B$379,'00_SKU_Master'!$C$2:$C$379) -> 61072#2 | B31: =_xlfn.XLOOKUP(X31,tblSKU[SKU],tblSKU[Product_Group]) -> Drum | C31: =_xlfn.XLOOKUP(X31,tblSKU[SKU],tblSKU[Tray_Type]) -> LT 8XP | D31: =_xlfn.IFNA(_xlfn.XLOOKUP(X31,'00_SKU_Master'!$B$2:$B$379,'00_SKU_Master'!$F$2:$F$379,0)*Y31,"") -> 0 | E31: =_xlfn.IFNA(_xlfn.XLOOKUP(X31,'00_SKU_Master'!$B$2:$B$379,'00_SKU_Master'!$F$2:$F$379,0)*Z31,"") -> 0 | F31: =_xlfn.IFNA(_xlfn.XLOOKUP(X31,'00_SKU_Master'!$B$2:$B$379,'00_SKU_Master'!$F$2:$F$379,0)*AA31,"") -> 401.99596 | G31: =_xlfn.IFNA(_xlfn.XLOOKUP(X31,'00_SKU_Master'!$B$2:$B$379,'00_SKU_Master'!$F$2:$F$379,0)*AB31,"") -> 401.99596 | H31: =_xlfn.IFNA(_xlfn.XLOOKUP(X31,'00_SKU_Master'!$B$2:$B$379,'00_SKU_Master'!$F$2:$F$379,0)*AC31,"") -> 1406.9858 | I31: =_xlfn.IFNA(_xlfn.XLOOKUP(X31,'00_SKU_Master'!$B$2:$B$379,'00_SKU_Master'!$F$2:$F$379,0)*AD31,"") -> 0 | J31: =_xlfn.IFNA(_xlfn.XLOOKUP(X31,'00_SKU_Master'!$B$2:$B$379,'00_SKU_Master'!$F$2:$F$379,0)*AE31,"") -> 0 | K31: =SUM(D31:J31) -> 2210.9778 | L31: =_xlfn.XLOOKUP(X31,'00_SKU_Master'!$B$2:$B$379,'00_SKU_Master'!$K$2:$K$379) -> Fast | M31: =X31 -> 2060 | N31: =IFERROR(D31/_xlfn.XLOOKUP($M31,'00_SKU_Master'!$B$2:$B$379,'00_SKU_Master'!$M$2:$M$379,0),"0") -> 0 | O31: =IFERROR(E31/_xlfn.XLOOKUP($M31,'00_SKU_Master'!$B$2:$B$379,'00_SKU_Master'!$M$2:$M$379,0),"0") -> 0 | P31: =IFERROR(F31/_xlfn.XLOOKUP($M31,'00_SKU_Master'!$B$2:$B$379,'00_SKU_Master'!$M$2:$M$379,0),"0") -> 9.0133623 | Q31: =IFERROR(G31/_xlfn.XLOOKUP($M31,'00_SKU_Master'!$B$2:$B$379,'00_SKU_Master'!$M$2:$M$379,0),"0") -> 9.0133623 | R31: =IFERROR(H31/_xlfn.XLOOKUP($M31,'00_SKU_Master'!$B$2:$B$379,'00_SKU_Master'!$M$2:$M$379,0),"0") -> 31.546768 | S31: =IFERROR(I31/_xlfn.XLOOKUP($M31,'00_SKU_Master'!$B$2:$B$379,'00_SKU_Master'!$M$2:$M$379,0),"0") -> 0 | T31: =IFERROR(J31/_xlfn.XLOOKUP($M31,'00_SKU_Master'!$B$2:$B$379,'00_SKU_Master'!$M$2:$M$379,0),"0") -> 0 | U31: =SUM(N31:T31) -> 49.573492 | V31: =_xlfn.XLOOKUP(M31,'00_SKU_Master'!$B$2:$B$379,'00_SKU_Master'!$D$2:$D$379) -> METRO | X31: ='05_Daily_Orders'!C32 -> 2060 | Z31: 0 | AA31: 50 | AB31: 50 | AC31: 175 | AD31: 0 | AE31: 0 | AF31: =SUM(Y31:AE31) -> 275 | AQ31: 0 | AR31: 0 | AS31: =AR31-AQ31 -> 0
... A264: =_xlfn.XLOOKUP(X264,'00_SKU_Master'!$B$2:$B$379,'00_SKU_Master'!$C$2:$C$379) -> 203021 | B264: =_xlfn.XLOOKUP(X264,tblSKU[SKU],tblSKU[Product_Group]) -> Whole Bird-Small | C264: =_xlfn.XLOOKUP(X264,tblSKU[SKU],tblSKU[Tray_Type]) -> ST 3XP | D264: =_xlfn.IFNA(_xlfn.XLOOKUP(X264,'00_SKU_Master'!$B$2:$B$379,'00_SKU_Master'!$F$2:$F$379,0)*Y264,"") -> 0 | E264: =_xlfn.IFNA(_xlfn.XLOOKUP(X264,'00_SKU_Master'!$B$2:$B$379,'00_SKU_Master'!$F$2:$F$379,0)*Z264,"") -> 0 | F264: =_xlfn.IFNA(_xlfn.XLOOKUP(X264,'00_SKU_Master'!$B$2:$B$379,'00_SKU_Master'!$F$2:$F$379,0)*AA264,"") -> 0 | G264: =_xlfn.IFNA(_xlfn.XLOOKUP(X264,'00_SKU_Master'!$B$2:$B$379,'00_SKU_Master'!$F$2:$F$379,0)*AB264,"") -> 0 | H264: =_xlfn.IFNA(_xlfn.XLOOKUP(X264,'00_SKU_Master'!$B$2:$B$379,'00_SKU_Master'!$F$2:$F$379,0)*AC264,"") -> 0 | I264: =_xlfn.IFNA(_xlfn.XLOOKUP(X264,'00_SKU_Master'!$B$2:$B$379,'00_SKU_Master'!$F$2:$F$379,0)*AD264,"") -> 0 | J264: =_xlfn.IFNA(_xlfn.XLOOKUP(X264,'00_SKU_Master'!$B$2:$B$379,'00_SKU_Master'!$F$2:$F$379,0)*AE264,"") -> 0 | K264: =SUM(D264:J264) -> 0 | L264: =_xlfn.XLOOKUP(X264,'00_SKU_Master'!$B$2:$B$379,'00_SKU_Master'!$K$2:$K$379) -> Fast | M264: =X264 -> 207128 | N264: =IFERROR(D264/_xlfn.XLOOKUP($M264,'00_SKU_Master'!$B$2:$B$379,'00_SKU_Master'!$M$2:$M$379,0),"0") -> 0 | O264: =IFERROR(E264/_xlfn.XLOOKUP($M264,'00_SKU_Master'!$B$2:$B$379,'00_SKU_Master'!$M$2:$M$379,0),"0") -> 0 | P264: =IFERROR(F264/_xlfn.XLOOKUP($M264,'00_SKU_Master'!$B$2:$B$379,'00_SKU_Master'!$M$2:$M$379,0),"0") -> 0 | Q264: =IFERROR(G264/_xlfn.XLOOKUP($M264,'00_SKU_Master'!$B$2:$B$379,'00_SKU_Master'!$M$2:$M$379,0),"0") -> 0 | R264: =IFERROR(H264/_xlfn.XLOOKUP($M264,'00_SKU_Master'!$B$2:$B$379,'00_SKU_Master'!$M$2:$M$379,0),"0") -> 0 | S264: =IFERROR(I264/_xlfn.XLOOKUP($M264,'00_SKU_Master'!$B$2:$B$379,'00_SKU_Master'!$M$2:$M$379,0),"0") -> 0 | T264: =IFERROR(J264/_xlfn.XLOOKUP($M264,'00_SKU_Master'!$B$2:$B$379,'00_SKU_Master'!$M$2:$M$379,0),"0") -> 0 | U264: =SUM(N264:T264) -> 0 | V264: =_xlfn.XLOOKUP(M264,'00_SKU_Master'!$B$2:$B$379,'00_SKU_Master'!$D$2:$D$379) -> LCL | X264: ='05_Daily_Orders'!C265 -> 207128 | Z264: 0 | AA264: 0 | AB264: 0 | AC264: 0 | AD264: 0 | AE264: 0 | AF264: =SUM(Y264:AE264) -> 0 | AQ264: 0 | AR264: 0 | AS264: =AR264-AQ264 -> 0
A265: =_xlfn.XLOOKUP(X265,'00_SKU_Master'!$B$2:$B$379,'00_SKU_Master'!$C$2:$C$379) -> #N/A | B265: =_xlfn.XLOOKUP(X265,tblSKU[SKU],tblSKU[Product_Group]) -> #N/A | C265: =_xlfn.XLOOKUP(X265,tblSKU[SKU],tblSKU[Tray_Type]) -> #N/A | D265: =_xlfn.IFNA(_xlfn.XLOOKUP(X265,'00_SKU_Master'!$B$2:$B$379,'00_SKU_Master'!$F$2:$F$379,0)*Y265,"") -> 0 | E265: =_xlfn.IFNA(_xlfn.XLOOKUP(X265,'00_SKU_Master'!$B$2:$B$379,'00_SKU_Master'!$F$2:$F$379,0)*Z265,"") -> 0 | F265: =_xlfn.IFNA(_xlfn.XLOOKUP(X265,'00_SKU_Master'!$B$2:$B$379,'00_SKU_Master'!$F$2:$F$379,0)*AA265,"") -> 0 | G265: =_xlfn.IFNA(_xlfn.XLOOKUP(X265,'00_SKU_Master'!$B$2:$B$379,'00_SKU_Master'!$F$2:$F$379,0)*AB265,"") -> 0 | H265: =_xlfn.IFNA(_xlfn.XLOOKUP(X265,'00_SKU_Master'!$B$2:$B$379,'00_SKU_Master'!$F$2:$F$379,0)*AC265,"") -> 0 | I265: =_xlfn.IFNA(_xlfn.XLOOKUP(X265,'00_SKU_Master'!$B$2:$B$379,'00_SKU_Master'!$F$2:$F$379,0)*AD265,"") -> 0 | J265: =_xlfn.IFNA(_xlfn.XLOOKUP(X265,'00_SKU_Master'!$B$2:$B$379,'00_SKU_Master'!$F$2:$F$379,0)*AE265,"") -> 0 | K265: =SUM(D265:J265) -> 0 | L265: =_xlfn.XLOOKUP(X265,'00_SKU_Master'!$B$2:$B$379,'00_SKU_Master'!$K$2:$K$379) -> #N/A | M265: =X265 -> 0 | N265: =IFERROR(D265/_xlfn.XLOOKUP($M265,'00_SKU_Master'!$B$2:$B$379,'00_SKU_Master'!$M$2:$M$379,0),"0") -> 0 | O265: =IFERROR(E265/_xlfn.XLOOKUP($M265,'00_SKU_Master'!$B$2:$B$379,'00_SKU_Master'!$M$2:$M$379,0),"0") -> 0 | P265: =IFERROR(F265/_xlfn.XLOOKUP($M265,'00_SKU_Master'!$B$2:$B$379,'00_SKU_Master'!$M$2:$M$379,0),"0") -> 0 | Q265: =IFERROR(G265/_xlfn.XLOOKUP($M265,'00_SKU_Master'!$B$2:$B$379,'00_SKU_Master'!$M$2:$M$379,0),"0") -> 0 | R265: =IFERROR(H265/_xlfn.XLOOKUP($M265,'00_SKU_Master'!$B$2:$B$379,'00_SKU_Master'!$M$2:$M$379,0),"0") -> 0 | S265: =IFERROR(I265/_xlfn.XLOOKUP($M265,'00_SKU_Master'!$B$2:$B$379,'00_SKU_Master'!$M$2:$M$379,0),"0") -> 0 | T265: =IFERROR(J265/_xlfn.XLOOKUP($M265,'00_SKU_Master'!$B$2:$B$379,'00_SKU_Master'!$M$2:$M$379,0),"0") -> 0 | U265: =SUM(N265:T265) -> 0 | V265: =_xlfn.XLOOKUP(M265,'00_SKU_Master'!$B$2:$B$379,'00_SKU_Master'!$D$2:$D$379) -> #N/A | X265: ='05_Daily_Orders'!C266 -> 0 | AF265: =SUM(Y265:AE265) -> 0
A266: =_xlfn.XLOOKUP(X266,'00_SKU_Master'!$B$2:$B$379,'00_SKU_Master'!$C$2:$C$379) -> #N/A | B266: =_xlfn.XLOOKUP(X266,tblSKU[SKU],tblSKU[Product_Group]) -> #N/A | C266: =_xlfn.XLOOKUP(X266,tblSKU[SKU],tblSKU[Tray_Type]) -> #N/A | D266: =_xlfn.IFNA(_xlfn.XLOOKUP(X266,'00_SKU_Master'!$B$2:$B$379,'00_SKU_Master'!$F$2:$F$379,0)*Y266,"") -> 0 | E266: =_xlfn.IFNA(_xlfn.XLOOKUP(X266,'00_SKU_Master'!$B$2:$B$379,'00_SKU_Master'!$F$2:$F$379,0)*Z266,"") -> 0 | F266: =_xlfn.IFNA(_xlfn.XLOOKUP(X266,'00_SKU_Master'!$B$2:$B$379,'00_SKU_Master'!$F$2:$F$379,0)*AA266,"") -> 0 | G266: =_xlfn.IFNA(_xlfn.XLOOKUP(X266,'00_SKU_Master'!$B$2:$B$379,'00_SKU_Master'!$F$2:$F$379,0)*AB266,"") -> 0 | H266: =_xlfn.IFNA(_xlfn.XLOOKUP(X266,'00_SKU_Master'!$B$2:$B$379,'00_SKU_Master'!$F$2:$F$379,0)*AC266,"") -> 0 | I266: =_xlfn.IFNA(_xlfn.XLOOKUP(X266,'00_SKU_Master'!$B$2:$B$379,'00_SKU_Master'!$F$2:$F$379,0)*AD266,"") -> 0 | J266: =_xlfn.IFNA(_xlfn.XLOOKUP(X266,'00_SKU_Master'!$B$2:$B$379,'00_SKU_Master'!$F$2:$F$379,0)*AE266,"") -> 0 | K266: =SUM(D266:J266) -> 0 | L266: =_xlfn.XLOOKUP(X266,'00_SKU_Master'!$B$2:$B$379,'00_SKU_Master'!$K$2:$K$379) -> #N/A | M266: =X266 -> 0 | N266: =IFERROR(D266/_xlfn.XLOOKUP($M266,'00_SKU_Master'!$B$2:$B$379,'00_SKU_Master'!$M$2:$M$379,0),"0") -> 0 | O266: =IFERROR(E266/_xlfn.XLOOKUP($M266,'00_SKU_Master'!$B$2:$B$379,'00_SKU_Master'!$M$2:$M$379,0),"0") -> 0 | P266: =IFERROR(F266/_xlfn.XLOOKUP($M266,'00_SKU_Master'!$B$2:$B$379,'00_SKU_Master'!$M$2:$M$379,0),"0") -> 0 | Q266: =IFERROR(G266/_xlfn.XLOOKUP($M266,'00_SKU_Master'!$B$2:$B$379,'00_SKU_Master'!$M$2:$M$379,0),"0") -> 0 | R266: =IFERROR(H266/_xlfn.XLOOKUP($M266,'00_SKU_Master'!$B$2:$B$379,'00_SKU_Master'!$M$2:$M$379,0),"0") -> 0 | S266: =IFERROR(I266/_xlfn.XLOOKUP($M266,'00_SKU_Master'!$B$2:$B$379,'00_SKU_Master'!$M$2:$M$379,0),"0") -> 0 | T266: =IFERROR(J266/_xlfn.XLOOKUP($M266,'00_SKU_Master'!$B$2:$B$379,'00_SKU_Master'!$M$2:$M$379,0),"0") -> 0 | U266: =SUM(N266:T266) -> 0 | V266: =_xlfn.XLOOKUP(M266,'00_SKU_Master'!$B$2:$B$379,'00_SKU_Master'!$D$2:$D$379) -> #N/A | X266: ='05_Daily_Orders'!C267 -> 0 | AF266: =SUM(Y266:AE266) -> 0
A267: =_xlfn.XLOOKUP(X267,'00_SKU_Master'!$B$2:$B$379,'00_SKU_Master'!$C$2:$C$379) -> #N/A | B267: =_xlfn.XLOOKUP(X267,tblSKU[SKU],tblSKU[Product_Group]) -> #N/A | C267: =_xlfn.XLOOKUP(X267,tblSKU[SKU],tblSKU[Tray_Type]) -> #N/A | D267: =_xlfn.IFNA(_xlfn.XLOOKUP(X267,'00_SKU_Master'!$B$2:$B$379,'00_SKU_Master'!$F$2:$F$379,0)*Y267,"") -> 0 | E267: =_xlfn.IFNA(_xlfn.XLOOKUP(X267,'00_SKU_Master'!$B$2:$B$379,'00_SKU_Master'!$F$2:$F$379,0)*Z267,"") -> 0 | F267: =_xlfn.IFNA(_xlfn.XLOOKUP(X267,'00_SKU_Master'!$B$2:$B$379,'00_SKU_Master'!$F$2:$F$379,0)*AA267,"") -> 0 | G267: =_xlfn.IFNA(_xlfn.XLOOKUP(X267,'00_SKU_Master'!$B$2:$B$379,'00_SKU_Master'!$F$2:$F$379,0)*AB267,"") -> 0 | H267: =_xlfn.IFNA(_xlfn.XLOOKUP(X267,'00_SKU_Master'!$B$2:$B$379,'00_SKU_Master'!$F$2:$F$379,0)*AC267,"") -> 0 | I267: =_xlfn.IFNA(_xlfn.XLOOKUP(X267,'00_SKU_Master'!$B$2:$B$379,'00_SKU_Master'!$F$2:$F$379,0)*AD267,"") -> 0 | J267: =_xlfn.IFNA(_xlfn.XLOOKUP(X267,'00_SKU_Master'!$B$2:$B$379,'00_SKU_Master'!$F$2:$F$379,0)*AE267,"") -> 0 | K267: =SUM(D267:J267) -> 0 | L267: =_xlfn.XLOOKUP(X267,'00_SKU_Master'!$B$2:$B$379,'00_SKU_Master'!$K$2:$K$379) -> #N/A | M267: =X267 -> 0 | N267: =IFERROR(D267/_xlfn.XLOOKUP($M267,'00_SKU_Master'!$B$2:$B$379,'00_SKU_Master'!$M$2:$M$379,0),"0") -> 0 | O267: =IFERROR(E267/_xlfn.XLOOKUP($M267,'00_SKU_Master'!$B$2:$B$379,'00_SKU_Master'!$M$2:$M$379,0),"0") -> 0 | P267: =IFERROR(F267/_xlfn.XLOOKUP($M267,'00_SKU_Master'!$B$2:$B$379,'00_SKU_Master'!$M$2:$M$379,0),"0") -> 0 | Q267: =IFERROR(G267/_xlfn.XLOOKUP($M267,'00_SKU_Master'!$B$2:$B$379,'00_SKU_Master'!$M$2:$M$379,0),"0") -> 0 | R267: =IFERROR(H267/_xlfn.XLOOKUP($M267,'00_SKU_Master'!$B$2:$B$379,'00_SKU_Master'!$M$2:$M$379,0),"0") -> 0 | S267: =IFERROR(I267/_xlfn.XLOOKUP($M267,'00_SKU_Master'!$B$2:$B$379,'00_SKU_Master'!$M$2:$M$379,0),"0") -> 0 | T267: =IFERROR(J267/_xlfn.XLOOKUP($M267,'00_SKU_Master'!$B$2:$B$379,'00_SKU_Master'!$M$2:$M$379,0),"0") -> 0 | U267: =SUM(N267:T267) -> 0 | V267: =_xlfn.XLOOKUP(M267,'00_SKU_Master'!$B$2:$B$379,'00_SKU_Master'!$D$2:$D$379) -> #N/A | X267: ='05_Daily_Orders'!C268 -> 0 | AF267: =SUM(Y267:AE267) -> 0
A268: =_xlfn.XLOOKUP(X268,'00_SKU_Master'!$B$2:$B$379,'00_SKU_Master'!$C$2:$C$379) -> #N/A | B268: =_xlfn.XLOOKUP(X268,tblSKU[SKU],tblSKU[Product_Group]) -> #N/A | C268: =_xlfn.XLOOKUP(X268,tblSKU[SKU],tblSKU[Tray_Type]) -> #N/A | D268: =_xlfn.IFNA(_xlfn.XLOOKUP(X268,'00_SKU_Master'!$B$2:$B$379,'00_SKU_Master'!$F$2:$F$379,0)*Y268,"") -> 0 | E268: =_xlfn.IFNA(_xlfn.XLOOKUP(X268,'00_SKU_Master'!$B$2:$B$379,'00_SKU_Master'!$F$2:$F$379,0)*Z268,"") -> 0 | F268: =_xlfn.IFNA(_xlfn.XLOOKUP(X268,'00_SKU_Master'!$B$2:$B$379,'00_SKU_Master'!$F$2:$F$379,0)*AA268,"") -> 0 | G268: =_xlfn.IFNA(_xlfn.XLOOKUP(X268,'00_SKU_Master'!$B$2:$B$379,'00_SKU_Master'!$F$2:$F$379,0)*AB268,"") -> 0 | H268: =_xlfn.IFNA(_xlfn.XLOOKUP(X268,'00_SKU_Master'!$B$2:$B$379,'00_SKU_Master'!$F$2:$F$379,0)*AC268,"") -> 0 | I268: =_xlfn.IFNA(_xlfn.XLOOKUP(X268,'00_SKU_Master'!$B$2:$B$379,'00_SKU_Master'!$F$2:$F$379,0)*AD268,"") -> 0 | J268: =_xlfn.IFNA(_xlfn.XLOOKUP(X268,'00_SKU_Master'!$B$2:$B$379,'00_SKU_Master'!$F$2:$F$379,0)*AE268,"") -> 0 | K268: =SUM(D268:J268) -> 0 | L268: =_xlfn.XLOOKUP(X268,'00_SKU_Master'!$B$2:$B$379,'00_SKU_Master'!$K$2:$K$379) -> #N/A | M268: =X268 -> 0 | N268: =IFERROR(D268/_xlfn.XLOOKUP($M268,'00_SKU_Master'!$B$2:$B$379,'00_SKU_Master'!$M$2:$M$379,0),"0") -> 0 | O268: =IFERROR(E268/_xlfn.XLOOKUP($M268,'00_SKU_Master'!$B$2:$B$379,'00_SKU_Master'!$M$2:$M$379,0),"0") -> 0 | P268: =IFERROR(F268/_xlfn.XLOOKUP($M268,'00_SKU_Master'!$B$2:$B$379,'00_SKU_Master'!$M$2:$M$379,0),"0") -> 0 | Q268: =IFERROR(G268/_xlfn.XLOOKUP($M268,'00_SKU_Master'!$B$2:$B$379,'00_SKU_Master'!$M$2:$M$379,0),"0") -> 0 | R268: =IFERROR(H268/_xlfn.XLOOKUP($M268,'00_SKU_Master'!$B$2:$B$379,'00_SKU_Master'!$M$2:$M$379,0),"0") -> 0 | S268: =IFERROR(I268/_xlfn.XLOOKUP($M268,'00_SKU_Master'!$B$2:$B$379,'00_SKU_Master'!$M$2:$M$379,0),"0") -> 0 | T268: =IFERROR(J268/_xlfn.XLOOKUP($M268,'00_SKU_Master'!$B$2:$B$379,'00_SKU_Master'!$M$2:$M$379,0),"0") -> 0 | U268: =SUM(N268:T268) -> 0 | V268: =_xlfn.XLOOKUP(M268,'00_SKU_Master'!$B$2:$B$379,'00_SKU_Master'!$D$2:$D$379) -> #N/A | X268: ='05_Daily_Orders'!C269 -> 0 | AF268: =SUM(Y268:AE268) -> 0
A269: =_xlfn.XLOOKUP(X269,'00_SKU_Master'!$B$2:$B$379,'00_SKU_Master'!$C$2:$C$379) -> #N/A | B269: =_xlfn.XLOOKUP(X269,tblSKU[SKU],tblSKU[Product_Group]) -> #N/A | C269: =_xlfn.XLOOKUP(X269,tblSKU[SKU],tblSKU[Tray_Type]) -> #N/A | D269: =_xlfn.IFNA(_xlfn.XLOOKUP(X269,'00_SKU_Master'!$B$2:$B$379,'00_SKU_Master'!$F$2:$F$379,0)*Y269,"") -> 0 | E269: =_xlfn.IFNA(_xlfn.XLOOKUP(X269,'00_SKU_Master'!$B$2:$B$379,'00_SKU_Master'!$F$2:$F$379,0)*Z269,"") -> 0 | F269: =_xlfn.IFNA(_xlfn.XLOOKUP(X269,'00_SKU_Master'!$B$2:$B$379,'00_SKU_Master'!$F$2:$F$379,0)*AA269,"") -> 0 | G269: =_xlfn.IFNA(_xlfn.XLOOKUP(X269,'00_SKU_Master'!$B$2:$B$379,'00_SKU_Master'!$F$2:$F$379,0)*AB269,"") -> 0 | H269: =_xlfn.IFNA(_xlfn.XLOOKUP(X269,'00_SKU_Master'!$B$2:$B$379,'00_SKU_Master'!$F$2:$F$379,0)*AC269,"") -> 0 | I269: =_xlfn.IFNA(_xlfn.XLOOKUP(X269,'00_SKU_Master'!$B$2:$B$379,'00_SKU_Master'!$F$2:$F$379,0)*AD269,"") -> 0 | J269: =_xlfn.IFNA(_xlfn.XLOOKUP(X269,'00_SKU_Master'!$B$2:$B$379,'00_SKU_Master'!$F$2:$F$379,0)*AE269,"") -> 0 | K269: =SUM(D269:J269) -> 0 | L269: =_xlfn.XLOOKUP(X269,'00_SKU_Master'!$B$2:$B$379,'00_SKU_Master'!$K$2:$K$379) -> #N/A | M269: =X269 -> 0 | N269: =IFERROR(D269/_xlfn.XLOOKUP($M269,'00_SKU_Master'!$B$2:$B$379,'00_SKU_Master'!$M$2:$M$379,0),"0") -> 0 | O269: =IFERROR(E269/_xlfn.XLOOKUP($M269,'00_SKU_Master'!$B$2:$B$379,'00_SKU_Master'!$M$2:$M$379,0),"0") -> 0 | P269: =IFERROR(F269/_xlfn.XLOOKUP($M269,'00_SKU_Master'!$B$2:$B$379,'00_SKU_Master'!$M$2:$M$379,0),"0") -> 0 | Q269: =IFERROR(G269/_xlfn.XLOOKUP($M269,'00_SKU_Master'!$B$2:$B$379,'00_SKU_Master'!$M$2:$M$379,0),"0") -> 0 | R269: =IFERROR(H269/_xlfn.XLOOKUP($M269,'00_SKU_Master'!$B$2:$B$379,'00_SKU_Master'!$M$2:$M$379,0),"0") -> 0 | S269: =IFERROR(I269/_xlfn.XLOOKUP($M269,'00_SKU_Master'!$B$2:$B$379,'00_SKU_Master'!$M$2:$M$379,0),"0") -> 0 | T269: =IFERROR(J269/_xlfn.XLOOKUP($M269,'00_SKU_Master'!$B$2:$B$379,'00_SKU_Master'!$M$2:$M$379,0),"0") -> 0 | U269: =SUM(N269:T269) -> 0 | V269: =_xlfn.XLOOKUP(M269,'00_SKU_Master'!$B$2:$B$379,'00_SKU_Master'!$D$2:$D$379) -> #N/A | X269: ='05_Daily_Orders'!C270 -> 0 | AF269: =SUM(Y269:AE269) -> 0
A270: =_xlfn.XLOOKUP(X270,'00_SKU_Master'!$B$2:$B$379,'00_SKU_Master'!$C$2:$C$379) -> #N/A | B270: =_xlfn.XLOOKUP(X270,tblSKU[SKU],tblSKU[Product_Group]) -> #N/A | C270: =_xlfn.XLOOKUP(X270,tblSKU[SKU],tblSKU[Tray_Type]) -> #N/A | D270: =_xlfn.IFNA(_xlfn.XLOOKUP(X270,'00_SKU_Master'!$B$2:$B$379,'00_SKU_Master'!$F$2:$F$379,0)*Y270,"") -> 0 | E270: =_xlfn.IFNA(_xlfn.XLOOKUP(X270,'00_SKU_Master'!$B$2:$B$379,'00_SKU_Master'!$F$2:$F$379,0)*Z270,"") -> 0 | F270: =_xlfn.IFNA(_xlfn.XLOOKUP(X270,'00_SKU_Master'!$B$2:$B$379,'00_SKU_Master'!$F$2:$F$379,0)*AA270,"") -> 0 | G270: =_xlfn.IFNA(_xlfn.XLOOKUP(X270,'00_SKU_Master'!$B$2:$B$379,'00_SKU_Master'!$F$2:$F$379,0)*AB270,"") -> 0 | H270: =_xlfn.IFNA(_xlfn.XLOOKUP(X270,'00_SKU_Master'!$B$2:$B$379,'00_SKU_Master'!$F$2:$F$379,0)*AC270,"") -> 0 | I270: =_xlfn.IFNA(_xlfn.XLOOKUP(X270,'00_SKU_Master'!$B$2:$B$379,'00_SKU_Master'!$F$2:$F$379,0)*AD270,"") -> 0 | J270: =_xlfn.IFNA(_xlfn.XLOOKUP(X270,'00_SKU_Master'!$B$2:$B$379,'00_SKU_Master'!$F$2:$F$379,0)*AE270,"") -> 0 | K270: =SUM(D270:J270) -> 0 | L270: =_xlfn.XLOOKUP(X270,'00_SKU_Master'!$B$2:$B$379,'00_SKU_Master'!$K$2:$K$379) -> #N/A | M270: =X270 -> 0 | N270: =IFERROR(D270/_xlfn.XLOOKUP($M270,'00_SKU_Master'!$B$2:$B$379,'00_SKU_Master'!$M$2:$M$379,0),"0") -> 0 | O270: =IFERROR(E270/_xlfn.XLOOKUP($M270,'00_SKU_Master'!$B$2:$B$379,'00_SKU_Master'!$M$2:$M$379,0),"0") -> 0 | P270: =IFERROR(F270/_xlfn.XLOOKUP($M270,'00_SKU_Master'!$B$2:$B$379,'00_SKU_Master'!$M$2:$M$379,0),"0") -> 0 | Q270: =IFERROR(G270/_xlfn.XLOOKUP($M270,'00_SKU_Master'!$B$2:$B$379,'00_SKU_Master'!$M$2:$M$379,0),"0") -> 0 | R270: =IFERROR(H270/_xlfn.XLOOKUP($M270,'00_SKU_Master'!$B$2:$B$379,'00_SKU_Master'!$M$2:$M$379,0),"0") -> 0 | S270: =IFERROR(I270/_xlfn.XLOOKUP($M270,'00_SKU_Master'!$B$2:$B$379,'00_SKU_Master'!$M$2:$M$379,0),"0") -> 0 | T270: =IFERROR(J270/_xlfn.XLOOKUP($M270,'00_SKU_Master'!$B$2:$B$379,'00_SKU_Master'!$M$2:$M$379,0),"0") -> 0 | U270: =SUM(N270:T270) -> 0 | V270: =_xlfn.XLOOKUP(M270,'00_SKU_Master'!$B$2:$B$379,'00_SKU_Master'!$D$2:$D$379) -> #N/A | X270: ='05_Daily_Orders'!C271 -> 0 | AF270: =SUM(Y270:AE270) -> 0
A271: =_xlfn.XLOOKUP(X271,'00_SKU_Master'!$B$2:$B$379,'00_SKU_Master'!$C$2:$C$379) -> #N/A | B271: =_xlfn.XLOOKUP(X271,tblSKU[SKU],tblSKU[Product_Group]) -> #N/A | C271: =_xlfn.XLOOKUP(X271,tblSKU[SKU],tblSKU[Tray_Type]) -> #N/A | D271: =_xlfn.IFNA(_xlfn.XLOOKUP(X271,'00_SKU_Master'!$B$2:$B$379,'00_SKU_Master'!$F$2:$F$379,0)*Y271,"") -> 0 | E271: =_xlfn.IFNA(_xlfn.XLOOKUP(X271,'00_SKU_Master'!$B$2:$B$379,'00_SKU_Master'!$F$2:$F$379,0)*Z271,"") -> 0 | F271: =_xlfn.IFNA(_xlfn.XLOOKUP(X271,'00_SKU_Master'!$B$2:$B$379,'00_SKU_Master'!$F$2:$F$379,0)*AA271,"") -> 0 | G271: =_xlfn.IFNA(_xlfn.XLOOKUP(X271,'00_SKU_Master'!$B$2:$B$379,'00_SKU_Master'!$F$2:$F$379,0)*AB271,"") -> 0 | H271: =_xlfn.IFNA(_xlfn.XLOOKUP(X271,'00_SKU_Master'!$B$2:$B$379,'00_SKU_Master'!$F$2:$F$379,0)*AC271,"") -> 0 | I271: =_xlfn.IFNA(_xlfn.XLOOKUP(X271,'00_SKU_Master'!$B$2:$B$379,'00_SKU_Master'!$F$2:$F$379,0)*AD271,"") -> 0 | J271: =_xlfn.IFNA(_xlfn.XLOOKUP(X271,'00_SKU_Master'!$B$2:$B$379,'00_SKU_Master'!$F$2:$F$379,0)*AE271,"") -> 0 | K271: =SUM(D271:J271) -> 0 | L271: =_xlfn.XLOOKUP(X271,'00_SKU_Master'!$B$2:$B$379,'00_SKU_Master'!$K$2:$K$379) -> #N/A | M271: =X271 -> 0 | N271: =IFERROR(D271/_xlfn.XLOOKUP($M271,'00_SKU_Master'!$B$2:$B$379,'00_SKU_Master'!$M$2:$M$379,0),"0") -> 0 | O271: =IFERROR(E271/_xlfn.XLOOKUP($M271,'00_SKU_Master'!$B$2:$B$379,'00_SKU_Master'!$M$2:$M$379,0),"0") -> 0 | P271: =IFERROR(F271/_xlfn.XLOOKUP($M271,'00_SKU_Master'!$B$2:$B$379,'00_SKU_Master'!$M$2:$M$379,0),"0") -> 0 | Q271: =IFERROR(G271/_xlfn.XLOOKUP($M271,'00_SKU_Master'!$B$2:$B$379,'00_SKU_Master'!$M$2:$M$379,0),"0") -> 0 | R271: =IFERROR(H271/_xlfn.XLOOKUP($M271,'00_SKU_Master'!$B$2:$B$379,'00_SKU_Master'!$M$2:$M$379,0),"0") -> 0 | S271: =IFERROR(I271/_xlfn.XLOOKUP($M271,'00_SKU_Master'!$B$2:$B$379,'00_SKU_Master'!$M$2:$M$379,0),"0") -> 0 | T271: =IFERROR(J271/_xlfn.XLOOKUP($M271,'00_SKU_Master'!$B$2:$B$379,'00_SKU_Master'!$M$2:$M$379,0),"0") -> 0 | U271: =SUM(N271:T271) -> 0 | V271: =_xlfn.XLOOKUP(M271,'00_SKU_Master'!$B$2:$B$379,'00_SKU_Master'!$D$2:$D$379) -> #N/A | X271: ='05_Daily_Orders'!C272 -> 0 | AF271: =SUM(Y271:AE271) -> 0
A272: =_xlfn.XLOOKUP(X272,'00_SKU_Master'!$B$2:$B$379,'00_SKU_Master'!$C$2:$C$379) -> #N/A | B272: =_xlfn.XLOOKUP(X272,tblSKU[SKU],tblSKU[Product_Group]) -> #N/A | C272: =_xlfn.XLOOKUP(X272,tblSKU[SKU],tblSKU[Tray_Type]) -> #N/A | D272: =_xlfn.IFNA(_xlfn.XLOOKUP(X272,'00_SKU_Master'!$B$2:$B$379,'00_SKU_Master'!$F$2:$F$379,0)*Y272,"") -> 0 | E272: =_xlfn.IFNA(_xlfn.XLOOKUP(X272,'00_SKU_Master'!$B$2:$B$379,'00_SKU_Master'!$F$2:$F$379,0)*Z272,"") -> 0 | F272: =_xlfn.IFNA(_xlfn.XLOOKUP(X272,'00_SKU_Master'!$B$2:$B$379,'00_SKU_Master'!$F$2:$F$379,0)*AA272,"") -> 0 | G272: =_xlfn.IFNA(_xlfn.XLOOKUP(X272,'00_SKU_Master'!$B$2:$B$379,'00_SKU_Master'!$F$2:$F$379,0)*AB272,"") -> 0 | H272: =_xlfn.IFNA(_xlfn.XLOOKUP(X272,'00_SKU_Master'!$B$2:$B$379,'00_SKU_Master'!$F$2:$F$379,0)*AC272,"") -> 0 | I272: =_xlfn.IFNA(_xlfn.XLOOKUP(X272,'00_SKU_Master'!$B$2:$B$379,'00_SKU_Master'!$F$2:$F$379,0)*AD272,"") -> 0 | J272: =_xlfn.IFNA(_xlfn.XLOOKUP(X272,'00_SKU_Master'!$B$2:$B$379,'00_SKU_Master'!$F$2:$F$379,0)*AE272,"") -> 0 | K272: =SUM(D272:J272) -> 0 | L272: =_xlfn.XLOOKUP(X272,'00_SKU_Master'!$B$2:$B$379,'00_SKU_Master'!$K$2:$K$379) -> #N/A | M272: =X272 -> 0 | N272: =IFERROR(D272/_xlfn.XLOOKUP($M272,'00_SKU_Master'!$B$2:$B$379,'00_SKU_Master'!$M$2:$M$379,0),"0") -> 0 | O272: =IFERROR(E272/_xlfn.XLOOKUP($M272,'00_SKU_Master'!$B$2:$B$379,'00_SKU_Master'!$M$2:$M$379,0),"0") -> 0 | P272: =IFERROR(F272/_xlfn.XLOOKUP($M272,'00_SKU_Master'!$B$2:$B$379,'00_SKU_Master'!$M$2:$M$379,0),"0") -> 0 | Q272: =IFERROR(G272/_xlfn.XLOOKUP($M272,'00_SKU_Master'!$B$2:$B$379,'00_SKU_Master'!$M$2:$M$379,0),"0") -> 0 | R272: =IFERROR(H272/_xlfn.XLOOKUP($M272,'00_SKU_Master'!$B$2:$B$379,'00_SKU_Master'!$M$2:$M$379,0),"0") -> 0 | S272: =IFERROR(I272/_xlfn.XLOOKUP($M272,'00_SKU_Master'!$B$2:$B$379,'00_SKU_Master'!$M$2:$M$379,0),"0") -> 0 | T272: =IFERROR(J272/_xlfn.XLOOKUP($M272,'00_SKU_Master'!$B$2:$B$379,'00_SKU_Master'!$M$2:$M$379,0),"0") -> 0 | U272: =SUM(N272:T272) -> 0 | V272: =_xlfn.XLOOKUP(M272,'00_SKU_Master'!$B$2:$B$379,'00_SKU_Master'!$D$2:$D$379) -> #N/A | X272: ='05_Daily_Orders'!C273 -> 0 | AF272: =SUM(Y272:AE272) -> 0

Sheet 15_Weekly_Plan
A2: Parameter | B2: Value | C2: Unit | D2: Note
A3: Cap per shift | B3: 95 | C3: people | D3: 硬上限，不可超
A4: Shifts (weekday) | B4: 2 | C4: shifts | D4: Mon-Fri
A5: Hours per shift | B5: 8 | C5: hours | D5: 含 break
A6: Saturday shifts | B6: 1 | C6: shifts | D6: 可调: 0/1/2
A7: Efficiency factor | B7: 1 | D7: 效率系数
A8: Daily left for week | B8: 4 | C8: days | D8: 最多提前天数
A10: WEEKLY CAPACITY PLAN (周容量规划)
A12: 周容量分析 (Mon-Fri) | B12: Value | C12: Unit | D12: Note
A13: Mon-Fri 总 MH（原始需求MH） | B13: =SUM(D32:D38) -> 5635.9523 | C13: MH | D13: 来自 15_5Day_Forecast
A14: Mon-Fri 总 MH（调整后,Efficiency factor） | B14: =B13*$B$7 -> 5635.9523 | C14: MH | D14: 原始 *Efficiency Factor
A15: Max Available MH (Mon-Fri) | B15: =$B$3*$B$4*$B$5*5 -> 7600 | C15: MH
A16: 产能充足度 | B16: =IF(B15>0, B15/B14, 1) -> 1.3484855 | C16: 系数 | D16: >1 = 充足，<1 = 不足
A18: 日均分析 (均分 Mon-Fri) | B18: Value | C18: Unit | D18: Note
A19: 日均 MH 需求（调整后） | B19: =B14/B8 -> 1408.9881 | C19: MH/day
A20: 日均可用人力（实际） | B20: =$B$3*$B$4 -> 190 | C20: people/day
A21: 日均所需人力（换算） | B21: =ROUNDUP(B19/$B$5, 0) -> 177 | C21: people/day | D21: 日均MH / 小时/班
A22: 人力充足度 | B22: =IF(B21>0, B20/B21, 1) -> 1.0734463 | C22: 系数 | D22: >1 = 充足，<1 = 短缺
A24: Sun OT 决策 | B24: Value | C24: Unit | D24: Note
A25: Mon-Fri 是否够产？ | B25: =IF(B14<=B15, "YES", "NO") -> YES | D25: YES=不需 Sat OT，NO=需要
A26: Sun 需补 MH（最终） | B26: =IF(B25="NO",(MAX(0, D39-B15)),"0") -> 0 | C26: MH | D26: Sat原需求 -Prebuild贡献
A27: Sun 所需班数（1班制） | B27: =IF(B26>0, ROUNDUP(B26/($B$3*$B$5), 1), 0) -> 0 | C27: shifts | D27: Sat需补MH / (人数 * 小时)
A28: Sun 所需人数（1班制） | B28: =IF(B26>0, ROUNDUP(B26/$B$5, 0), 0) -> 0 | C28: people | D28: Sat需补MH /小时/班
A30: 【参考】逐日明细 (Mon-Sun 原始需求)
A31: Day | B31: Total Cases | C31: Total WIP_kg | D31: Total MH | E31: People/day | F31: People/shift
A32: Mon | B32: =SUM('15_5Day_Forecast'!Y2:Y272) -> 0 | C32: =SUM('15_5Day_Forecast'!D2:D272) -> 0 | D32: =SUM('15_5Day_Forecast'!N2:N272) -> 0 | E32: =D32/$B$5 -> 0 | F32: =D32/($B$5*$B$4) -> 0
A33: Tue | B33: =SUM('15_5Day_Forecast'!Z2:Z272) -> 3423 | C33: =SUM('15_5Day_Forecast'!E2:E272) -> 32868.105 | D33: =SUM('15_5Day_Forecast'!O2:O272) -> 573.32257 | E33: =D33/$B$5 -> 71.665321 | F33: =D33/($B$5*$B$4) -> 35.832661
A34: Wed | B34: =SUM('15_5Day_Forecast'!AA2:AA272) -> 8481 | C34: =SUM('15_5Day_Forecast'!F2:F272) -> 70593.523 | D34: =SUM('15_5Day_Forecast'!P2:P272) -> 1240.0614 | E34: =D34/$B$5 -> 155.00768 | F34: =D34/($B$5*$B$4) -> 77.503838
A35: Thu | B35: =SUM('15_5Day_Forecast'!AB2:AB272) -> 8805 | C35: =SUM('15_5Day_Forecast'!G2:G272) -> 73029.226 | D35: =SUM('15_5Day_Forecast'!Q2:Q272) -> 1291.8254 | E35: =D35/$B$5 -> 161.47817 | F35: =D35/($B$5*$B$4) -> 80.739087
A36: Fri | B36: =SUM('15_5Day_Forecast'!AC2:AC272) -> 9287 | C36: =SUM('15_5Day_Forecast'!H2:H272) -> 77401.289 | D36: =SUM('15_5Day_Forecast'!R2:R272) -> 1392.8249 | E36: =D36/$B$5 -> 174.10312 | F36: =D36/($B$5*$B$4) -> 87.051559
A37: Sat | B37: =SUM('15_5Day_Forecast'!AD2:AD272) -> 3198 | C37: =SUM('15_5Day_Forecast'!I2:I272) -> 22180.66 | D37: =SUM('15_5Day_Forecast'!S2:S272) -> 444.8934 | E37: =D37/$B$5 -> 55.611675 | F37: =D37/($B$5*$B$4) -> 27.805838
A38: Sun | B38: =SUM('15_5Day_Forecast'!AE2:AE272) -> 5006 | C38: =SUM('15_5Day_Forecast'!J2:J272) -> 37281.185 | D38: =SUM('15_5Day_Forecast'!T2:T272) -> 693.02454 | E38: =D38/$B$5 -> 86.628068 | F38: =D38/($B$5*$B$4) -> 43.314034
A39: TOTAL | B39: =SUM(B32:B38) -> 38200 | C39: =SUM(C32:C38) -> 313353.99 | D39: =SUM(D32:D38) -> 5635.9523 | E39: =SUM(E32:E38) -> 704.49403 | F39: =SUM(F32:F38) -> 352.24702
A40: Weekday (Mon-Fri) | D40: =SUM(D32:D36) -> 4498.0343 | E40: Daily Req | F40: =F39/B8 -> 88.061754
A41: Weekend (Sat+Sun) | D41: =SUM(D37:D38) -> 1137.9179
A43: Product_Group | B43: Weekly MH | C43: % of Total | D43: Top SKU 1 | E43: Top SKU 2 | F43: Top SKU 3
A44: ThighMeat | B44: 1397.72 | C44: 0.248 | D44: 7830 (411) | E44: 7860 (293) | F44: 201854 (248)
A45: BSB | B45: 1006.33 | C45: 0.179 | D45: 7826 (216) | E45: 7831 (175) | F45: 7852 (123)
A46: Thigh | B46: 896.72 | C46: 0.159 | D46: 201851 (289) | E46: 7853 (131) | F46: 1877 (131)
A47: SplitBreast | B47: 817.7 | C47: 0.145 | D47: 201853 (703) | E47: 2069 (68) | F47: 2066 (19)
A48: SplitWing | B48: 594.02 | C48: 0.105 | D48: 7825 (218) | E48: 2510 (155) | F48: 7855 (129)
A49: Drum | B49: 363.65 | C49: 0.065 | D49: 7854 (82) | E49: 1876 (60) | F49: 7824 (59)
A50: Whole Bird-Small | B50: 255.06 | C50: 0.045 | D50: 7833 (118) | E50: 2078 (38) | F50: 200704 (36)
A51: BA | B51: 167.11 | C51: 0.03 | D51: 200168 (82) | E51: 2064 (63) | F51: 331 (13)
A52: Fillet | B52: 66.87 | C52: 0.012 | D52: 7829 (49) | E52: 7859 (18)
A53: Backbone | B53: 38.32 | C53: 0.007 | D53: 484 (32) | E53: 1023 (6)
A54: Wing | B54: 32.81 | C54: 0.006 | D54: 2047 (33)
A57: Tray_Type | B57: Weekly MH | C57: % of Total | D57: Top SKU 1 | E57: Top SKU 2
A58: PET 6 | B58: 1560.5 | C58: 0.277 | D58: 7830 (411) | E58: 7860 (293)
A59: LT 14D | B59: 1472.79 | C59: 0.261 | D59: 201853 (703) | E59: 201851 (289)
A60: LT 8XP | B60: 942.71 | C60: 0.167 | D60: 784 (230) | E60: 2510 (155)
A61: ST 3XP | B61: 533.37 | C61: 0.095 | D61: 2046 (87) | E61: 2074 (82)
A62: PET 3 | B62: 489.81 | C62: 0.087 | D62: 7826 (216) | E62: 7833 (118)
A63: ST 3D | B63: 238.22 | C63: 0.042 | D63: 200706 (36) | E63: 2085 (29)
A64: PET 8 | B64: 204.12 | C64: 0.036 | D64: 7831 (175) | E64: 7827 (29)
A65: LT 6D | B65: 194.8 | C65: 0.035 | D65: 2506 (49) | E65: 2509 (42)
A67: 最后更新: 2026/1/6 17:01:57
