Workbook

Sheet 00_SKU_Master
A1: Dept | B1: SKU | C1: RAW_WIP_CODE | D1: Customer | E1: Product_Group | F1: Avg_Case_Weight | G1: Trays_Per_Case | H1: Tray_Type | I1: Tray_Size | J1: SKU_Desc | K1: Tray Pack Speed | L1: Package_Type | M1: STD | N1: Class | O1: Weight | P1: Column1 | R1: ORDER | S1: RAW Request_KG | T1: Yield
A2: Cut_up | B2: 64 | D2: Bulk Pack | E2: ThighMeat | F2: 5 | J2: MB BSTHIGH AC BG 5KG | N2: SILVER | R2: =_xludf.IFNA(_xlfn.XLOOKUP(Table3[[#This Row],[SKU]],'03_BulkPack_Order'!$A$2:$A$67,'03_BulkPack_Order'!C:C),"") | S2: =IFERROR(R2*1,"") | T2: =_xludf.IFNA(_xlfn.XLOOKUP(Table3[[#This Row],[SKU]],'00_Yield_Rates'!$B$2:$B$17,'00_Yield_Rates'!$E$2:$E$17),"")
A3: Cut_up | B3: 65 | D3: Bulk Pack | E3: BSB | F3: 5 | J3: MB BSHB AC RND 5KG | N3: SILVER | R3: =_xludf.IFNA(_xlfn.XLOOKUP(Table3[[#This Row],[SKU]],'03_BulkPack_Order'!$A$2:$A$67,'03_BulkPack_Order'!C:C),"") | S3: =IFERROR(R3*1,"") | T3: =_xludf.IFNA(_xlfn.XLOOKUP(Table3[[#This Row],[SKU]],'00_Yield_Rates'!$B$2:$B$17,'00_Yield_Rates'!$E$2:$E$17),"")
A4: Cut_up | B4: 159 | D4: Bulk Pack | E4: BA | J4: MS LEG BA 18KG | N4: SILVER | R4: =_xludf.IFNA(_xlfn.XLOOKUP(Table3[[#This Row],[SKU]],'03_BulkPack_Order'!$A$2:$A$67,'03_BulkPack_Order'!C:C),"") | S4: =IFERROR(R4*1,"") | T4: =_xludf.IFNA(_xlfn.XLOOKUP(Table3[[#This Row],[SKU]],'00_Yield_Rates'!$B$2:$B$17,'00_Yield_Rates'!$E$2:$E$17),"")
A5: Cut_up | B5: 160 | D5: Bulk Pack | E5: DRUM | J5: MS DRUM 18KG | N5: SILVER | R5: =_xludf.IFNA(_xlfn.XLOOKUP(Table3[[#This Row],[SKU]],'03_BulkPack_Order'!$A$2:$A$67,'03_BulkPack_Order'!C:C),"") | S5: =IFERROR(R5*1,"") | T5: =_xludf.IFNA(_xlfn.XLOOKUP(Table3[[#This Row],[SKU]],'00_Yield_Rates'!$B$2:$B$17,'00_Yield_Rates'!$E$2:$E$17),"")
A6: Cut_up | B6: 161 | D6: Bulk Pack | E6: Thigh | J6: MB THIGH 20KG | N6: SILVER | R6: =_xludf.IFNA(_xlfn.XLOOKUP(Table3[[#This Row],[SKU]],'03_BulkPack_Order'!$A$2:$A$67,'03_BulkPack_Order'!C:C),"") | S6: =IFERROR(R6*1,"") | T6: =_xludf.IFNA(_xlfn.XLOOKUP(Table3[[#This Row],[SKU]],'00_Yield_Rates'!$B$2:$B$17,'00_Yield_Rates'!$E$2:$E$17),"")
A7: Cut_up | B7: 165 | D7: Bulk Pack | E7: BSB | F7: 10 | J7: MB BSHB AC RND 10KG | N7: SILVER | R7: =_xludf.IFNA(_xlfn.XLOOKUP(Table3[[#This Row],[SKU]],'03_BulkPack_Order'!$A$2:$A$67,'03_BulkPack_Order'!C:C),"") | S7: =IFERROR(R7*1,"") | T7: =_xludf.IFNA(_xlfn.XLOOKUP(Table3[[#This Row],[SKU]],'00_Yield_Rates'!$B$2:$B$17,'00_Yield_Rates'!$E$2:$E$17),"")
A8: Cut_up | B8: 834 | D8: Bulk Pack | E8: Thigh | F8: 18 | J8: THIGH 18KG | N8: SILVER | R8: =_xludf.IFNA(_xlfn.XLOOKUP(Table3[[#This Row],[SKU]],'03_BulkPack_Order'!$A$2:$A$67,'03_BulkPack_Order'!C:C),"") | S8: =IFERROR(R8*1,"") | T8: =_xludf.IFNA(_xlfn.XLOOKUP(Table3[[#This Row],[SKU]],'00_Yield_Rates'!$B$2:$B$17,'00_Yield_Rates'!$E$2:$E$17),"")
A9: Cut_up | B9: 868 | D9: Bulk Pack | E9: SplitWing | F9: 18 | J9: MB SPL WING 18KG | N9: SILVER | R9: =_xludf.IFNA(_xlfn.XLOOKUP(Table3[[#This Row],[SKU]],'03_BulkPack_Order'!$A$2:$A$67,'03_BulkPack_Order'!C:C),"") | S9: =IFERROR(R9*1,"") | T9: =_xludf.IFNA(_xlfn.XLOOKUP(Table3[[#This Row],[SKU]],'00_Yield_Rates'!$B$2:$B$17,'00_Yield_Rates'!$E$2:$E$17),"")
A10: Cut_up | B10: 895 | D10: Bulk Pack | E10: DRUM | J10: MB DRUM AC 18KG | N10: GOLD | R10: =_xludf.IFNA(_xlfn.XLOOKUP(Table3[[#This Row],[SKU]],'03_BulkPack_Order'!$A$2:$A$67,'03_BulkPack_Order'!C:C),"") | S10: =IFERROR(R10*1,"") | T10: =_xludf.IFNA(_xlfn.XLOOKUP(Table3[[#This Row],[SKU]],'00_Yield_Rates'!$B$2:$B$17,'00_Yield_Rates'!$E$2:$E$17),"")
A11: Cut_up | B11: 902 | D11: Bulk Pack | E11: Thigh | N11: SILVER | R11: =_xludf.IFNA(_xlfn.XLOOKUP(Table3[[#This Row],[SKU]],'03_BulkPack_Order'!$A$2:$A$67,'03_BulkPack_Order'!C:C),"") | S11: =IFERROR(R11*1,"") | T11: =_xludf.IFNA(_xlfn.XLOOKUP(Table3[[#This Row],[SKU]],'00_Yield_Rates'!$B$2:$B$17,'00_Yield_Rates'!$E$2:$E$17),"")
A12: Cut_up | B12: 904 | D12: Bulk Pack | E12: WING | F12: 18 | J12: MB WING AC 18KG | N12: SILVER | R12: =_xludf.IFNA(_xlfn.XLOOKUP(Table3[[#This Row],[SKU]],'03_BulkPack_Order'!$A$2:$A$67,'03_BulkPack_Order'!C:C),"") | S12: =IFERROR(R12*1,"") | T12: =_xludf.IFNA(_xlfn.XLOOKUP(Table3[[#This Row],[SKU]],'00_Yield_Rates'!$B$2:$B$17,'00_Yield_Rates'!$E$2:$E$17),"")
A13: Cut_up | B13: 1026 | D13: Bulk Pack | E13: WING | N13: SILVER | R13: =_xludf.IFNA(_xlfn.XLOOKUP(Table3[[#This Row],[SKU]],'03_BulkPack_Order'!$A$2:$A$67,'03_BulkPack_Order'!C:C),"") | S13: =IFERROR(R13*1,"") | T13: =_xludf.IFNA(_xlfn.XLOOKUP(Table3[[#This Row],[SKU]],'00_Yield_Rates'!$B$2:$B$17,'00_Yield_Rates'!$E$2:$E$17),"")
A14: Cut_up | B14: 1081 | D14: Bulk Pack | E14: BSB | N14: SILVER | R14: =_xludf.IFNA(_xlfn.XLOOKUP(Table3[[#This Row],[SKU]],'03_BulkPack_Order'!$A$2:$A$67,'03_BulkPack_Order'!C:C),"") | S14: =IFERROR(R14*1,"") | T14: =_xludf.IFNA(_xlfn.XLOOKUP(Table3[[#This Row],[SKU]],'00_Yield_Rates'!$B$2:$B$17,'00_Yield_Rates'!$E$2:$E$17),"")
A15: Cut_up | B15: 1446 | D15: Bulk Pack | E15: BSB | N15: SILVER | R15: =_xludf.IFNA(_xlfn.XLOOKUP(Table3[[#This Row],[SKU]],'03_BulkPack_Order'!$A$2:$A$67,'03_BulkPack_Order'!C:C),"") | S15: =IFERROR(R15*1,"") | T15: =_xludf.IFNA(_xlfn.XLOOKUP(Table3[[#This Row],[SKU]],'00_Yield_Rates'!$B$2:$B$17,'00_Yield_Rates'!$E$2:$E$17),"")
A16: Cut_up | B16: 1887 | D16: Bulk Pack | E16: BA | N16: GOLD | R16: =_xludf.IFNA(_xlfn.XLOOKUP(Table3[[#This Row],[SKU]],'03_BulkPack_Order'!$A$2:$A$67,'03_BulkPack_Order'!C:C),"") | S16: =IFERROR(R16*1,"") | T16: =_xludf.IFNA(_xlfn.XLOOKUP(Table3[[#This Row],[SKU]],'00_Yield_Rates'!$B$2:$B$17,'00_Yield_Rates'!$E$2:$E$17),"")
A17: Cut_up | B17: 1888 | D17: Bulk Pack | E17: SplitBreast | N17: GOLD | R17: =_xludf.IFNA(_xlfn.XLOOKUP(Table3[[#This Row],[SKU]],'03_BulkPack_Order'!$A$2:$A$67,'03_BulkPack_Order'!C:C),"") | S17: =IFERROR(R17*1,"") | T17: =_xludf.IFNA(_xlfn.XLOOKUP(Table3[[#This Row],[SKU]],'00_Yield_Rates'!$B$2:$B$17,'00_Yield_Rates'!$E$2:$E$17),"")
A18: Cut_up | B18: 1894 | D18: Bulk Pack | E18: BSB | J18: MB BSHB RND AC 18KG | N18: SILVER | R18: =_xludf.IFNA(_xlfn.XLOOKUP(Table3[[#This Row],[SKU]],'03_BulkPack_Order'!$A$2:$A$67,'03_BulkPack_Order'!C:C),"") | S18: =IFERROR(R18*1,"") | T18: =_xludf.IFNA(_xlfn.XLOOKUP(Table3[[#This Row],[SKU]],'00_Yield_Rates'!$B$2:$B$17,'00_Yield_Rates'!$E$2:$E$17),"")
A19: Cut_up | B19: 2233 | D19: Bulk Pack | E19: SplitWing | J19: 24839 MB COS SPL WING AC | N19: GOLD | R19: =_xludf.IFNA(_xlfn.XLOOKUP(Table3[[#This Row],[SKU]],'03_BulkPack_Order'!$A$2:$A$67,'03_BulkPack_Order'!C:C),"") | S19: =IFERROR(R19*1,"") | T19: =_xludf.IFNA(_xlfn.XLOOKUP(Table3[[#This Row],[SKU]],'00_Yield_Rates'!$B$2:$B$17,'00_Yield_Rates'!$E$2:$E$17),"")
A20: Cut_up | B20: 2235 | D20: Bulk Pack | E20: DRUM | N20: GOLD | R20: =_xludf.IFNA(_xlfn.XLOOKUP(Table3[[#This Row],[SKU]],'03_BulkPack_Order'!$A$2:$A$67,'03_BulkPack_Order'!C:C),"") | S20: =IFERROR(R20*1,"") | T20: =_xludf.IFNA(_xlfn.XLOOKUP(Table3[[#This Row],[SKU]],'00_Yield_Rates'!$B$2:$B$17,'00_Yield_Rates'!$E$2:$E$17),"")
A21: Cut_up | B21: 2236 | D21: Bulk Pack | E21: BSB | F21: 20 | J21: 17219 MB COS BSHB AC | N21: PLATINUM | R21: =_xludf.IFNA(_xlfn.XLOOKUP(Table3[[#This Row],[SKU]],'03_BulkPack_Order'!$A$2:$A$67,'03_BulkPack_Order'!C:C),"") | S21: =IFERROR(R21*1,"") | T21: =_xludf.IFNA(_xlfn.XLOOKUP(Table3[[#This Row],[SKU]],'00_Yield_Rates'!$B$2:$B$17,'00_Yield_Rates'!$E$2:$E$17),"")
A22: Cut_up | B22: 200064 | D22: Bulk Pack | E22: ThighMeat | F22: 5 | J22: MB HA BSTHIGH AC BG 5KG | N22: SILVER | R22: =_xludf.IFNA(_xlfn.XLOOKUP(Table3[[#This Row],[SKU]],'03_BulkPack_Order'!$A$2:$A$67,'03_BulkPack_Order'!C:C),"") | S22: =IFERROR(R22*1,"") | T22: =_xludf.IFNA(_xlfn.XLOOKUP(Table3[[#This Row],[SKU]],'00_Yield_Rates'!$B$2:$B$17,'00_Yield_Rates'!$E$2:$E$17),"")
A23: Cut_up | B23: 200083 | D23: Bulk Pack | E23: SplitBreast | J23: MB HA FB BA AC COMBO | N23: SILVER | R23: =_xludf.IFNA(_xlfn.XLOOKUP(Table3[[#This Row],[SKU]],'03_BulkPack_Order'!$A$2:$A$67,'03_BulkPack_Order'!C:C),"") | S23: =IFERROR(R23*1,"") | T23: =_xludf.IFNA(_xlfn.XLOOKUP(Table3[[#This Row],[SKU]],'00_Yield_Rates'!$B$2:$B$17,'00_Yield_Rates'!$E$2:$E$17),"")
A24: Cut_up | B24: 200089 | D24: Bulk Pack | E24: SplitBreast | F24: 585 | J24: MB HA FB AC COMBO | N24: SILVER | R24: =_xludf.IFNA(_xlfn.XLOOKUP(Table3[[#This Row],[SKU]],'03_BulkPack_Order'!$A$2:$A$67,'03_BulkPack_Order'!C:C),"") | S24: =IFERROR(R24*1,"") | T24: =_xludf.IFNA(_xlfn.XLOOKUP(Table3[[#This Row],[SKU]],'00_Yield_Rates'!$B$2:$B$17,'00_Yield_Rates'!$E$2:$E$17),"")
A25: Cut_up | B25: 200095 | D25: Bulk Pack | E25: DRUM | J25: MS HA DRUM 18KG | N25: SILVER | R25: =_xludf.IFNA(_xlfn.XLOOKUP(Table3[[#This Row],[SKU]],'03_BulkPack_Order'!$A$2:$A$67,'03_BulkPack_Order'!C:C),"") | S25: =IFERROR(R25*1,"") | T25: =_xludf.IFNA(_xlfn.XLOOKUP(Table3[[#This Row],[SKU]],'00_Yield_Rates'!$B$2:$B$17,'00_Yield_Rates'!$E$2:$E$17),"")
A26: Cut_up | B26: 200159 | D26: Bulk Pack | E26: BA | J26: MS HA LEG BA 18KG | N26: SILVER | R26: =_xludf.IFNA(_xlfn.XLOOKUP(Table3[[#This Row],[SKU]],'03_BulkPack_Order'!$A$2:$A$67,'03_BulkPack_Order'!C:C),"") | S26: =IFERROR(R26*1,"") | T26: =_xludf.IFNA(_xlfn.XLOOKUP(Table3[[#This Row],[SKU]],'00_Yield_Rates'!$B$2:$B$17,'00_Yield_Rates'!$E$2:$E$17),"")
A27: Cut_up | B27: 200902 | D27: Bulk Pack | E27: Thigh | J27: HA THIGH AC 18KG | N27: SILVER | R27: =_xludf.IFNA(_xlfn.XLOOKUP(Table3[[#This Row],[SKU]],'03_BulkPack_Order'!$A$2:$A$67,'03_BulkPack_Order'!C:C),"") | S27: =IFERROR(R27*1,"") | T27: =_xludf.IFNA(_xlfn.XLOOKUP(Table3[[#This Row],[SKU]],'00_Yield_Rates'!$B$2:$B$17,'00_Yield_Rates'!$E$2:$E$17),"")
A28: Cut_up | B28: 200903 | D28: Bulk Pack | E28: BA | J28: HA LEG BA AC 18KG | N28: SILVER | R28: =_xludf.IFNA(_xlfn.XLOOKUP(Table3[[#This Row],[SKU]],'03_BulkPack_Order'!$A$2:$A$67,'03_BulkPack_Order'!C:C),"") | S28: =IFERROR(R28*1,"") | T28: =_xludf.IFNA(_xlfn.XLOOKUP(Table3[[#This Row],[SKU]],'00_Yield_Rates'!$B$2:$B$17,'00_Yield_Rates'!$E$2:$E$17),"")
A29: Cut_up | B29: 200904 | D29: Bulk Pack | E29: WING | F29: 18 | J29: MB HA WING AC 18KG | N29: SILVER | R29: =_xludf.IFNA(_xlfn.XLOOKUP(Table3[[#This Row],[SKU]],'03_BulkPack_Order'!$A$2:$A$67,'03_BulkPack_Order'!C:C),"") | S29: =IFERROR(R29*1,"") | T29: =_xludf.IFNA(_xlfn.XLOOKUP(Table3[[#This Row],[SKU]],'00_Yield_Rates'!$B$2:$B$17,'00_Yield_Rates'!$E$2:$E$17),"")
A30: Cut_up | B30: 201894 | D30: Bulk Pack | E30: BSB | F30: 18 | J30: MB HA BSHB RND AC 18KG | N30: SILVER | R30: =_xludf.IFNA(_xlfn.XLOOKUP(Table3[[#This Row],[SKU]],'03_BulkPack_Order'!$A$2:$A$67,'03_BulkPack_Order'!C:C),"") | S30: =IFERROR(R30*1,"") | T30: =_xludf.IFNA(_xlfn.XLOOKUP(Table3[[#This Row],[SKU]],'00_Yield_Rates'!$B$2:$B$17,'00_Yield_Rates'!$E$2:$E$17),"")
A31: Cut_up | B31: 201895 | D31: Bulk Pack | E31: BSB | F31: 18 | J31: MB HA BSHB RND AC 18KG FFF | N31: SILVER | R31: =_xludf.IFNA(_xlfn.XLOOKUP(Table3[[#This Row],[SKU]],'03_BulkPack_Order'!$A$2:$A$67,'03_BulkPack_Order'!C:C),"") | S31: =IFERROR(R31*1,"") | T31: =_xludf.IFNA(_xlfn.XLOOKUP(Table3[[#This Row],[SKU]],'00_Yield_Rates'!$B$2:$B$17,'00_Yield_Rates'!$E$2:$E$17),"")
A32: Cut_up | B32: 201899 | D32: Bulk Pack | E32: BSB | F32: 10 | J32: MB HA BSHB 2ND 10KG | N32: SILVER | R32: =_xludf.IFNA(_xlfn.XLOOKUP(Table3[[#This Row],[SKU]],'03_BulkPack_Order'!$A$2:$A$67,'03_BulkPack_Order'!C:C),"") | S32: =IFERROR(R32*1,"") | T32: =_xludf.IFNA(_xlfn.XLOOKUP(Table3[[#This Row],[SKU]],'00_Yield_Rates'!$B$2:$B$17,'00_Yield_Rates'!$E$2:$E$17),"")
A33: Cut_up | B33: 203033 | D33: Bulk Pack | E33: BA | N33: SILVER | R33: =_xludf.IFNA(_xlfn.XLOOKUP(Table3[[#This Row],[SKU]],'03_BulkPack_Order'!$A$2:$A$67,'03_BulkPack_Order'!C:C),"") | S33: =IFERROR(R33*1,"") | T33: =_xludf.IFNA(_xlfn.XLOOKUP(Table3[[#This Row],[SKU]],'00_Yield_Rates'!$B$2:$B$17,'00_Yield_Rates'!$E$2:$E$17),"")
A34: Cut_up | B34: 203035 | D34: Bulk Pack | E34: SplitWing | F34: 23 | J34: MB HA SPL WING AC RET 23KG | N34: PLATINUM | R34: =_xludf.IFNA(_xlfn.XLOOKUP(Table3[[#This Row],[SKU]],'03_BulkPack_Order'!$A$2:$A$67,'03_BulkPack_Order'!C:C),"") | S34: =IFERROR(R34*1,"") | T34: =_xludf.IFNA(_xlfn.XLOOKUP(Table3[[#This Row],[SKU]],'00_Yield_Rates'!$B$2:$B$17,'00_Yield_Rates'!$E$2:$E$17),"")
A35: Cut_up | B35: 203087 | D35: Bulk Pack | E35: BSB | N35: PLATINUM | R35: =_xludf.IFNA(_xlfn.XLOOKUP(Table3[[#This Row],[SKU]],'03_BulkPack_Order'!$A$2:$A$67,'03_BulkPack_Order'!C:C),"") | S35: =IFERROR(R35*1,"") | T35: =_xludf.IFNA(_xlfn.XLOOKUP(Table3[[#This Row],[SKU]],'00_Yield_Rates'!$B$2:$B$17,'00_Yield_Rates'!$E$2:$E$17),"")
A36: Cut_up | B36: 203169 | D36: Bulk Pack | E36: BSB | N36: SILVER | R36: =_xludf.IFNA(_xlfn.XLOOKUP(Table3[[#This Row],[SKU]],'03_BulkPack_Order'!$A$2:$A$67,'03_BulkPack_Order'!C:C),"") | S36: =IFERROR(R36*1,"") | T36: =_xludf.IFNA(_xlfn.XLOOKUP(Table3[[#This Row],[SKU]],'00_Yield_Rates'!$B$2:$B$17,'00_Yield_Rates'!$E$2:$E$17),"")
A37: Cut_up | B37: 203171 | D37: Bulk Pack | E37: DRUM | N37: SILVER | R37: =_xludf.IFNA(_xlfn.XLOOKUP(Table3[[#This Row],[SKU]],'03_BulkPack_Order'!$A$2:$A$67,'03_BulkPack_Order'!C:C),"") | S37: =IFERROR(R37*1,"") | T37: =_xludf.IFNA(_xlfn.XLOOKUP(Table3[[#This Row],[SKU]],'00_Yield_Rates'!$B$2:$B$17,'00_Yield_Rates'!$E$2:$E$17),"")
A38: Cut_up | B38: 203172 | D38: Bulk Pack | E38: WING | F38: 25 | J38: MS HA WING RET 25KG | N38: SILVER | R38: =_xludf.IFNA(_xlfn.XLOOKUP(Table3[[#This Row],[SKU]],'03_BulkPack_Order'!$A$2:$A$67,'03_BulkPack_Order'!C:C),"") | S38: =IFERROR(R38*1,"") | T38: =_xludf.IFNA(_xlfn.XLOOKUP(Table3[[#This Row],[SKU]],'00_Yield_Rates'!$B$2:$B$17,'00_Yield_Rates'!$E$2:$E$17),"")
A39: Cut_up | B39: 203173 | D39: Bulk Pack | E39: SplitWing | J39: MS HA SPL WING RET 25KG | N39: SILVER | R39: =_xludf.IFNA(_xlfn.XLOOKUP(Table3[[#This Row],[SKU]],'03_BulkPack_Order'!$A$2:$A$67,'03_BulkPack_Order'!C:C),"") | S39: =IFERROR(R39*1,"") | T39: =_xludf.IFNA(_xlfn.XLOOKUP(Table3[[#This Row],[SKU]],'00_Yield_Rates'!$B$2:$B$17,'00_Yield_Rates'!$E$2:$E$17),"")
A40: Cut_up | B40: 203174 | D40: Bulk Pack | E40: ThighMeat | N40: SILVER | R40: =_xludf.IFNA(_xlfn.XLOOKUP(Table3[[#This Row],[SKU]],'03_BulkPack_Order'!$A$2:$A$67,'03_BulkPack_Order'!C:C),"") | S40: =IFERROR(R40*1,"") | T40: =_xludf.IFNA(_xlfn.XLOOKUP(Table3[[#This Row],[SKU]],'00_Yield_Rates'!$B$2:$B$17,'00_Yield_Rates'!$E$2:$E$17),"")
A41: Cut_up | B41: 203175 | D41: Bulk Pack | E41: Thigh | N41: SILVER | R41: =_xludf.IFNA(_xlfn.XLOOKUP(Table3[[#This Row],[SKU]],'03_BulkPack_Order'!$A$2:$A$67,'03_BulkPack_Order'!C:C),"") | S41: =IFERROR(R41*1,"") | T41: =_xludf.IFNA(_xlfn.XLOOKUP(Table3[[#This Row],[SKU]],'00_Yield_Rates'!$B$2:$B$17,'00_Yield_Rates'!$E$2:$E$17),"")
A42: Cut_up | B42: 203193 | D42: Bulk Pack | E42: SplitWing | F42: 25 | J42: MB HA WINGLET AC 25 KG RET | N42: SILVER | R42: =_xludf.IFNA(_xlfn.XLOOKUP(Table3[[#This Row],[SKU]],'03_BulkPack_Order'!$A$2:$A$67,'03_BulkPack_Order'!C:C),"") | S42: =IFERROR(R42*1,"") | T42: =_xludf.IFNA(_xlfn.XLOOKUP(Table3[[#This Row],[SKU]],'00_Yield_Rates'!$B$2:$B$17,'00_Yield_Rates'!$E$2:$E$17),"")
A43: Cut_up | B43: 203194 | D43: Bulk Pack | E43: SplitWing | F43: 25 | J43: MB HA DRUMETTE AC 25 KG RET | N43: SILVER | R43: =_xludf.IFNA(_xlfn.XLOOKUP(Table3[[#This Row],[SKU]],'03_BulkPack_Order'!$A$2:$A$67,'03_BulkPack_Order'!C:C),"") | S43: =IFERROR(R43*1,"") | T43: =_xludf.IFNA(_xlfn.XLOOKUP(Table3[[#This Row],[SKU]],'00_Yield_Rates'!$B$2:$B$17,'00_Yield_Rates'!$E$2:$E$17),"")
A44: Cut_up | B44: 203624 | D44: Bulk Pack | E44: FAT | F44: 25 | J44: MS HA FFP FAT RET 25KG | N44: SILVER | R44: =_xludf.IFNA(_xlfn.XLOOKUP(Table3[[#This Row],[SKU]],'03_BulkPack_Order'!$A$2:$A$67,'03_BulkPack_Order'!C:C),"") | S44: =IFERROR(R44*1,"") | T44: =_xludf.IFNA(_xlfn.XLOOKUP(Table3[[#This Row],[SKU]],'00_Yield_Rates'!$B$2:$B$17,'00_Yield_Rates'!$E$2:$E$17),"")
A45: Cut_up | B45: 203839 | D45: Bulk Pack | E45: ThighMeat | N45: SILVER | R45: =_xludf.IFNA(_xlfn.XLOOKUP(Table3[[#This Row],[SKU]],'03_BulkPack_Order'!$A$2:$A$67,'03_BulkPack_Order'!C:C),"") | S45: =IFERROR(R45*1,"") | T45: =_xludf.IFNA(_xlfn.XLOOKUP(Table3[[#This Row],[SKU]],'00_Yield_Rates'!$B$2:$B$17,'00_Yield_Rates'!$E$2:$E$17),"")
A46: Cut_up | B46: 203846 | D46: Bulk Pack | E46: SplitBreast | N46: SILVER | R46: =_xludf.IFNA(_xlfn.XLOOKUP(Table3[[#This Row],[SKU]],'03_BulkPack_Order'!$A$2:$A$67,'03_BulkPack_Order'!C:C),"") | S46: =IFERROR(R46*1,"") | T46: =_xludf.IFNA(_xlfn.XLOOKUP(Table3[[#This Row],[SKU]],'00_Yield_Rates'!$B$2:$B$17,'00_Yield_Rates'!$E$2:$E$17),"")
A47: Cut_up | B47: 61010 | D47: WIP | E47: WING | J47: MS WIP AC WINGS WHOLE | N47: SILVER | R47: =_xludf.IFNA(_xlfn.XLOOKUP(Table3[[#This Row],[SKU]],'03_BulkPack_Order'!$A$2:$A$67,'03_BulkPack_Order'!C:C),"") | S47: =_xludf.IFNA(_xlfn.XLOOKUP(Table3[[#This Row],[SKU]],'06_Resource_Plan'!$C$2:$C$58,'06_Resource_Plan'!F:F),"") | T47: =_xludf.IFNA(_xlfn.XLOOKUP(Table3[[#This Row],[SKU]],'00_Yield_Rates'!$B$2:$B$17,'00_Yield_Rates'!$E$2:$E$17),"")
A48: Cut_up | B48: 61014 | D48: WIP | E48: SplitWing | J48: MS WIP AC WINGS SPLIT | N48: PLATINUM | R48: =_xludf.IFNA(_xlfn.XLOOKUP(Table3[[#This Row],[SKU]],'03_BulkPack_Order'!$A$2:$A$67,'03_BulkPack_Order'!C:C),"") | S48: =_xludf.IFNA(_xlfn.XLOOKUP(Table3[[#This Row],[SKU]],'06_Resource_Plan'!$C$2:$C$58,'06_Resource_Plan'!F:F),"") | T48: =_xludf.IFNA(_xlfn.XLOOKUP(Table3[[#This Row],[SKU]],'00_Yield_Rates'!$B$2:$B$17,'00_Yield_Rates'!$E$2:$E$17),"")
A49: Cut_up | B49: 61016 | D49: WIP | E49: SplitWing | J49: MS WIP AC RWA SPLIT WINGS | N49: PLATINUM | R49: =_xludf.IFNA(_xlfn.XLOOKUP(Table3[[#This Row],[SKU]],'03_BulkPack_Order'!$A$2:$A$67,'03_BulkPack_Order'!C:C),"") | S49: =_xludf.IFNA(_xlfn.XLOOKUP(Table3[[#This Row],[SKU]],'06_Resource_Plan'!$C$2:$C$58,'06_Resource_Plan'!F:F),"") | T49: =_xludf.IFNA(_xlfn.XLOOKUP(Table3[[#This Row],[SKU]],'00_Yield_Rates'!$B$2:$B$17,'00_Yield_Rates'!$E$2:$E$17),"")
A50: Cut_up | B50: 61018 | D50: WIP | E50: WING | J50: MS WIP AC WINGS WHOLE CAGE | N50: SILVER | R50: =_xludf.IFNA(_xlfn.XLOOKUP(Table3[[#This Row],[SKU]],'03_BulkPack_Order'!$A$2:$A$67,'03_BulkPack_Order'!C:C),"") | T50: =_xludf.IFNA(_xlfn.XLOOKUP(Table3[[#This Row],[SKU]],'00_Yield_Rates'!$B$2:$B$17,'00_Yield_Rates'!$E$2:$E$17),"")
A51: Cut_up | B51: 61040 | D51: WIP | E51: SplitBreast | J51: MS WIP AC BREAST BACK OFF SPLIT | N51: SILVER | R51: =_xludf.IFNA(_xlfn.XLOOKUP(Table3[[#This Row],[SKU]],'03_BulkPack_Order'!$A$2:$A$67,'03_BulkPack_Order'!C:C),"") | S51: =_xludf.IFNA(_xlfn.XLOOKUP(Table3[[#This Row],[SKU]],'06_Resource_Plan'!$C$2:$C$58,'06_Resource_Plan'!F:F),"") | T51: =_xludf.IFNA(_xlfn.XLOOKUP(Table3[[#This Row],[SKU]],'00_Yield_Rates'!$B$2:$B$17,'00_Yield_Rates'!$E$2:$E$17),"")
A52: Cut_up | B52: 61042 | D52: WIP | E52: SplitBreast | J52: MS WIP AC RWA BREAST BACK OFF SPLIT | N52: PLATINUM | R52: =_xludf.IFNA(_xlfn.XLOOKUP(Table3[[#This Row],[SKU]],'03_BulkPack_Order'!$A$2:$A$67,'03_BulkPack_Order'!C:C),"") | S52: =_xludf.IFNA(_xlfn.XLOOKUP(Table3[[#This Row],[SKU]],'06_Resource_Plan'!$C$2:$C$58,'06_Resource_Plan'!F:F),"") | T52: =_xludf.IFNA(_xlfn.XLOOKUP(Table3[[#This Row],[SKU]],'00_Yield_Rates'!$B$2:$B$17,'00_Yield_Rates'!$E$2:$E$17),"")
A53: Cut_up | B53: 61048 | D53: WIP | E53: SplitBreast | J53: MS WIP AC BREAST BACK OFF SPLIT SKNLS | N53: SILVER | R53: =_xludf.IFNA(_xlfn.XLOOKUP(Table3[[#This Row],[SKU]],'03_BulkPack_Order'!$A$2:$A$67,'03_BulkPack_Order'!C:C),"") | S53: =_xludf.IFNA(_xlfn.XLOOKUP(Table3[[#This Row],[SKU]],'06_Resource_Plan'!$C$2:$C$58,'06_Resource_Plan'!F:F),"") | T53: =_xludf.IFNA(_xlfn.XLOOKUP(Table3[[#This Row],[SKU]],'00_Yield_Rates'!$B$2:$B$17,'00_Yield_Rates'!$E$2:$E$17),"")
A54: Cut_up | B54: 61049 | D54: WIP | E54: SplitBreast | J54: MS WIP AC RWA BREAST BACK SKNLS OFF SPLIT | N54: PLATINUM | R54: =_xludf.IFNA(_xlfn.XLOOKUP(Table3[[#This Row],[SKU]],'03_BulkPack_Order'!$A$2:$A$67,'03_BulkPack_Order'!C:C),"") | S54: =_xludf.IFNA(_xlfn.XLOOKUP(Table3[[#This Row],[SKU]],'06_Resource_Plan'!$C$2:$C$58,'06_Resource_Plan'!F:F),"") | T54: =_xludf.IFNA(_xlfn.XLOOKUP(Table3[[#This Row],[SKU]],'00_Yield_Rates'!$B$2:$B$17,'00_Yield_Rates'!$E$2:$E$17),"")
A55: Cut_up | B55: 61050 | D55: WIP | E55: BSB | J55: MS WIP AC BREAST MEAT W/FILLET | N55: PLATINUM | R55: =_xludf.IFNA(_xlfn.XLOOKUP(Table3[[#This Row],[SKU]],'03_BulkPack_Order'!$A$2:$A$67,'03_BulkPack_Order'!C:C),"") | S55: =_xludf.IFNA(_xlfn.XLOOKUP(Table3[[#This Row],[SKU]],'06_Resource_Plan'!$C$2:$C$58,'06_Resource_Plan'!F:F),"") | T55: =_xludf.IFNA(_xlfn.XLOOKUP(Table3[[#This Row],[SKU]],'00_Yield_Rates'!$B$2:$B$17,'00_Yield_Rates'!$E$2:$E$17),"")
A56: Cut_up | B56: 61051 | D56: WIP | E56: BSB | J56: MS WIP AC RWA BREAST MEAT W/FILLET | N56: PLATINUM | R56: =_xludf.IFNA(_xlfn.XLOOKUP(Table3[[#This Row],[SKU]],'03_BulkPack_Order'!$A$2:$A$67,'03_BulkPack_Order'!C:C),"") | S56: =_xludf.IFNA(_xlfn.XLOOKUP(Table3[[#This Row],[SKU]],'06_Resource_Plan'!$C$2:$C$58,'06_Resource_Plan'!F:F),"") | T56: =_xludf.IFNA(_xlfn.XLOOKUP(Table3[[#This Row],[SKU]],'00_Yield_Rates'!$B$2:$B$17,'00_Yield_Rates'!$E$2:$E$17),"")
A57: Cut_up | B57: 61054 | D57: WIP | E57: FILLET | J57: MS WIP AC FILLET | N57: PLATINUM | R57: =_xludf.IFNA(_xlfn.XLOOKUP(Table3[[#This Row],[SKU]],'03_BulkPack_Order'!$A$2:$A$67,'03_BulkPack_Order'!C:C),"") | S57: =_xludf.IFNA(_xlfn.XLOOKUP(Table3[[#This Row],[SKU]],'06_Resource_Plan'!$C$2:$C$58,'06_Resource_Plan'!F:F),"") | T57: =_xludf.IFNA(_xlfn.XLOOKUP(Table3[[#This Row],[SKU]],'00_Yield_Rates'!$B$2:$B$17,'00_Yield_Rates'!$E$2:$E$17),"")
A58: Cut_up | B58: 61055 | D58: WIP | E58: WOF | J58: MS WIP AC BREAST MEAT WOF LCL | N58: SILVER | R58: =_xludf.IFNA(_xlfn.XLOOKUP(Table3[[#This Row],[SKU]],'03_BulkPack_Order'!$A$2:$A$67,'03_BulkPack_Order'!C:C),"") | S58: =_xludf.IFNA(_xlfn.XLOOKUP(Table3[[#This Row],[SKU]],'06_Resource_Plan'!$C$2:$C$58,'06_Resource_Plan'!F:F),"") | T58: =_xludf.IFNA(_xlfn.XLOOKUP(Table3[[#This Row],[SKU]],'00_Yield_Rates'!$B$2:$B$17,'00_Yield_Rates'!$E$2:$E$17),"")
A59: Cut_up | B59: 61061 | D59: WIP | E59: BA | J59: MS WIP AC LEG BA | N59: SILVER | S59: =_xludf.IFNA(_xlfn.XLOOKUP(Table3[[#This Row],[SKU]],'06_Resource_Plan'!$C$2:$C$58,'06_Resource_Plan'!F:F),"") | T59: =_xludf.IFNA(_xlfn.XLOOKUP(Table3[[#This Row],[SKU]],'00_Yield_Rates'!$B$2:$B$17,'00_Yield_Rates'!$E$2:$E$17),"")
A60: Cut_up | B60: 61062 | D60: WIP | E60: BA | J60: MS WIP AC LEG BA CAGE | N60: SILVER | S60: =_xludf.IFNA(_xlfn.XLOOKUP(Table3[[#This Row],[SKU]],'06_Resource_Plan'!$C$2:$C$58,'06_Resource_Plan'!F:F),"") | T60: =_xludf.IFNA(_xlfn.XLOOKUP(Table3[[#This Row],[SKU]],'00_Yield_Rates'!$B$2:$B$17,'00_Yield_Rates'!$E$2:$E$17),"")
A61: Cut_up | B61: 61064 | D61: WIP | E61: BSB | J61: MS WIP ACCUTLET | N61: PLATINUM | S61: =_xludf.IFNA(_xlfn.XLOOKUP(Table3[[#This Row],[SKU]],'06_Resource_Plan'!$C$2:$C$58,'06_Resource_Plan'!F:F),"") | T61: =_xludf.IFNA(_xlfn.XLOOKUP(Table3[[#This Row],[SKU]],'00_Yield_Rates'!$B$2:$B$17,'00_Yield_Rates'!$E$2:$E$17),"")
A62: Cut_up | B62: 61069 | D62: WIP | E62: BSB | J62: MS WIP AC RWA CUTLET | N62: PLATINUM | S62: =_xludf.IFNA(_xlfn.XLOOKUP(Table3[[#This Row],[SKU]],'06_Resource_Plan'!$C$2:$C$58,'06_Resource_Plan'!F:F),"") | T62: =_xludf.IFNA(_xlfn.XLOOKUP(Table3[[#This Row],[SKU]],'00_Yield_Rates'!$B$2:$B$17,'00_Yield_Rates'!$E$2:$E$17),"")
A63: Cut_up | B63: 61070 | D63: WIP | E63: BSB | N63: PLATINUM | S63: =_xludf.IFNA(_xlfn.XLOOKUP(Table3[[#This Row],[SKU]],'06_Resource_Plan'!$C$2:$C$58,'06_Resource_Plan'!F:F),"") | T63: =_xludf.IFNA(_xlfn.XLOOKUP(Table3[[#This Row],[SKU]],'00_Yield_Rates'!$B$2:$B$17,'00_Yield_Rates'!$E$2:$E$17),"")
A64: Cut_up | B64: 61072 | D64: WIP | E64: DRUM | J64: MS WIP AC DRUM TRIMMED | N64: PLATINUM | S64: =_xludf.IFNA(_xlfn.XLOOKUP(Table3[[#This Row],[SKU]],'06_Resource_Plan'!$C$2:$C$58,'06_Resource_Plan'!F:F),"") | T64: =_xludf.IFNA(_xlfn.XLOOKUP(Table3[[#This Row],[SKU]],'00_Yield_Rates'!$B$2:$B$17,'00_Yield_Rates'!$E$2:$E$17),"")
A65: Cut_up | B65: 61073 | D65: WIP | E65: DRUM | J65: MS WIP AC DRUM TRIMMED CAGE | N65: SILVER | S65: =_xludf.IFNA(_xlfn.XLOOKUP(Table3[[#This Row],[SKU]],'06_Resource_Plan'!$C$2:$C$58,'06_Resource_Plan'!F:F),"") | T65: =_xludf.IFNA(_xlfn.XLOOKUP(Table3[[#This Row],[SKU]],'00_Yield_Rates'!$B$2:$B$17,'00_Yield_Rates'!$E$2:$E$17),"")
A66: Cut_up | B66: 61074 | D66: WIP | E66: DRUM | J66: MS WIP AC RWA DRUM TRIMMED | N66: PLATINUM | S66: =_xludf.IFNA(_xlfn.XLOOKUP(Table3[[#This Row],[SKU]],'06_Resource_Plan'!$C$2:$C$58,'06_Resource_Plan'!F:F),"") | T66: =_xludf.IFNA(_xlfn.XLOOKUP(Table3[[#This Row],[SKU]],'00_Yield_Rates'!$B$2:$B$17,'00_Yield_Rates'!$E$2:$E$17),"")
A67: Cut_up | B67: 61075 | D67: WIP | E67: DRUM | J67: MS WIP AC RWA DRUM TRIMMED CAGE | N67: SILVER | S67: =_xludf.IFNA(_xlfn.XLOOKUP(Table3[[#This Row],[SKU]],'06_Resource_Plan'!$C$2:$C$58,'06_Resource_Plan'!F:F),"") | T67: =_xludf.IFNA(_xlfn.XLOOKUP(Table3[[#This Row],[SKU]],'00_Yield_Rates'!$B$2:$B$17,'00_Yield_Rates'!$E$2:$E$17),"")
A68: Cut_up | B68: 61076 | D68: WIP | E68: DRUM | N68: PLATINUM | S68: =_xludf.IFNA(_xlfn.XLOOKUP(Table3[[#This Row],[SKU]],'06_Resource_Plan'!$C$2:$C$58,'06_Resource_Plan'!F:F),"") | T68: =_xludf.IFNA(_xlfn.XLOOKUP(Table3[[#This Row],[SKU]],'00_Yield_Rates'!$B$2:$B$17,'00_Yield_Rates'!$E$2:$E$17),"")
A69: Cut_up | B69: 61077 | D69: WIP | E69: Thigh | J69: MS WIP AC THIGH PC TRIM | N69: PLATINUM | S69: =_xludf.IFNA(_xlfn.XLOOKUP(Table3[[#This Row],[SKU]],'06_Resource_Plan'!$C$2:$C$58,'06_Resource_Plan'!F:F),"") | T69: =_xludf.IFNA(_xlfn.XLOOKUP(Table3[[#This Row],[SKU]],'00_Yield_Rates'!$B$2:$B$17,'00_Yield_Rates'!$E$2:$E$17),"")
A70: Cut_up | B70: 61078 | D70: WIP | E70: Thigh | J70: MS WIP AC THIGH COSTCO TRIM | N70: GOLD | S70: =_xludf.IFNA(_xlfn.XLOOKUP(Table3[[#This Row],[SKU]],'06_Resource_Plan'!$C$2:$C$58,'06_Resource_Plan'!F:F),"") | T70: =_xludf.IFNA(_xlfn.XLOOKUP(Table3[[#This Row],[SKU]],'00_Yield_Rates'!$B$2:$B$17,'00_Yield_Rates'!$E$2:$E$17),"")
A71: Cut_up | B71: 61079 | D71: WIP | E71: Thigh | J71: MS WIP RWA THIGH TRIM - PC | N71: PLATINUM | S71: =_xludf.IFNA(_xlfn.XLOOKUP(Table3[[#This Row],[SKU]],'06_Resource_Plan'!$C$2:$C$58,'06_Resource_Plan'!F:F),"") | T71: =_xludf.IFNA(_xlfn.XLOOKUP(Table3[[#This Row],[SKU]],'00_Yield_Rates'!$B$2:$B$17,'00_Yield_Rates'!$E$2:$E$17),"")
A72: Cut_up | B72: 61082 | D72: WIP | E72: Thigh | J72: MS WIP AC THIGHS | N72: SILVER | S72: =_xludf.IFNA(_xlfn.XLOOKUP(Table3[[#This Row],[SKU]],'06_Resource_Plan'!$C$2:$C$58,'06_Resource_Plan'!F:F),"") | T72: =_xludf.IFNA(_xlfn.XLOOKUP(Table3[[#This Row],[SKU]],'00_Yield_Rates'!$B$2:$B$17,'00_Yield_Rates'!$E$2:$E$17),"")
A73: Cut_up | B73: 61086 | D73: WIP | E73: ThighMeat | J73: MS WIP AC THIGH MEAT | N73: PLATINUM | S73: =_xludf.IFNA(_xlfn.XLOOKUP(Table3[[#This Row],[SKU]],'06_Resource_Plan'!$C$2:$C$58,'06_Resource_Plan'!F:F),"") | T73: =_xludf.IFNA(_xlfn.XLOOKUP(Table3[[#This Row],[SKU]],'00_Yield_Rates'!$B$2:$B$17,'00_Yield_Rates'!$E$2:$E$17),"")
A74: Cut_up | B74: 61087 | D74: WIP | E74: ThighMeat | J74: MS WIP AC RWA THIGH MEAT | N74: PLATINUM | S74: =_xludf.IFNA(_xlfn.XLOOKUP(Table3[[#This Row],[SKU]],'06_Resource_Plan'!$C$2:$C$58,'06_Resource_Plan'!F:F),"") | T74: =_xludf.IFNA(_xlfn.XLOOKUP(Table3[[#This Row],[SKU]],'00_Yield_Rates'!$B$2:$B$17,'00_Yield_Rates'!$E$2:$E$17),"")
A75: Cut_up | B75: 61104 | D75: WIP | E75: BSB | J75: MS WIP AC CHUNK MEAT | N75: SILVER | S75: =_xludf.IFNA(_xlfn.XLOOKUP(Table3[[#This Row],[SKU]],'06_Resource_Plan'!$C$2:$C$58,'06_Resource_Plan'!F:F),"") | T75: =_xludf.IFNA(_xlfn.XLOOKUP(Table3[[#This Row],[SKU]],'00_Yield_Rates'!$B$2:$B$17,'00_Yield_Rates'!$E$2:$E$17),"")
A76: Cut_up | B76: 61121 | D76: WIP | E76: BACKBONE | J76: MS WIP AC BACKS | N76: SILVER | S76: =_xludf.IFNA(_xlfn.XLOOKUP(Table3[[#This Row],[SKU]],'06_Resource_Plan'!$C$2:$C$58,'06_Resource_Plan'!F:F),"") | T76: =_xludf.IFNA(_xlfn.XLOOKUP(Table3[[#This Row],[SKU]],'00_Yield_Rates'!$B$2:$B$17,'00_Yield_Rates'!$E$2:$E$17),"")
A77: Cut_up | B77: 61014#2 | D77: WIP | E77: SplitWing | J77: MS WIP AC WINGS SPLIT | N77: SILVER | S77: =_xludf.IFNA(_xlfn.XLOOKUP(Table3[[#This Row],[SKU]],'06_Resource_Plan'!$C$2:$C$58,'06_Resource_Plan'!F:F),"") | T77: =_xludf.IFNA(_xlfn.XLOOKUP(Table3[[#This Row],[SKU]],'00_Yield_Rates'!$B$2:$B$17,'00_Yield_Rates'!$E$2:$E$17),"")
A78: Cut_up | B78: 61014C | D78: WIP | E78: SplitWing | J78: MS WIP AC WINGS SPLIT | N78: GOLD | S78: =_xludf.IFNA(_xlfn.XLOOKUP(Table3[[#This Row],[SKU]],'06_Resource_Plan'!$C$2:$C$58,'06_Resource_Plan'!F:F),"") | T78: =_xludf.IFNA(_xlfn.XLOOKUP(Table3[[#This Row],[SKU]],'00_Yield_Rates'!$B$2:$B$17,'00_Yield_Rates'!$E$2:$E$17),"")
A79: Cut_up | B79: 61014F | D79: WIP | E79: SplitWing | J79: MS WIP AC WINGS SPLIT FFF | N79: PLATINUM | S79: =_xludf.IFNA(_xlfn.XLOOKUP(Table3[[#This Row],[SKU]],'06_Resource_Plan'!$C$2:$C$58,'06_Resource_Plan'!F:F),"") | T79: =_xludf.IFNA(_xlfn.XLOOKUP(Table3[[#This Row],[SKU]],'00_Yield_Rates'!$B$2:$B$17,'00_Yield_Rates'!$E$2:$E$17),"")
A80: Cut_up | B80: 61014B | D80: WIP | E80: SplitWing | J80: MS WIP AC WINGS SPLIT | N80: SILVER | S80: =_xludf.IFNA(_xlfn.XLOOKUP(Table3[[#This Row],[SKU]],'06_Resource_Plan'!$C$2:$C$58,'06_Resource_Plan'!F:F),"") | T80: =_xludf.IFNA(_xlfn.XLOOKUP(Table3[[#This Row],[SKU]],'00_Yield_Rates'!$B$2:$B$17,'00_Yield_Rates'!$E$2:$E$17),"")
A81: Cut_up | B81: 61040#2 | D81: WIP | E81: SplitBreast | J81: MS WIP AC BREAST BACK OFF SPLIT | N81: SILVER | S81: =_xludf.IFNA(_xlfn.XLOOKUP(Table3[[#This Row],[SKU]],'06_Resource_Plan'!$C$2:$C$58,'06_Resource_Plan'!F:F),"") | T81: =_xludf.IFNA(_xlfn.XLOOKUP(Table3[[#This Row],[SKU]],'00_Yield_Rates'!$B$2:$B$17,'00_Yield_Rates'!$E$2:$E$17),"")
A82: Cut_up | B82: 61048#2 | D82: WIP | E82: SplitBreast | J82: MS WIP AC BREAST BACK OFF SPLIT SKNLS | N82: SILVER | S82: =_xludf.IFNA(_xlfn.XLOOKUP(Table3[[#This Row],[SKU]],'06_Resource_Plan'!$C$2:$C$58,'06_Resource_Plan'!F:F),"") | T82: =_xludf.IFNA(_xlfn.XLOOKUP(Table3[[#This Row],[SKU]],'00_Yield_Rates'!$B$2:$B$17,'00_Yield_Rates'!$E$2:$E$17),"")
A83: Cut_up | B83: 61050#2 | D83: WIP | E83: BSB | J83: MS WIP AC BREAST MEAT W/FILLET SILVER | N83: SILVER | S83: =_xludf.IFNA(_xlfn.XLOOKUP(Table3[[#This Row],[SKU]],'06_Resource_Plan'!$C$2:$C$58,'06_Resource_Plan'!F:F),"") | T83: =_xludf.IFNA(_xlfn.XLOOKUP(Table3[[#This Row],[SKU]],'00_Yield_Rates'!$B$2:$B$17,'00_Yield_Rates'!$E$2:$E$17),"")
A84: Cut_up | B84: 61050C | D84: WIP | E84: BSB | J84: MS WIP AC BREAST MEAT W/FILLET COSTCO | N84: PLATINUM | S84: =_xludf.IFNA(_xlfn.XLOOKUP(Table3[[#This Row],[SKU]],'06_Resource_Plan'!$C$2:$C$58,'06_Resource_Plan'!F:F),"") | T84: =_xludf.IFNA(_xlfn.XLOOKUP(Table3[[#This Row],[SKU]],'00_Yield_Rates'!$B$2:$B$17,'00_Yield_Rates'!$E$2:$E$17),"")
A85: Cut_up | B85: 61050F | D85: WIP | E85: BSB | J85: MS WIP AC BREAST MEAT W/FILLET FFF | N85: PLATINUM | S85: =_xludf.IFNA(_xlfn.XLOOKUP(Table3[[#This Row],[SKU]],'06_Resource_Plan'!$C$2:$C$58,'06_Resource_Plan'!F:F),"") | T85: =_xludf.IFNA(_xlfn.XLOOKUP(Table3[[#This Row],[SKU]],'00_Yield_Rates'!$B$2:$B$17,'00_Yield_Rates'!$E$2:$E$17),"")
A86: Cut_up | B86: 61061F | D86: WIP | E86: BA | J86: ZH LCL LEG BA FFF | N86: PLATINUM | S86: =_xludf.IFNA(_xlfn.XLOOKUP(Table3[[#This Row],[SKU]],'06_Resource_Plan'!$C$2:$C$58,'06_Resource_Plan'!F:F),"") | T86: =_xludf.IFNA(_xlfn.XLOOKUP(Table3[[#This Row],[SKU]],'00_Yield_Rates'!$B$2:$B$17,'00_Yield_Rates'!$E$2:$E$17),"")
A87: Cut_up | B87: 61072#2 | D87: WIP | E87: DRUM | J87: WetChill Drums | N87: SILVER | S87: =_xludf.IFNA(_xlfn.XLOOKUP(Table3[[#This Row],[SKU]],'06_Resource_Plan'!$C$2:$C$58,'06_Resource_Plan'!F:F),"") | T87: =_xludf.IFNA(_xlfn.XLOOKUP(Table3[[#This Row],[SKU]],'00_Yield_Rates'!$B$2:$B$17,'00_Yield_Rates'!$E$2:$E$17),"")
A88: Cut_up | B88: 61072C | D88: WIP | E88: DRUM | J88: MS COS DRUMS | N88: GOLD | S88: =_xludf.IFNA(_xlfn.XLOOKUP(Table3[[#This Row],[SKU]],'06_Resource_Plan'!$C$2:$C$58,'06_Resource_Plan'!F:F),"") | T88: =_xludf.IFNA(_xlfn.XLOOKUP(Table3[[#This Row],[SKU]],'00_Yield_Rates'!$B$2:$B$17,'00_Yield_Rates'!$E$2:$E$17),"")
... A92: Cut_up | B92: 61086C | D92: WIP | E92: ThighMeat | J92: MS WIP AC THIGH MEAT COSTCO | N92: GOLD | S92: =_xludf.IFNA(_xlfn.XLOOKUP(Table3[[#This Row],[SKU]],'06_Resource_Plan'!$C$2:$C$58,'06_Resource_Plan'!F:F),"") | T92: =_xludf.IFNA(_xlfn.XLOOKUP(Table3[[#This Row],[SKU]],'00_Yield_Rates'!$B$2:$B$17,'00_Yield_Rates'!$E$2:$E$17),"")
A93: Cut_up | B93: 61086F | D93: WIP | E93: ThighMeat | J93: MS WIP AC THIGH MEAT FFF | N93: PLATINUM | T93: =_xludf.IFNA(_xlfn.XLOOKUP(Table3[[#This Row],[SKU]],'00_Yield_Rates'!$B$2:$B$17,'00_Yield_Rates'!$E$2:$E$17),"")
A94: Tray_Pack | B94: 260 | C94: 61050#2 | D94: LCL | E94: BSB | G94: 8 | H94: PET 8 | I94: Small | J94: MS LCL BSHB PET8 PP | K94: Fast | L94: BOX | M94: 109.6 | N94: SILVER | O94: 25 | P94: 61050#2 | R94: =_xlfn.XLOOKUP(Table3[[#This Row],[SKU]],'05_Daily_Orders'!$B$2:$B$328,'05_Daily_Orders'!G:G) | S94: =IFERROR(R94*1,"") | T94: =_xludf.IFNA(_xlfn.XLOOKUP(Table3[[#This Row],[SKU]],'00_Yield_Rates'!$B$2:$B$17,'00_Yield_Rates'!$E$2:$E$17),"")
A95: Tray_Pack | B95: 331 | C95: 61061 | D95: METRO | E95: BA | F95: 10.008899 | G95: 16 | H95: ST 3XP | I95: Small | J95: MS LEG BA ST | K95: Fast | L95: 6.5 BOX | M95: 32.31 | N95: SILVER | O95: 25 | P95: 61061 | R95: =_xlfn.XLOOKUP(Table3[[#This Row],[SKU]],'05_Daily_Orders'!$B$2:$B$328,'05_Daily_Orders'!G:G) | S95: =IFERROR(R95*1,"") | T95: =_xludf.IFNA(_xlfn.XLOOKUP(Table3[[#This Row],[SKU]],'00_Yield_Rates'!$B$2:$B$17,'00_Yield_Rates'!$E$2:$E$17),"")
A96: Tray_Pack | B96: 349 | C96: 61040#2 | D96: FB | E96: SplitBreast | G96: 16 | H96: ST 3XP | I96: Small | J96: PB HB ST | K96: Fast | L96: 6.5 BOX | M96: 48.8 | N96: SILVER | O96: 25 | P96: 61040#2 | R96: =_xlfn.XLOOKUP(Table3[[#This Row],[SKU]],'05_Daily_Orders'!$B$2:$B$328,'05_Daily_Orders'!G:G) | S96: =IFERROR(R96*1,"") | T96: =_xludf.IFNA(_xlfn.XLOOKUP(Table3[[#This Row],[SKU]],'00_Yield_Rates'!$B$2:$B$17,'00_Yield_Rates'!$E$2:$E$17),"")
A97: Tray_Pack | B97: 484 | C97: 61121 | D97: FB | E97: BackBone | F97: 9.4150185 | G97: 16 | H97: ST 3XP | I97: Small | J97: MS BACK ST PP | K97: Fast | L97: 6.5 BOX | M97: 47.38 | N97: SILVER | O97: 25 | P97: 61121 | R97: =_xlfn.XLOOKUP(Table3[[#This Row],[SKU]],'05_Daily_Orders'!$B$2:$B$328,'05_Daily_Orders'!G:G) | S97: =IFERROR(R97*1,"") | T97: =_xludf.IFNA(_xlfn.XLOOKUP(Table3[[#This Row],[SKU]],'00_Yield_Rates'!$B$2:$B$17,'00_Yield_Rates'!$E$2:$E$17),"")
A98: Tray_Pack | B98: 784 | C98: 61086#2 | D98: FB | E98: ThighMeat | F98: 8.2634387 | G98: 8 | H98: LT 8XP | I98: Large | J98: MS BSC BSTHIGH LT PP | K98: Slow | L98: BOX | M98: 17.92 | N98: SILVER | O98: 25 | P98: 61086#2 | R98: =_xlfn.XLOOKUP(Table3[[#This Row],[SKU]],'05_Daily_Orders'!$B$2:$B$328,'05_Daily_Orders'!G:G) | S98: =IFERROR(R98*1,"") | T98: =_xludf.IFNA(_xlfn.XLOOKUP(Table3[[#This Row],[SKU]],'00_Yield_Rates'!$B$2:$B$17,'00_Yield_Rates'!$E$2:$E$17),"")
A99: Tray_Pack | B99: 946 | C99: 61040#2 | D99: FB | E99: SplitBreast | G99: 6 | H99: LT 14D | I99: Clubpack | J99: PB BSC HB FT PP 8/BOX | K99: Fast | L99: 6.5 BOX | M99: 55.73 | N99: SILVER | O99: 25 | P99: 61040#2 | R99: =_xlfn.XLOOKUP(Table3[[#This Row],[SKU]],'05_Daily_Orders'!$B$2:$B$328,'05_Daily_Orders'!G:G) | S99: =IFERROR(R99*1,"") | T99: =_xludf.IFNA(_xlfn.XLOOKUP(Table3[[#This Row],[SKU]],'00_Yield_Rates'!$B$2:$B$17,'00_Yield_Rates'!$E$2:$E$17),"")
A100: Tray_Pack | B100: 956 | C100: 61072#2 | D100: FB | E100: Drum | G100: 6 | H100: LT 14D | I100: Clubpack | J100: PB BSC DRUM FT PP | K100: Fast | L100: 6.5 BOX | M100: 72.73 | O100: 25 | P100: 61072#2 | R100: =_xlfn.XLOOKUP(Table3[[#This Row],[SKU]],'05_Daily_Orders'!$B$2:$B$328,'05_Daily_Orders'!G:G) | S100: =IFERROR(R100*1,"") | T100: =_xludf.IFNA(_xlfn.XLOOKUP(Table3[[#This Row],[SKU]],'00_Yield_Rates'!$B$2:$B$17,'00_Yield_Rates'!$E$2:$E$17),"")
A101: Tray_Pack | B101: 957 | C101: 61082 | D101: FB | E101: Thigh | G101: 6 | H101: LT 14D | I101: Clubpack | J101: PB BSC THIGH FT PP | K101: Fast | L101: 6.5 BOX | M101: 57.23 | O101: 25 | P101: 61082 | R101: =_xlfn.XLOOKUP(Table3[[#This Row],[SKU]],'05_Daily_Orders'!$B$2:$B$328,'05_Daily_Orders'!G:G) | S101: =IFERROR(R101*1,"") | T101: =_xludf.IFNA(_xlfn.XLOOKUP(Table3[[#This Row],[SKU]],'00_Yield_Rates'!$B$2:$B$17,'00_Yield_Rates'!$E$2:$E$17),"")
A102: Tray_Pack | B102: 1023 | C102: 61121 | D102: METRO | E102: Backbone | F102: 9.3701256 | G102: 16 | H102: ST 3XP | I102: Small | J102: PB BACK ST | K102: Fast | L102: 6.5 BOX | M102: 47.38 | N102: SILVER | O102: 25 | P102: 61121 | R102: =_xlfn.XLOOKUP(Table3[[#This Row],[SKU]],'05_Daily_Orders'!$B$2:$B$328,'05_Daily_Orders'!G:G) | S102: =IFERROR(R102*1,"") | T102: =_xludf.IFNA(_xlfn.XLOOKUP(Table3[[#This Row],[SKU]],'00_Yield_Rates'!$B$2:$B$17,'00_Yield_Rates'!$E$2:$E$17),"")
A103: Tray_Pack | B103: 1830 | C103: 61050F | D103: FB | E103: BSB | F103: 3.5867374 | G103: 8 | H103: ST 3D | I103: Small | J103: MS BSC FFTF BSHB AC 3D PP | K103: Fast | L103: BOX | M103: 56.51 | N103: PLATINUM | O103: 25 | P103: 61050F | R103: =_xlfn.XLOOKUP(Table3[[#This Row],[SKU]],'05_Daily_Orders'!$B$2:$B$328,'05_Daily_Orders'!G:G) | S103: =IFERROR(R103*1,"") | T103: =_xludf.IFNA(_xlfn.XLOOKUP(Table3[[#This Row],[SKU]],'00_Yield_Rates'!$B$2:$B$17,'00_Yield_Rates'!$E$2:$E$17),"")
...

Sheet 01_Cages_Plan
B2: Cut up Plan | G2: 0.27083333
B3: Total Cages | C3: ='03_BulkPack_Order'!C2 | E3: RWA | G3: =(F3/C8*1/24) | O3: Flock # 1 | P3: Big Bird | Q3: 200141
B4: Total Cages Request | C4: ='03_BulkPack_Order'!C2-F7 | E4: MLF | F4: =SUM(K7:K11) | G4: =G3+(F4/C7*1/24) | H4: =F4/C7*1/24 | O4: Flock # 2 | P4: Small Bird | Q4: 200140
B5: Avg Cage weight | C5: 680 | E5: St. Fran | F5: =K12 | G5: =G4+(F5/C7*1/24) | H5: =F5/C7*1/24 | O5: Flock # 3 | P5: Small Bird | Q5: 200015
B6: Avg Bird weight | C6: 1.6 | E6: EVP | F6: =K13 | O6: Flock # 4 | Q6: St Francois
B7: Cages/Hour | C7: =60/(C5/C6/C9) | E7: Total: | F7: =SUM(F3:F6) | J7: 200190/191 | K7: 4 | L7: =K7/$C$7 | O7: Flock # 5 | Q7: Eden Valley
B8: Brids/cage | C8: 410 | J8: 200140 | K8: 33 | L8: =K8/$C$7 | M8: 1.3-1.6 | O8: Flock # 6 | P8: Mix Bird | Q8: 200023
B9: Machine Speed (BPM) | C9: 115 | J9: 200141 | K9: 38 | L9: =K9/$C$7 | M9: 1.6-2.3 | O9: Flock # 7 | P9: Big Bird | Q9: 200017
B10: RWA | C10: Bnls | D10: Split wing | E10: Thigh | F10: Drum | J10: 200150 | K10: 1 | L10: =K10/$C$7 | M10: 1.6-2.3 | O10: Flock # 19 | P10: Mix Bird | Q10: 200190
B11: =MAX(C11:F11) | C11: =B27 | D11: =B33 | E11: =B34 | F11: =B36 | J11: 200151 | L11: =K11/$C$7 | M11: 1.3-1.6
B12: EXTRA Case/25KG | C12: =(F3-C11)*C5*D26/25 | D12: =(F3-D11)*C5*D33/25 | E12: =(F3-E11)*C5*D34/25 | F12: =(F3-F11)*C5*D36/25 | J12: Saint Francois | K12: 30 | L12: =K12/$C$7 | M12: 1.8
F13: Need | H13: Cases left over | J13: Eden Valley | L13: =K13/$C$7
B14: Breast | C14: =B43 | E14: =IF(C11>F3,F3,C11) | F14: =C14+E14 | G14: Bnls | H14: =(C3-F14)*C5*'08_Chart_Data'!M9/25
B16: WINGS | C16: =B62 | E16: =IF(D11>F3,F3,D11) | F16: =C16+E16 | G16: Wings | H16: =(C3-F16)*C5*'08_Chart_Data'!M3/25
B18: THIGH | C18: =B76 | E18: =IF(E11>F3,F3,E11) | F18: =C18+E18 | G18: Thigh | H18: =(C3-F22-F18)*C5*'08_Chart_Data'!I23/25
B20: DRUM | C20: =B95 | E20: =IF(F11>F3,F3,F11) | F20: =C20+E20 | G20: Drums | H20: =(C3-F20-F22)*C5*'08_Chart_Data'!I18/25
B22: B.A LEG | C22: =B108 | F22: =C22
C25: Code | D25: % | E25: Cases | F25: Weight | G25: Cages | H25: Bird | I25: Time
B26: RWA | C26: 61051 | D26: =_xludf.IFNA(_xlfn.XLOOKUP(C26,'08_Chart_Data'!$Q$3:$Q$104,'08_Chart_Data'!$R$3:$R$104,0),"") | E26: =_xludf.IFNA(_xlfn.XLOOKUP(C26,'10_Cone_Line'!$A$3:$A$136,'10_Cone_Line'!$E$3:$E$136,0),"") | F26: =_xludf.IFNA(E26*_xlfn.XLOOKUP(C26,'08_Chart_Data'!$Q$3:$Q$104,'08_Chart_Data'!$S$3:$S$104,0)/D26,"") | G26: =IFERROR(F26/$C$5,"0") | H26: =IFERROR(F26/$C$6,"-") | I26: =IFERROR(IF(H26<0,"",(H26/$C$9)/1440),"")
B27: =SUMIF(G26:G32,">0") | C27: 61049 | D27: =_xludf.IFNA(_xlfn.XLOOKUP(C27,'08_Chart_Data'!$Q$3:$Q$104,'08_Chart_Data'!$R$3:$R$104,0),"") | E27: =_xludf.IFNA(_xlfn.XLOOKUP(C27,'10_Cone_Line'!$A$3:$A$136,'10_Cone_Line'!$E$3:$E$136,0),"") | F27: =_xludf.IFNA(E27*_xlfn.XLOOKUP(C27,'08_Chart_Data'!$Q$3:$Q$104,'08_Chart_Data'!$S$3:$S$104,0)/D27,"") | G27: =IFERROR(F27/$C$5,"0") | H27: =IFERROR(F27/$C$6,"-") | I27: =IFERROR(IF(H27<0,"",(H27/$C$9)/1440),"")
C28: 61042 | D28: =_xludf.IFNA(_xlfn.XLOOKUP(C28,'08_Chart_Data'!$Q$3:$Q$104,'08_Chart_Data'!$R$3:$R$104,0),"") | E28: =_xludf.IFNA(_xlfn.XLOOKUP(C28,'10_Cone_Line'!$A$3:$A$136,'10_Cone_Line'!$E$3:$E$136,0),"") | F28: =_xludf.IFNA(E28*_xlfn.XLOOKUP(C28,'08_Chart_Data'!$Q$3:$Q$104,'08_Chart_Data'!$S$3:$S$104,0)/D28,"") | G28: =IFERROR(F28/$C$5,"0") | H28: =IFERROR(F28/$C$6,"-") | I28: =IFERROR(IF(H28<0,"",(H28/$C$9)/1440),"")
C29: 1081 | D29: =_xludf.IFNA(_xlfn.XLOOKUP(C29,'08_Chart_Data'!$Q$3:$Q$104,'08_Chart_Data'!$R$3:$R$104,0),"") | E29: =_xludf.IFNA(_xlfn.XLOOKUP(C29,'10_Cone_Line'!$A$3:$A$136,'10_Cone_Line'!$E$3:$E$136,0),"") | F29: =_xludf.IFNA(E29*_xlfn.XLOOKUP(C29,'08_Chart_Data'!$Q$3:$Q$104,'08_Chart_Data'!$S$3:$S$104,0)/D29,"") | G29: =IFERROR(F29/$C$5,"0") | H29: =IFERROR(F29/$C$6,"-") | I29: =IFERROR(IF(H29<0,"",(H29/$C$9)/1440),"")
C30: 61070 | D30: =_xludf.IFNA(_xlfn.XLOOKUP(C30,'08_Chart_Data'!$Q$3:$Q$104,'08_Chart_Data'!$R$3:$R$104,0),"") | E30: =_xludf.IFNA(_xlfn.XLOOKUP(C30,'10_Cone_Line'!$A$3:$A$136,'10_Cone_Line'!$E$3:$E$136,0),"") | F30: =_xludf.IFNA(E30*_xlfn.XLOOKUP(C30,'08_Chart_Data'!$Q$3:$Q$104,'08_Chart_Data'!$S$3:$S$104,0)/D30,"") | G30: =IFERROR(F30/$C$5,"0") | H30: =IFERROR(F30/$C$6,"-") | I30: =IFERROR(IF(H30<0,"",(H30/$C$9)/1440),"")
D31: =_xludf.IFNA(_xlfn.XLOOKUP(C31,'08_Chart_Data'!$Q$3:$Q$104,'08_Chart_Data'!$R$3:$R$104,0),"") | E31: =_xludf.IFNA(_xlfn.XLOOKUP(C31,'10_Cone_Line'!$A$3:$A$136,'10_Cone_Line'!$E$3:$E$136,0),"") | F31: =_xludf.IFNA(E31*_xlfn.XLOOKUP(C31,'08_Chart_Data'!$Q$3:$Q$104,'08_Chart_Data'!$S$3:$S$104,0)/D31,"") | G31: =IFERROR(F31/$C$5,"0") | H31: =IFERROR(F31/$C$6,"-") | I31: =IFERROR(IF(H31<0,"",(H31/$C$9)/1440),"")
C32: 61069 | D32: =_xludf.IFNA(_xlfn.XLOOKUP(C32,'08_Chart_Data'!$Q$3:$Q$104,'08_Chart_Data'!$R$3:$R$104,0),"") | E32: =_xludf.IFNA(_xlfn.XLOOKUP(C32,'10_Cone_Line'!$A$3:$A$136,'10_Cone_Line'!$E$3:$E$136,0),"") | F32: =_xludf.IFNA(E32*_xlfn.XLOOKUP(C32,'08_Chart_Data'!$Q$3:$Q$104,'08_Chart_Data'!$S$3:$S$104,0)/D32,"") | G32: =IFERROR(F32/$C$5,"0") | H32: =IFERROR(F32/$C$6,"-") | I32: =IFERROR(IF(H32<0,"",(H32/$C$9)/1440),"")
B33: =SUMIF(G33,">0") | C33: 61016 | D33: =_xludf.IFNA(_xlfn.XLOOKUP(C33,'08_Chart_Data'!$Q$3:$Q$104,'08_Chart_Data'!$R$3:$R$104,0),"") | E33: =_xludf.IFNA(_xlfn.XLOOKUP(C33,'10_Cone_Line'!$A$3:$A$136,'10_Cone_Line'!$E$3:$E$136,0),"") | F33: =_xludf.IFNA(E33*_xlfn.XLOOKUP(C33,'08_Chart_Data'!$Q$3:$Q$104,'08_Chart_Data'!$S$3:$S$104,0)/D33,"") | G33: =IFERROR(F33/$C$5,"0") | H33: =IFERROR(F33/$C$6,"-") | I33: =IFERROR(IF(H33<0,"",(H33/$C$9)/1440),"")
B34: =SUMIF(G34:G35,">0") | C34: 61079 | D34: =_xludf.IFNA(_xlfn.XLOOKUP(C34,'08_Chart_Data'!$Q$3:$Q$104,'08_Chart_Data'!$R$3:$R$104,0),"") | E34: =_xludf.IFNA(_xlfn.XLOOKUP(C34,'10_Cone_Line'!$A$3:$A$136,'10_Cone_Line'!$E$3:$E$136,0),"") | F34: =_xludf.IFNA(E34*_xlfn.XLOOKUP(C34,'08_Chart_Data'!$Q$3:$Q$104,'08_Chart_Data'!$S$3:$S$104,0)/D34,"") | G34: =IFERROR(F34/$C$5,"0") | H34: =IFERROR(F34/$C$6,"-") | I34: =IFERROR(IF(H34<0,"",(H34/$C$9)/1440),"")
C35: 61087 | D35: =_xludf.IFNA(_xlfn.XLOOKUP(C35,'08_Chart_Data'!$Q$3:$Q$104,'08_Chart_Data'!$R$3:$R$104,0),"") | E35: =_xludf.IFNA(_xlfn.XLOOKUP(C35,'10_Cone_Line'!$A$3:$A$136,'10_Cone_Line'!$E$3:$E$136,0),"") | F35: =_xludf.IFNA(E35*_xlfn.XLOOKUP(C35,'08_Chart_Data'!$Q$3:$Q$104,'08_Chart_Data'!$S$3:$S$104,0)/D35,"") | G35: =IFERROR(F35/$C$5,"0") | H35: =IFERROR(F35/$C$6,"-") | I35: =IFERROR(IF(H35<0,"",(H35/$C$9)/1440),"")
B36: =SUMIF(G36:G37,">0") | C36: 61074 | D36: =_xludf.IFNA(_xlfn.XLOOKUP(C36,'08_Chart_Data'!$Q$3:$Q$104,'08_Chart_Data'!$R$3:$R$104,0),"") | E36: =_xludf.IFNA(_xlfn.XLOOKUP(C36,'10_Cone_Line'!$A$3:$A$136,'10_Cone_Line'!$E$3:$E$136,0),"") | F36: =_xludf.IFNA(E36*_xlfn.XLOOKUP(C36,'08_Chart_Data'!$Q$3:$Q$104,'08_Chart_Data'!$S$3:$S$104,0)/D36,"") | G36: =IFERROR(F36/$C$5,"0") | H36: =IFERROR(F36/$C$6,"-") | I36: =IFERROR(IF(H36<0,"",(H36/$C$9)/1440),"")
C37: 61076 | D37: =_xludf.IFNA(_xlfn.XLOOKUP(C37,'08_Chart_Data'!$Q$3:$Q$104,'08_Chart_Data'!$R$3:$R$104,0),"") | E37: =_xludf.IFNA(_xlfn.XLOOKUP(C37,'10_Cone_Line'!$A$3:$A$136,'10_Cone_Line'!$E$3:$E$136,0),"") | F37: =_xludf.IFNA(E37*_xlfn.XLOOKUP(C37,'08_Chart_Data'!$Q$3:$Q$104,'08_Chart_Data'!$S$3:$S$104,0)/D37,"") | G37: =IFERROR(F37/$C$5,"0") | H37: =IFERROR(F37/$C$6,"-") | I37: =IFERROR(IF(H37<0,"",(H37/$C$9)/1440),"")
E38: =_xludf.IFNA(_xlfn.XLOOKUP(C38,'10_Cone_Line'!$A$3:$A$136,'10_Cone_Line'!$E$3:$E$136,0),"") | F38: =_xludf.IFNA(E38*_xlfn.XLOOKUP(C38,'08_Chart_Data'!$Q$3:$Q$104,'08_Chart_Data'!$S$3:$S$104,0)/D38,"") | G38: =IFERROR(F38/$C$5,"0") | H38: =IFERROR(F38/$C$6,"-") | I38: =IFERROR(IF(H38<0,"",(H38/$C$9)/1440),"")
E39: =_xludf.IFNA(_xlfn.XLOOKUP(C39,'10_Cone_Line'!$A$3:$A$136,'10_Cone_Line'!$E$3:$E$136,0),"") | F39: =_xludf.IFNA(E39*_xlfn.XLOOKUP(C39,'08_Chart_Data'!$Q$3:$Q$104,'08_Chart_Data'!$S$3:$S$104,0)/D39,"") | G39: =IFERROR(F39/$C$5,"0") | H39: =IFERROR(F39/$C$6,"-") | I39: =IFERROR(IF(H39<0,"",(H39/$C$9)/1440),"")
E40: =_xludf.IFNA(_xlfn.XLOOKUP(C40,'10_Cone_Line'!$A$3:$A$136,'10_Cone_Line'!$E$3:$E$136,0),"") | F40: =_xludf.IFNA(E40*_xlfn.XLOOKUP(C40,'08_Chart_Data'!$Q$3:$Q$104,'08_Chart_Data'!$S$3:$S$104,0)/D40,"") | G40: =IFERROR(F40/$C$5,"0") | H40: =IFERROR(F40/$C$6,"-") | I40: =IFERROR(IF(H40<0,"",(H40/$C$9)/1440),"")
B41: Breast | C41: 61050F | D41: =_xludf.IFNA(_xlfn.XLOOKUP(C41,'00_SKU_Master'!$B$2:$B$378,'00_SKU_Master'!T:T)/100,"") | E41: =_xludf.IFNA(_xlfn.XLOOKUP(C41,'10_Cone_Line'!$A$3:$A$136,'10_Cone_Line'!$E$3:$E$136,0),"") | F41: =_xludf.IFNA(E41*_xlfn.XLOOKUP(C41,'08_Chart_Data'!$Q$3:$Q$104,'08_Chart_Data'!$S$3:$S$104,0)/D41,"") | G41: =IFERROR(F41/$C$5,"0") | H41: =IFERROR(F41/$C$6,"-") | I41: =IFERROR(IF(H41<0,"",(H41/$C$9)/1440),"")
C42: 61050 | D42: =_xludf.IFNA(_xlfn.XLOOKUP(C42,'00_SKU_Master'!$B$2:$B$378,'00_SKU_Master'!T:T)/100,"") | E42: =_xludf.IFNA(_xlfn.XLOOKUP(C42,'10_Cone_Line'!$A$3:$A$136,'10_Cone_Line'!$E$3:$E$136,0),"") | F42: =_xludf.IFNA(E42*_xlfn.XLOOKUP(C42,'08_Chart_Data'!$Q$3:$Q$104,'08_Chart_Data'!$S$3:$S$104,0)/D42,"") | G42: =IFERROR(F42/$C$5,"0") | H42: =IFERROR(F42/$C$6,"-") | I42: =IFERROR(IF(H42<0,"",(H42/$C$9)/1440),"")
B43: =SUMIF(G41:G59,">0") | C43: 1888 | D43: =_xludf.IFNA(_xlfn.XLOOKUP(C43,'00_SKU_Master'!$B$2:$B$378,'00_SKU_Master'!T:T)/100,"") | E43: =_xludf.IFNA(_xlfn.XLOOKUP(C43,'10_Cone_Line'!$A$3:$A$136,'10_Cone_Line'!$E$3:$E$136,0),"") | F43: =_xludf.IFNA(E43*_xlfn.XLOOKUP(C43,'08_Chart_Data'!$Q$3:$Q$104,'08_Chart_Data'!$S$3:$S$104,0)/D43,"") | G43: =IFERROR(F43/$C$5,"0") | H43: =IFERROR(F43/$C$6,"-") | I43: =IFERROR(IF(H43<0,"",(H43/$C$9)/1440),"")
C44: 61040#2 | D44: =_xludf.IFNA(_xlfn.XLOOKUP(C44,'00_SKU_Master'!$B$2:$B$378,'00_SKU_Master'!T:T)/100,"") | E44: =_xludf.IFNA(_xlfn.XLOOKUP(C44,'10_Cone_Line'!$A$3:$A$136,'10_Cone_Line'!$E$3:$E$136,0),"") | F44: =_xludf.IFNA(E44*_xlfn.XLOOKUP(C44,'08_Chart_Data'!$Q$3:$Q$104,'08_Chart_Data'!$S$3:$S$104,0)/D44,"") | G44: =IFERROR(F44/$C$5,"0") | H44: =IFERROR(F44/$C$6,"-") | I44: =IFERROR(IF(H44<0,"",(H44/$C$9)/1440),"")
B45: FFF | C45: 61048 | D45: =_xludf.IFNA(_xlfn.XLOOKUP(C45,'00_SKU_Master'!$B$2:$B$378,'00_SKU_Master'!T:T)/100,"") | E45: =_xludf.IFNA(_xlfn.XLOOKUP(C45,'10_Cone_Line'!$A$3:$A$136,'10_Cone_Line'!$E$3:$E$136,0),"") | F45: =_xludf.IFNA(E45*_xlfn.XLOOKUP(C45,'08_Chart_Data'!$Q$3:$Q$104,'08_Chart_Data'!$S$3:$S$104,0)/D45,"") | G45: =IFERROR(F45/$C$5,"0") | H45: =IFERROR(F45/$C$6,"-") | I45: =IFERROR(IF(H45<0,"",(H45/$C$9)/1440),"")
B46: =G41 | C46: 61052 | D46: =_xludf.IFNA(_xlfn.XLOOKUP(C46,'00_SKU_Master'!$B$2:$B$378,'00_SKU_Master'!T:T)/100,"") | E46: =_xludf.IFNA(_xlfn.XLOOKUP(C46,'10_Cone_Line'!$A$3:$A$136,'10_Cone_Line'!$E$3:$E$136,0),"") | F46: =_xludf.IFNA(E46*_xlfn.XLOOKUP(C46,'08_Chart_Data'!$Q$3:$Q$104,'08_Chart_Data'!$S$3:$S$104,0)/D46,"") | G46: =IFERROR(F46/$C$5,"0") | H46: =IFERROR(F46/$C$6,"-") | I46: =IFERROR(IF(H46<0,"",(H46/$C$9)/1440),"")
C47: 200083 | D47: =_xludf.IFNA(_xlfn.XLOOKUP(C47,'00_SKU_Master'!$B$2:$B$378,'00_SKU_Master'!T:T)/100,"") | E47: =_xludf.IFNA(_xlfn.XLOOKUP(C47,'10_Cone_Line'!$A$3:$A$136,'10_Cone_Line'!$E$3:$E$136,0),"") | F47: =_xludf.IFNA(E47*_xlfn.XLOOKUP(C47,'08_Chart_Data'!$Q$3:$Q$104,'08_Chart_Data'!$S$3:$S$104,0)/D47,"") | G47: =IFERROR(F47/$C$5,"0") | H47: =IFERROR(F47/$C$6,"-") | I47: =IFERROR(IF(H47<0,"",(H47/$C$9)/1440),"")
C48: 200089 | D48: =_xludf.IFNA(_xlfn.XLOOKUP(C48,'00_SKU_Master'!$B$2:$B$378,'00_SKU_Master'!T:T)/100,"") | E48: =_xludf.IFNA(_xlfn.XLOOKUP(C48,'10_Cone_Line'!$A$3:$A$136,'10_Cone_Line'!$E$3:$E$136,0),"") | F48: =_xludf.IFNA(E48*_xlfn.XLOOKUP(C48,'08_Chart_Data'!$Q$3:$Q$104,'08_Chart_Data'!$S$3:$S$104,0)/D48,"") | G48: =IFERROR(F48/$C$5,"0") | H48: =IFERROR(F48/$C$6,"-") | I48: =IFERROR(IF(H48<0,"",(H48/$C$9)/1440),"")
C49: 1894 | D49: =_xludf.IFNA(_xlfn.XLOOKUP(C49,'00_SKU_Master'!$B$2:$B$378,'00_SKU_Master'!T:T)/100,"") | E49: =_xludf.IFNA(_xlfn.XLOOKUP(C49,'10_Cone_Line'!$A$3:$A$136,'10_Cone_Line'!$E$3:$E$136,0),"") | F49: =_xludf.IFNA(E49*_xlfn.XLOOKUP(C49,'08_Chart_Data'!$Q$3:$Q$104,'08_Chart_Data'!$S$3:$S$104,0)/D49,"") | G49: =IFERROR(F49/$C$5,"0") | H49: =IFERROR(F49/$C$6,"-") | I49: =IFERROR(IF(H49<0,"",(H49/$C$9)/1440),"")
C50: 61050#2 | D50: =_xludf.IFNA(_xlfn.XLOOKUP(C50,'00_SKU_Master'!$B$2:$B$378,'00_SKU_Master'!T:T)/100,"") | E50: =_xludf.IFNA(_xlfn.XLOOKUP(C50,'10_Cone_Line'!$A$3:$A$136,'10_Cone_Line'!$E$3:$E$136,0),"") | F50: =_xludf.IFNA(E50*_xlfn.XLOOKUP(C50,'08_Chart_Data'!$Q$3:$Q$104,'08_Chart_Data'!$S$3:$S$104,0)/D50,"") | G50: =IFERROR(F50/$C$5,"0") | H50: =IFERROR(F50/$C$6,"-") | I50: =IFERROR(IF(H50<0,"",(H50/$C$9)/1440),"")
C51: 165 | D51: =_xludf.IFNA(_xlfn.XLOOKUP(C51,'00_SKU_Master'!$B$2:$B$378,'00_SKU_Master'!T:T)/100,"") | E51: =_xludf.IFNA(_xlfn.XLOOKUP(C51,'10_Cone_Line'!$A$3:$A$136,'10_Cone_Line'!$E$3:$E$136,0),"") | F51: =_xludf.IFNA(E51*_xlfn.XLOOKUP(C51,'08_Chart_Data'!$Q$3:$Q$104,'08_Chart_Data'!$S$3:$S$104,0)/D51,"") | G51: =IFERROR(F51/$C$5,"0") | H51: =IFERROR(F51/$C$6,"-") | I51: =IFERROR(IF(H51<0,"",(H51/$C$9)/1440),"")
C52: 203169 | D52: =_xludf.IFNA(_xlfn.XLOOKUP(C52,'00_SKU_Master'!$B$2:$B$378,'00_SKU_Master'!T:T)/100,"") | E52: =_xludf.IFNA(_xlfn.XLOOKUP(C52,'10_Cone_Line'!$A$3:$A$136,'10_Cone_Line'!$E$3:$E$136,0),"") | F52: =_xludf.IFNA(E52*_xlfn.XLOOKUP(C52,'08_Chart_Data'!$Q$3:$Q$104,'08_Chart_Data'!$S$3:$S$104,0)/D52,"") | G52: =IFERROR(F52/$C$5,"0") | H52: =IFERROR(F52/$C$6,"-") | I52: =IFERROR(IF(H52<0,"",(H52/$C$9)/1440),"")
C53: 61048#2 | D53: =_xludf.IFNA(_xlfn.XLOOKUP(C53,'00_SKU_Master'!$B$2:$B$378,'00_SKU_Master'!T:T)/100,"") | E53: =_xludf.IFNA(_xlfn.XLOOKUP(C53,'10_Cone_Line'!$A$3:$A$136,'10_Cone_Line'!$E$3:$E$136,0),"") | F53: =IFERROR(E53*25/D53,"") | G53: =IFERROR(F53/$C$5,"0") | H53: =IFERROR(F53/$C$6,"-") | I53: =IFERROR(IF(H53<0,"",(H53/$C$9)/1440),"")
C54: 65 | D54: =_xludf.IFNA(_xlfn.XLOOKUP(C54,'00_SKU_Master'!$B$2:$B$378,'00_SKU_Master'!T:T)/100,"") | E54: =_xludf.IFNA(_xlfn.XLOOKUP(C54,'10_Cone_Line'!$A$3:$A$136,'10_Cone_Line'!$E$3:$E$136,0),"") | F54: =_xludf.IFNA(E54*_xlfn.XLOOKUP(C54,'08_Chart_Data'!$Q$3:$Q$104,'08_Chart_Data'!$S$3:$S$104,0)/D54,"") | G54: =IFERROR(F54/$C$5,"0") | H54: =IFERROR(F54/$C$6,"-") | I54: =IFERROR(IF(H54<0,"",(H54/$C$9)/1440),"")
C55: 2236 | D55: =_xludf.IFNA(_xlfn.XLOOKUP(C55,'00_SKU_Master'!$B$2:$B$378,'00_SKU_Master'!T:T)/100,"") | E55: =_xludf.IFNA(_xlfn.XLOOKUP(C55,'10_Cone_Line'!$A$3:$A$136,'10_Cone_Line'!$E$3:$E$136,0),"") | F55: =_xludf.IFNA(E55*_xlfn.XLOOKUP(C55,'08_Chart_Data'!$Q$3:$Q$104,'08_Chart_Data'!$S$3:$S$104,0)/D55,"") | G55: =IFERROR(F55/$C$5,"0") | H55: =IFERROR(F55/$C$6,"-") | I55: =IFERROR(IF(H55<0,"",(H55/$C$9)/1440),"")
C56: 201894 | D56: =_xludf.IFNA(_xlfn.XLOOKUP(C56,'00_SKU_Master'!$B$2:$B$378,'00_SKU_Master'!T:T)/100,"") | E56: =_xludf.IFNA(_xlfn.XLOOKUP(C56,'10_Cone_Line'!$A$3:$A$136,'10_Cone_Line'!$E$3:$E$136,0),"") | F56: =_xludf.IFNA(E56*_xlfn.XLOOKUP(C56,'08_Chart_Data'!$Q$3:$Q$104,'08_Chart_Data'!$S$3:$S$104,0)/D56,"") | G56: =IFERROR(F56/$C$5,"0") | H56: =IFERROR(F56/$C$6,"-") | I56: =IFERROR(IF(H56<0,"",(H56/$C$9)/1440),"")
C57: 201895 | D57: =_xludf.IFNA(_xlfn.XLOOKUP(C57,'00_SKU_Master'!$B$2:$B$378,'00_SKU_Master'!T:T)/100,"") | E57: =_xludf.IFNA(_xlfn.XLOOKUP(C57,'10_Cone_Line'!$A$3:$A$136,'10_Cone_Line'!$E$3:$E$136,0),"") | F57: =_xludf.IFNA(E57*_xlfn.XLOOKUP(C57,'08_Chart_Data'!$Q$3:$Q$104,'08_Chart_Data'!$S$3:$S$104,0)/D57,"") | G57: =IFERROR(F57/$C$5,"0") | H57: =IFERROR(F57/$C$6,"-") | I57: =IFERROR(IF(H57<0,"",(H57/$C$9)/1440),"")
C58: 61050C | D58: =_xludf.IFNA(_xlfn.XLOOKUP(C58,'00_SKU_Master'!$B$2:$B$378,'00_SKU_Master'!T:T)/100,"") | E58: =_xludf.IFNA(_xlfn.XLOOKUP(C58,'10_Cone_Line'!$A$3:$A$136,'10_Cone_Line'!$E$3:$E$136,0),"") | F58: =_xludf.IFNA(E58*_xlfn.XLOOKUP(C58,'08_Chart_Data'!$Q$3:$Q$104,'08_Chart_Data'!$S$3:$S$104,0)/D58,"") | G58: =IFERROR(F58/$C$5,"0") | H58: =IFERROR(F58/$C$6,"-") | I58: =IFERROR(IF(H58<0,"",(H58/$C$9)/1440),"")
C59: 61055 | D59: =_xludf.IFNA(_xlfn.XLOOKUP(C59,'00_SKU_Master'!$B$2:$B$378,'00_SKU_Master'!T:T)/100,"") | E59: =_xludf.IFNA(_xlfn.XLOOKUP(C59,'10_Cone_Line'!$A$3:$A$136,'10_Cone_Line'!$E$3:$E$136,0),"") | F59: =_xludf.IFNA(E59*_xlfn.XLOOKUP(C59,'08_Chart_Data'!$Q$3:$Q$104,'08_Chart_Data'!$S$3:$S$104,0)/D59,"") | G59: =IFERROR(F59/$C$5,"0") | H59: =IFERROR(F59/$C$6,"-") | I59: =IFERROR(IF(H59<0,"",(H59/$C$9)/1440),"")
B60: Wings | C60: 2233 | D60: =_xludf.IFNA(_xlfn.XLOOKUP(C60,'00_SKU_Master'!$B$2:$B$378,'00_SKU_Master'!T:T)/100,"") | E60: =_xludf.IFNA(_xlfn.XLOOKUP(C60,'10_Cone_Line'!$A$3:$A$136,'10_Cone_Line'!$E$3:$E$136,0),"") | F60: =_xludf.IFNA(E60*_xlfn.XLOOKUP(C60,'08_Chart_Data'!$Q$3:$Q$104,'08_Chart_Data'!$S$3:$S$104,0)/D60,"") | G60: =IFERROR(F60/$C$5,"0") | H60: =IFERROR(F60/$C$6,"-") | I60: =IFERROR(IF(H60<0,"",(H60/$C$9)/1440),"")
C61: 61014 | D61: =_xludf.IFNA(_xlfn.XLOOKUP(C61,'00_SKU_Master'!$B$2:$B$378,'00_SKU_Master'!T:T)/100,"") | E61: =_xludf.IFNA(_xlfn.XLOOKUP(C61,'10_Cone_Line'!$A$3:$A$136,'10_Cone_Line'!$E$3:$E$136,0),"") | F61: =_xludf.IFNA(E61*_xlfn.XLOOKUP(C61,'08_Chart_Data'!$Q$3:$Q$104,'08_Chart_Data'!$S$3:$S$104,0)/D61,"") | G61: =IFERROR(F61/$C$5,"0") | H61: =IFERROR(F61/$C$6,"-") | I61: =IFERROR(IF(H61<0,"",(H61/$C$9)/1440),"")
B62: =SUMIF(G60:G73,">0") | C62: 61018 | D62: =_xludf.IFNA(_xlfn.XLOOKUP(C62,'00_SKU_Master'!$B$2:$B$378,'00_SKU_Master'!T:T)/100,"") | E62: =_xludf.IFNA(_xlfn.XLOOKUP(C62,'10_Cone_Line'!$A$3:$A$136,'10_Cone_Line'!$E$3:$E$136,0),"") | F62: =_xludf.IFNA(E62*_xlfn.XLOOKUP(C62,'08_Chart_Data'!$Q$3:$Q$104,'08_Chart_Data'!$S$3:$S$104,0)/D62,"") | G62: =IFERROR(F62/$C$5,"0") | H62: =IFERROR(F62/$C$6,"-") | I62: =IFERROR(IF(H62<0,"",(H62/$C$9)/1440),"")
C63: 61010 | D63: =_xludf.IFNA(_xlfn.XLOOKUP(C63,'00_SKU_Master'!$B$2:$B$378,'00_SKU_Master'!T:T)/100,"") | E63: =_xludf.IFNA(_xlfn.XLOOKUP(C63,'10_Cone_Line'!$A$3:$A$136,'10_Cone_Line'!$E$3:$E$136,0),"") | F63: =_xludf.IFNA(E63*_xlfn.XLOOKUP(C63,'08_Chart_Data'!$Q$3:$Q$104,'08_Chart_Data'!$S$3:$S$104,0)/D63,"") | G63: =IFERROR(F63/$C$5,"0") | H63: =IFERROR(F63/$C$6,"-") | I63: =IFERROR(IF(H63<0,"",(H63/$C$9)/1440),"")
B64: FFF | C64: 904 | D64: =_xludf.IFNA(_xlfn.XLOOKUP(C64,'00_SKU_Master'!$B$2:$B$378,'00_SKU_Master'!T:T)/100,"") | E64: =_xludf.IFNA(_xlfn.XLOOKUP(C64,'10_Cone_Line'!$A$3:$A$136,'10_Cone_Line'!$E$3:$E$136,0),"") | F64: =_xludf.IFNA(E64*_xlfn.XLOOKUP(C64,'08_Chart_Data'!$Q$3:$Q$104,'08_Chart_Data'!$S$3:$S$104,0)/D64,"") | G64: =IFERROR(F64/$C$5,"0") | H64: =IFERROR(F64/$C$6,"-") | I64: =IFERROR(IF(H64<0,"",(H64/$C$9)/1440),"")
B65: =G73 | C65: 868 | D65: =_xludf.IFNA(_xlfn.XLOOKUP(C65,'00_SKU_Master'!$B$2:$B$378,'00_SKU_Master'!T:T)/100,"") | E65: =_xludf.IFNA(_xlfn.XLOOKUP(C65,'10_Cone_Line'!$A$3:$A$136,'10_Cone_Line'!$E$3:$E$136,0),"") | F65: =_xludf.IFNA(E65*_xlfn.XLOOKUP(C65,'08_Chart_Data'!$Q$3:$Q$104,'08_Chart_Data'!$S$3:$S$104,0)/D65,"") | G65: =IFERROR(F65/$C$5,"0") | H65: =IFERROR(F65/$C$6,"-") | I65: =IFERROR(IF(H65<0,"",(H65/$C$9)/1440),"")
C66: 203172 | D66: =_xludf.IFNA(_xlfn.XLOOKUP(C66,'00_SKU_Master'!$B$2:$B$378,'00_SKU_Master'!T:T)/100,"") | E66: =_xludf.IFNA(_xlfn.XLOOKUP(C66,'10_Cone_Line'!$A$3:$A$136,'10_Cone_Line'!$E$3:$E$136,0),"") | F66: =_xludf.IFNA(E66*_xlfn.XLOOKUP(C66,'08_Chart_Data'!$Q$3:$Q$104,'08_Chart_Data'!$S$3:$S$104,0)/D66,"") | G66: =IFERROR(F66/$C$5,"0") | H66: =IFERROR(F66/$C$6,"-") | I66: =IFERROR(IF(H66<0,"",(H66/$C$9)/1440),"")
C67: 203173 | D67: =_xludf.IFNA(_xlfn.XLOOKUP(C67,'00_SKU_Master'!$B$2:$B$378,'00_SKU_Master'!T:T)/100,"") | E67: =_xludf.IFNA(_xlfn.XLOOKUP(C67,'10_Cone_Line'!$A$3:$A$136,'10_Cone_Line'!$E$3:$E$136,0),"") | F67: =_xludf.IFNA(E67*_xlfn.XLOOKUP(C67,'08_Chart_Data'!$Q$3:$Q$104,'08_Chart_Data'!$S$3:$S$104,0)/D67,"") | G67: =IFERROR(F67/$C$5,"0") | H67: =IFERROR(F67/$C$6,"-") | I67: =IFERROR(IF(H67<0,"",(H67/$C$9)/1440),"")
C68: 61014#2 | D68: =_xludf.IFNA(_xlfn.XLOOKUP(C68,'00_SKU_Master'!$B$2:$B$378,'00_SKU_Master'!T:T)/100,"") | E68: =_xludf.IFNA(_xlfn.XLOOKUP(C68,'10_Cone_Line'!$A$3:$A$136,'10_Cone_Line'!$E$3:$E$136,0),"") | F68: =_xludf.IFNA(E68*_xlfn.XLOOKUP(C68,'08_Chart_Data'!$Q$3:$Q$104,'08_Chart_Data'!$S$3:$S$104,0)/D68,"") | G68: =IFERROR(F68/$C$5,"0") | H68: =IFERROR(F68/$C$6,"-") | I68: =IFERROR(IF(H68<0,"",(H68/$C$9)/1440),"")
C69: 61014B | D69: =_xludf.IFNA(_xlfn.XLOOKUP(C69,'00_SKU_Master'!$B$2:$B$378,'00_SKU_Master'!T:T)/100,"") | E69: =_xludf.IFNA(_xlfn.XLOOKUP(C69,'10_Cone_Line'!$A$3:$A$136,'10_Cone_Line'!$E$3:$E$136,0),"") | F69: =_xludf.IFNA(E69*_xlfn.XLOOKUP(C69,'08_Chart_Data'!$Q$3:$Q$104,'08_Chart_Data'!$S$3:$S$104,0)/D69,"") | G69: =IFERROR(F69/$C$5,"0") | H69: =IFERROR(F69/$C$6,"-") | I69: =IFERROR(IF(H69<0,"",(H69/$C$9)/1440),"")
C70: 203035 | D70: =_xludf.IFNA(_xlfn.XLOOKUP(C70,'00_SKU_Master'!$B$2:$B$378,'00_SKU_Master'!T:T)/100,"") | E70: =_xludf.IFNA(_xlfn.XLOOKUP(C70,'10_Cone_Line'!$A$3:$A$136,'10_Cone_Line'!$E$3:$E$136,0),"") | F70: =_xludf.IFNA(E70*_xlfn.XLOOKUP(C70,'08_Chart_Data'!$Q$3:$Q$104,'08_Chart_Data'!$S$3:$S$104,0)/D70,"") | G70: =IFERROR(F70/$C$5,"0") | H70: =IFERROR(F70/$C$6,"-") | I70: =IFERROR(IF(H70<0,"",(H70/$C$9)/1440),"")
C71: 61014C | D71: =_xludf.IFNA(_xlfn.XLOOKUP(C71,'00_SKU_Master'!$B$2:$B$378,'00_SKU_Master'!T:T)/100,"") | E71: =_xludf.IFNA(_xlfn.XLOOKUP(C71,'10_Cone_Line'!$A$3:$A$136,'10_Cone_Line'!$E$3:$E$136,0),"") | F71: =_xludf.IFNA(E71*_xlfn.XLOOKUP(C71,'08_Chart_Data'!$Q$3:$Q$104,'08_Chart_Data'!$S$3:$S$104,0)/D71,"") | G71: =IFERROR(F71/$C$5,"0") | H71: =IFERROR(F71/$C$6,"-") | I71: =IFERROR(IF(H71<0,"",(H71/$C$9)/1440),"")
C72: 203194 | D72: =_xludf.IFNA(_xlfn.XLOOKUP(C72,'00_SKU_Master'!$B$2:$B$378,'00_SKU_Master'!T:T)/100,"") | E72: =_xludf.IFNA(_xlfn.XLOOKUP(C72,'10_Cone_Line'!$A$3:$A$136,'10_Cone_Line'!$E$3:$E$136,0),"") | F72: =_xludf.IFNA(E72*_xlfn.XLOOKUP(C72,'08_Chart_Data'!$Q$3:$Q$104,'08_Chart_Data'!$S$3:$S$104,0)/D72,"") | G72: =IFERROR(F72/$C$5,"0") | H72: =IFERROR(F72/$C$6,"-") | I72: =IFERROR(IF(H72<0,"",(H72/$C$9)/1440),"")
C73: 61014F | D73: =_xludf.IFNA(_xlfn.XLOOKUP(C73,'00_SKU_Master'!$B$2:$B$378,'00_SKU_Master'!T:T)/100,"") | E73: =_xludf.IFNA(_xlfn.XLOOKUP(C73,'10_Cone_Line'!$A$3:$A$136,'10_Cone_Line'!$E$3:$E$136,0),"") | F73: =_xludf.IFNA(E73*_xlfn.XLOOKUP(C73,'08_Chart_Data'!$Q$3:$Q$104,'08_Chart_Data'!$S$3:$S$104,0)/D73,"") | G73: =IFERROR(F73/$C$5,"0") | H73: =IFERROR(F73/$C$6,"-") | I73: =IFERROR(IF(H73<0,"",(H73/$C$9)/1440),"")
B74: THIGH | C74: 61077 | D74: =_xludf.IFNA(_xlfn.XLOOKUP(C74,'00_SKU_Master'!$B$2:$B$378,'00_SKU_Master'!T:T)/100,"") | E74: =_xludf.IFNA(_xlfn.XLOOKUP(C74,'10_Cone_Line'!$A$3:$A$136,'10_Cone_Line'!$E$3:$E$136,0),"") | F74: =_xludf.IFNA(E74*_xlfn.XLOOKUP(C74,'08_Chart_Data'!$Q$3:$Q$104,'08_Chart_Data'!$S$3:$S$104,0)/D74,"") | G74: =IFERROR(F74/$C$5,"0") | H74: =IFERROR(F74/$C$6,"-") | I74: =IFERROR(IF(H74<0,"",(H74/$C$9)/1440),"")
C75: 61077F | D75: =_xludf.IFNA(_xlfn.XLOOKUP(C75,'00_SKU_Master'!$B$2:$B$378,'00_SKU_Master'!T:T)/100,"") | E75: =_xludf.IFNA(_xlfn.XLOOKUP(C75,'10_Cone_Line'!$A$3:$A$136,'10_Cone_Line'!$E$3:$E$136,0),"") | F75: =_xludf.IFNA(E75*_xlfn.XLOOKUP(C75,'08_Chart_Data'!$Q$3:$Q$104,'08_Chart_Data'!$S$3:$S$104,0)/D75,"") | G75: =IFERROR(F75/$C$5,"0") | H75: =IFERROR(F75/$C$6,"-") | I75: =IFERROR(IF(H75<0,"",(H75/$C$9)/1440),"")
B76: =SUMIF(G74:G92,">0") | C76: 61078 | D76: =_xludf.IFNA(_xlfn.XLOOKUP(C76,'00_SKU_Master'!$B$2:$B$378,'00_SKU_Master'!T:T)/100,"") | E76: =_xludf.IFNA(_xlfn.XLOOKUP(C76,'10_Cone_Line'!$A$3:$A$136,'10_Cone_Line'!$E$3:$E$136,0),"") | F76: =_xludf.IFNA(E76*_xlfn.XLOOKUP(C76,'08_Chart_Data'!$Q$3:$Q$104,'08_Chart_Data'!$S$3:$S$104,0)/D76,"") | G76: =IFERROR(F76/$C$5,"0") | H76: =IFERROR(F76/$C$6,"-") | I76: =IFERROR(IF(H76<0,"",(H76/$C$9)/1440),"")
C77: 200902 | D77: =_xludf.IFNA(_xlfn.XLOOKUP(C77,'00_SKU_Master'!$B$2:$B$378,'00_SKU_Master'!T:T)/100,"") | E77: =_xludf.IFNA(_xlfn.XLOOKUP(C77,'10_Cone_Line'!$A$3:$A$136,'10_Cone_Line'!$E$3:$E$136,0),"") | F77: =_xludf.IFNA(E77*_xlfn.XLOOKUP(C77,'08_Chart_Data'!$Q$3:$Q$104,'08_Chart_Data'!$S$3:$S$104,0)/D77,"") | G77: =IFERROR(F77/$C$5,"0") | H77: =IFERROR(F77/$C$6,"-") | I77: =IFERROR(IF(H77<0,"",(H77/$C$9)/1440),"")
B78: FFF | C78: 61082 | D78: =_xludf.IFNA(_xlfn.XLOOKUP(C78,'00_SKU_Master'!$B$2:$B$378,'00_SKU_Master'!T:T)/100,"") | E78: =_xludf.IFNA(_xlfn.XLOOKUP(C78,'10_Cone_Line'!$A$3:$A$136,'10_Cone_Line'!$E$3:$E$136,0),"") | F78: =_xludf.IFNA(E78*_xlfn.XLOOKUP(C78,'08_Chart_Data'!$Q$3:$Q$104,'08_Chart_Data'!$S$3:$S$104,0)/D78,"") | G78: =IFERROR(F78/$C$5,"0") | H78: =IFERROR(F78/$C$6,"-") | I78: =IFERROR(IF(H78<0,"",(H78/$C$9)/1440),"")
B79: =SUM(G80,G75) | C79: 61086 | D79: =_xludf.IFNA(_xlfn.XLOOKUP(C79,'00_SKU_Master'!$B$2:$B$378,'00_SKU_Master'!T:T)/100,"") | E79: =_xludf.IFNA(_xlfn.XLOOKUP(C79,'10_Cone_Line'!$A$3:$A$136,'10_Cone_Line'!$E$3:$E$136,0),"") | F79: =_xludf.IFNA(E79*_xlfn.XLOOKUP(C79,'08_Chart_Data'!$Q$3:$Q$104,'08_Chart_Data'!$S$3:$S$104,0)/D79,"") | G79: =IFERROR(F79/$C$5,"0") | H79: =IFERROR(F79/$C$6,"-") | I79: =IFERROR(IF(H79<0,"",(H79/$C$9)/1440),"")
C80: 61086F | D80: =_xludf.IFNA(_xlfn.XLOOKUP(C80,'00_SKU_Master'!$B$2:$B$378,'00_SKU_Master'!T:T)/100,"") | E80: =_xludf.IFNA(_xlfn.XLOOKUP(C80,'10_Cone_Line'!$A$3:$A$136,'10_Cone_Line'!$E$3:$E$136,0),"") | F80: =_xludf.IFNA(E80*_xlfn.XLOOKUP(C80,'08_Chart_Data'!$Q$3:$Q$104,'08_Chart_Data'!$S$3:$S$104,0)/D80,"") | G80: =IFERROR(F80/$C$5,"0") | H80: =IFERROR(F80/$C$6,"-") | I80: =IFERROR(IF(H80<0,"",(H80/$C$9)/1440),"")
C81: 203174 | D81: =_xludf.IFNA(_xlfn.XLOOKUP(C81,'00_SKU_Master'!$B$2:$B$378,'00_SKU_Master'!T:T)/100,"") | E81: =_xludf.IFNA(_xlfn.XLOOKUP(C81,'10_Cone_Line'!$A$3:$A$136,'10_Cone_Line'!$E$3:$E$136,0),"") | F81: =_xludf.IFNA(E81*_xlfn.XLOOKUP(C81,'08_Chart_Data'!$Q$3:$Q$104,'08_Chart_Data'!$S$3:$S$104,0)/D81,"") | G81: =IFERROR(F81/$C$5,"0") | H81: =IFERROR(F81/$C$6,"-") | I81: =IFERROR(IF(H81<0,"",(H81/$C$9)/1440),"")
C82: 203175 | D82: =_xludf.IFNA(_xlfn.XLOOKUP(C82,'00_SKU_Master'!$B$2:$B$378,'00_SKU_Master'!T:T)/100,"") | E82: =_xludf.IFNA(_xlfn.XLOOKUP(C82,'10_Cone_Line'!$A$3:$A$136,'10_Cone_Line'!$E$3:$E$136,0),"") | F82: =_xludf.IFNA(E82*_xlfn.XLOOKUP(C82,'08_Chart_Data'!$Q$3:$Q$104,'08_Chart_Data'!$S$3:$S$104,0)/D82,"") | G82: =IFERROR(F82/$C$5,"0") | H82: =IFERROR(F82/$C$6,"-") | I82: =IFERROR(IF(H82<0,"",(H82/$C$9)/1440),"")
C83: 61086#2 | D83: =_xludf.IFNA(_xlfn.XLOOKUP(C83,'00_SKU_Master'!$B$2:$B$378,'00_SKU_Master'!T:T)/100,"") | E83: =_xludf.IFNA(_xlfn.XLOOKUP(C83,'10_Cone_Line'!$A$3:$A$136,'10_Cone_Line'!$E$3:$E$136,0),"") | F83: =_xludf.IFNA(E83*_xlfn.XLOOKUP(C83,'08_Chart_Data'!$Q$3:$Q$104,'08_Chart_Data'!$S$3:$S$104,0)/D83,"") | G83: =IFERROR(F83/$C$5,"0") | H83: =IFERROR(F83/$C$6,"-") | I83: =IFERROR(IF(H83<0,"",(H83/$C$9)/1440),"")
C84: 64 | D84: =_xludf.IFNA(_xlfn.XLOOKUP(C84,'00_SKU_Master'!$B$2:$B$378,'00_SKU_Master'!T:T)/100,"") | E84: =_xludf.IFNA(_xlfn.XLOOKUP(C84,'10_Cone_Line'!$A$3:$A$136,'10_Cone_Line'!$E$3:$E$136,0),"") | F84: =_xludf.IFNA(E84*_xlfn.XLOOKUP(C84,'08_Chart_Data'!$Q$3:$Q$104,'08_Chart_Data'!$S$3:$S$104,0)/D84,"") | G84: =IFERROR(F84/$C$5,"0") | H84: =IFERROR(F84/$C$6,"-") | I84: =IFERROR(IF(H84<0,"",(H84/$C$9)/1440),"")
C85: 200064 | D85: =_xludf.IFNA(_xlfn.XLOOKUP(C85,'00_SKU_Master'!$B$2:$B$378,'00_SKU_Master'!T:T)/100,"") | E85: =_xludf.IFNA(_xlfn.XLOOKUP(C85,'10_Cone_Line'!$A$3:$A$136,'10_Cone_Line'!$E$3:$E$136,0),"") | F85: =_xludf.IFNA(E85*_xlfn.XLOOKUP(C85,'08_Chart_Data'!$Q$3:$Q$104,'08_Chart_Data'!$S$3:$S$104,0)/D85,"") | G85: =IFERROR(F85/$C$5,"0") | H85: =IFERROR(F85/$C$6,"-") | I85: =IFERROR(IF(H85<0,"",(H85/$C$9)/1440),"")
C86: 902 | D86: =_xludf.IFNA(_xlfn.XLOOKUP(C86,'00_SKU_Master'!$B$2:$B$378,'00_SKU_Master'!T:T)/100,"") | E86: =_xludf.IFNA(_xlfn.XLOOKUP(C86,'10_Cone_Line'!$A$3:$A$136,'10_Cone_Line'!$E$3:$E$136,0),"") | F86: =_xludf.IFNA(E86*_xlfn.XLOOKUP(C86,'08_Chart_Data'!$Q$3:$Q$104,'08_Chart_Data'!$S$3:$S$104,0)/D86,"") | G86: =IFERROR(F86/$C$5,"0") | H86: =IFERROR(F86/$C$6,"-") | I86: =IFERROR(IF(H86<0,"",(H86/$C$9)/1440),"")
C87: 834 | D87: =_xludf.IFNA(_xlfn.XLOOKUP(C87,'00_SKU_Master'!$B$2:$B$378,'00_SKU_Master'!T:T)/100,"") | E87: =_xludf.IFNA(_xlfn.XLOOKUP(C87,'10_Cone_Line'!$A$3:$A$136,'10_Cone_Line'!$E$3:$E$136,0),"") | F87: =_xludf.IFNA(E87*_xlfn.XLOOKUP(C87,'08_Chart_Data'!$Q$3:$Q$104,'08_Chart_Data'!$S$3:$S$104,0)/D87,"") | G87: =IFERROR(F87/$C$5,"0") | H87: =IFERROR(F87/$C$6,"-") | I87: =IFERROR(IF(H87<0,"",(H87/$C$9)/1440),"")
C88: ZH61086F | D88: =_xludf.IFNA(_xlfn.XLOOKUP(C88,'00_SKU_Master'!$B$2:$B$378,'00_SKU_Master'!T:T)/100,"") | E88: =_xludf.IFNA(_xlfn.XLOOKUP(C88,'10_Cone_Line'!$A$3:$A$136,'10_Cone_Line'!$E$3:$E$136,0),"") | F88: =_xludf.IFNA(E88*_xlfn.XLOOKUP(C88,'08_Chart_Data'!$Q$3:$Q$104,'08_Chart_Data'!$S$3:$S$104,0)/D88,"") | G88: =IFERROR(F88/$C$5,"0") | H88: =IFERROR(F88/$C$6,"-") | I88: =IFERROR(IF(H88<0,"",(H88/$C$9)/1440),"")
C89: 1412 | D89: =_xludf.IFNA(_xlfn.XLOOKUP(C89,'00_SKU_Master'!$B$2:$B$378,'00_SKU_Master'!T:T)/100,"") | E89: =_xludf.IFNA(_xlfn.XLOOKUP(C89,'10_Cone_Line'!$A$3:$A$136,'10_Cone_Line'!$E$3:$E$136,0),"") | F89: =_xludf.IFNA(E89*_xlfn.XLOOKUP(C89,'08_Chart_Data'!$Q$3:$Q$104,'08_Chart_Data'!$S$3:$S$104,0)/D89,"") | G89: =IFERROR(F89/$C$5,"0") | H89: =IFERROR(F89/$C$6,"-") | I89: =IFERROR(IF(H89<0,"",(H89/$C$9)/1440),"")
C90: 161 | D90: =_xludf.IFNA(_xlfn.XLOOKUP(C90,'00_SKU_Master'!$B$2:$B$378,'00_SKU_Master'!T:T)/100,"") | E90: =_xludf.IFNA(_xlfn.XLOOKUP(C90,'10_Cone_Line'!$A$3:$A$136,'10_Cone_Line'!$E$3:$E$136,0),"") | F90: =_xludf.IFNA(E90*_xlfn.XLOOKUP(C90,'08_Chart_Data'!$Q$3:$Q$104,'08_Chart_Data'!$S$3:$S$104,0)/D90,"") | G90: =IFERROR(F90/$C$5,"0") | H90: =IFERROR(F90/$C$6,"-") | I90: =IFERROR(IF(H90<0,"",(H90/$C$9)/1440),"")
C91: 61086C | D91: =_xludf.IFNA(_xlfn.XLOOKUP(C91,'00_SKU_Master'!$B$2:$B$378,'00_SKU_Master'!T:T)/100,"") | E91: =_xludf.IFNA(_xlfn.XLOOKUP(C91,'10_Cone_Line'!$A$3:$A$136,'10_Cone_Line'!$E$3:$E$136,0),"") | F91: =_xludf.IFNA(E91*_xlfn.XLOOKUP(C91,'08_Chart_Data'!$Q$3:$Q$104,'08_Chart_Data'!$S$3:$S$104,0)/D91,"") | G91: =IFERROR(F91/$C$5,"0") | H91: =IFERROR(F91/$C$6,"-") | I91: =IFERROR(IF(H91<0,"",(H91/$C$9)/1440),"")
B92: Manual | C92: 203148 | D92: =_xludf.IFNA(_xlfn.XLOOKUP(C92,'00_SKU_Master'!$B$2:$B$378,'00_SKU_Master'!T:T)/100,"") | E92: =_xludf.IFNA(_xlfn.XLOOKUP(C92,'10_Cone_Line'!$A$3:$A$136,'10_Cone_Line'!$E$3:$E$136,0),"") | F92: =_xludf.IFNA(E92*_xlfn.XLOOKUP(C92,'08_Chart_Data'!$Q$3:$Q$104,'08_Chart_Data'!$S$3:$S$104,0)/D92,"") | G92: =IFERROR(F92/$C$5,"0") | H92: =IFERROR(F92/$C$6,"-") | I92: =IFERROR(IF(H92<0,"",(H92/$C$9)/1440),"")
B93: DRUM | C93: 61072 | D93: =_xludf.IFNA(_xlfn.XLOOKUP(C93,'00_SKU_Master'!$B$2:$B$378,'00_SKU_Master'!T:T)/100,"") | E93: =_xludf.IFNA(_xlfn.XLOOKUP(C93,'10_Cone_Line'!$A$3:$A$136,'10_Cone_Line'!$E$3:$E$136,0),"") | F93: =_xludf.IFNA(E93*_xlfn.XLOOKUP(C93,'08_Chart_Data'!$Q$3:$Q$104,'08_Chart_Data'!$S$3:$S$104,0)/D93,"") | G93: =IFERROR(F93/$C$5,"0") | H93: =IFERROR(F93/$C$6,"-") | I93: =IFERROR(IF(H93<0,"",(H93/$C$9)/1440),"")
C94: 61072F | D94: =_xludf.IFNA(_xlfn.XLOOKUP(C94,'00_SKU_Master'!$B$2:$B$378,'00_SKU_Master'!T:T)/100,"") | E94: =_xludf.IFNA(_xlfn.XLOOKUP(C94,'10_Cone_Line'!$A$3:$A$136,'10_Cone_Line'!$E$3:$E$136,0),"") | F94: =_xludf.IFNA(E94*_xlfn.XLOOKUP(C94,'08_Chart_Data'!$Q$3:$Q$104,'08_Chart_Data'!$S$3:$S$104,0)/D94,"") | G94: =IFERROR(F94/$C$5,"0") | H94: =IFERROR(F94/$C$6,"-") | I94: =IFERROR(IF(H94<0,"",(H94/$C$9)/1440),"")
B95: =SUMIF(G93:G105,">0") | C95: 203171 | D95: =_xludf.IFNA(_xlfn.XLOOKUP(C95,'00_SKU_Master'!$B$2:$B$378,'00_SKU_Master'!T:T)/100,"") | E95: =_xludf.IFNA(_xlfn.XLOOKUP(C95,'10_Cone_Line'!$A$3:$A$136,'10_Cone_Line'!$E$3:$E$136,0),"") | F95: =_xludf.IFNA(E95*_xlfn.XLOOKUP(C95,'08_Chart_Data'!$Q$3:$Q$104,'08_Chart_Data'!$S$3:$S$104,0)/D95,"") | G95: =IFERROR(F95/$C$5,"0") | H95: =IFERROR(F95/$C$6,"-") | I95: =IFERROR(IF(H95<0,"",(H95/$C$9)/1440),"")
C96: 61072#2 | D96: =_xludf.IFNA(_xlfn.XLOOKUP(C96,'00_SKU_Master'!$B$2:$B$378,'00_SKU_Master'!T:T)/100,"") | E96: =_xludf.IFNA(_xlfn.XLOOKUP(C96,'10_Cone_Line'!$A$3:$A$136,'10_Cone_Line'!$E$3:$E$136,0),"") | F96: =_xludf.IFNA(E96*_xlfn.XLOOKUP(C96,'08_Chart_Data'!$Q$3:$Q$104,'08_Chart_Data'!$S$3:$S$104,0)/D96,"") | G96: =IFERROR(F96/$C$5,"0") | H96: =IFERROR(F96/$C$6,"-") | I96: =IFERROR(IF(H96<0,"",(H96/$C$9)/1440),"")
B97: FFF | D97: =_xludf.IFNA(_xlfn.XLOOKUP(C97,'00_SKU_Master'!$B$2:$B$378,'00_SKU_Master'!T:T)/100,"") | E97: =_xludf.IFNA(_xlfn.XLOOKUP(C97,'10_Cone_Line'!$A$3:$A$136,'10_Cone_Line'!$E$3:$E$136,0),"") | F97: =_xludf.IFNA(E97*_xlfn.XLOOKUP(C97,'08_Chart_Data'!$Q$3:$Q$104,'08_Chart_Data'!$S$3:$S$104,0)/D97,"") | G97: =IFERROR(F97/$C$5,"0") | H97: =IFERROR(F97/$C$6,"-") | I97: =IFERROR(IF(H97<0,"",(H97/$C$9)/1440),"")
B98: =G94 | C98: 895 | D98: =_xludf.IFNA(_xlfn.XLOOKUP(C98,'00_SKU_Master'!$B$2:$B$378,'00_SKU_Master'!T:T)/100,"") | E98: =_xludf.IFNA(_xlfn.XLOOKUP(C98,'10_Cone_Line'!$A$3:$A$136,'10_Cone_Line'!$E$3:$E$136,0),"") | F98: =_xludf.IFNA(E98*_xlfn.XLOOKUP(C98,'08_Chart_Data'!$Q$3:$Q$104,'08_Chart_Data'!$S$3:$S$104,0)/D98,"") | G98: =IFERROR(F98/$C$5,"0") | H98: =IFERROR(F98/$C$6,"-") | I98: =IFERROR(IF(H98<0,"",(H98/$C$9)/1440),"")
C99: 200095 | D99: =_xludf.IFNA(_xlfn.XLOOKUP(C99,'00_SKU_Master'!$B$2:$B$378,'00_SKU_Master'!T:T)/100,"") | E99: =_xludf.IFNA(_xlfn.XLOOKUP(C99,'10_Cone_Line'!$A$3:$A$136,'10_Cone_Line'!$E$3:$E$136,0),"") | F99: =_xludf.IFNA(E99*_xlfn.XLOOKUP(C99,'08_Chart_Data'!$Q$3:$Q$104,'08_Chart_Data'!$S$3:$S$104,0)/D99,"") | G99: =IFERROR(F99/$C$5,"0") | H99: =IFERROR(F99/$C$6,"-") | I99: =IFERROR(IF(H99<0,"",(H99/$C$9)/1440),"")
C100: 61073 | D100: =_xludf.IFNA(_xlfn.XLOOKUP(C100,'00_SKU_Master'!$B$2:$B$378,'00_SKU_Master'!T:T)/100,"") | E100: =_xludf.IFNA(_xlfn.XLOOKUP(C100,'10_Cone_Line'!$A$3:$A$136,'10_Cone_Line'!$E$3:$E$136,0),"") | F100: =_xludf.IFNA(E100*_xlfn.XLOOKUP(C100,'08_Chart_Data'!$Q$3:$Q$104,'08_Chart_Data'!$S$3:$S$104,0)/D100,"") | G100: =IFERROR(F100/$C$5,"0") | H100: =IFERROR(F100/$C$6,"-") | I100: =IFERROR(IF(H100<0,"",(H100/$C$9)/1440),"")
C101: 2235 | D101: =_xludf.IFNA(_xlfn.XLOOKUP(C101,'00_SKU_Master'!$B$2:$B$378,'00_SKU_Master'!T:T)/100,"") | E101: =_xludf.IFNA(_xlfn.XLOOKUP(C101,'10_Cone_Line'!$A$3:$A$136,'10_Cone_Line'!$E$3:$E$136,0),"") | F101: =_xludf.IFNA(E101*_xlfn.XLOOKUP(C101,'08_Chart_Data'!$Q$3:$Q$104,'08_Chart_Data'!$S$3:$S$104,0)/D101,"") | G101: =IFERROR(F101/$C$5,"0") | H101: =IFERROR(F101/$C$6,"-") | I101: =IFERROR(IF(H101<0,"",(H101/$C$9)/1440),"")
C102: 160 | D102: =_xludf.IFNA(_xlfn.XLOOKUP(C102,'00_SKU_Master'!$B$2:$B$378,'00_SKU_Master'!T:T)/100,"") | E102: =_xludf.IFNA(_xlfn.XLOOKUP(C102,'10_Cone_Line'!$A$3:$A$136,'10_Cone_Line'!$E$3:$E$136,0),"") | F102: =_xludf.IFNA(E102*_xlfn.XLOOKUP(C102,'08_Chart_Data'!$Q$3:$Q$104,'08_Chart_Data'!$S$3:$S$104,0)/D102,"") | G102: =IFERROR(F102/$C$5,"0") | H102: =IFERROR(F102/$C$6,"-") | I102: =IFERROR(IF(H102<0,"",(H102/$C$9)/1440),"")
C103: 1083 | D103: =_xludf.IFNA(_xlfn.XLOOKUP(C103,'00_SKU_Master'!$B$2:$B$378,'00_SKU_Master'!T:T)/100,"") | E103: =_xludf.IFNA(_xlfn.XLOOKUP(C103,'10_Cone_Line'!$A$3:$A$136,'10_Cone_Line'!$E$3:$E$136,0),"") | F103: =_xludf.IFNA(E103*_xlfn.XLOOKUP(C103,'08_Chart_Data'!$Q$3:$Q$104,'08_Chart_Data'!$S$3:$S$104,0)/D103,"") | G103: =IFERROR(F103/$C$5,"0") | H103: =IFERROR(F103/$C$6,"-") | I103: =IFERROR(IF(H103<0,"",(H103/$C$9)/1440),"")
C104: ZH61072 | D104: =_xludf.IFNA(_xlfn.XLOOKUP(C104,'00_SKU_Master'!$B$2:$B$378,'00_SKU_Master'!T:T)/100,"") | E104: =_xludf.IFNA(_xlfn.XLOOKUP(C104,'10_Cone_Line'!$A$3:$A$136,'10_Cone_Line'!$E$3:$E$136,0),"") | F104: =_xludf.IFNA(E104*_xlfn.XLOOKUP(C104,'08_Chart_Data'!$Q$3:$Q$104,'08_Chart_Data'!$S$3:$S$104,0)/D104,"") | G104: =IFERROR(F104/$C$5,"0") | H104: =IFERROR(F104/$C$6,"-") | I104: =IFERROR(IF(H104<0,"",(H104/$C$9)/1440),"")
C105: 61072C | D105: =_xludf.IFNA(_xlfn.XLOOKUP(C105,'00_SKU_Master'!$B$2:$B$378,'00_SKU_Master'!T:T)/100,"") | E105: =_xludf.IFNA(_xlfn.XLOOKUP(C105,'10_Cone_Line'!$A$3:$A$136,'10_Cone_Line'!$E$3:$E$136,0),"") | F105: =_xludf.IFNA(E105*_xlfn.XLOOKUP(C105,'08_Chart_Data'!$Q$3:$Q$104,'08_Chart_Data'!$S$3:$S$104,0)/D105,"") | G105: =IFERROR(F105/$C$5,"0") | H105: =IFERROR(F105/$C$6,"-") | I105: =IFERROR(IF(H105<0,"",(H105/$C$9)/1440),"")
B106: B.A LEG | C106: 61061 | D106: =_xludf.IFNA(_xlfn.XLOOKUP(C106,'00_SKU_Master'!$B$2:$B$378,'00_SKU_Master'!T:T)/100,"") | E106: =_xludf.IFNA(_xlfn.XLOOKUP(C106,'10_Cone_Line'!$A$3:$A$136,'10_Cone_Line'!$E$3:$E$136,0),"") | F106: =_xludf.IFNA(E106*_xlfn.XLOOKUP(C106,'08_Chart_Data'!$Q$3:$Q$104,'08_Chart_Data'!$S$3:$S$104,0)/D106,"") | G106: =IFERROR(F106/$C$5,"0") | H106: =IFERROR(F106/$C$6,"-") | I106: =IFERROR(IF(H106<0,"",(H106/$C$9)/1440),"")
C107: 1887 | D107: =_xludf.IFNA(_xlfn.XLOOKUP(C107,'00_SKU_Master'!$B$2:$B$378,'00_SKU_Master'!T:T)/100,"") | E107: =_xludf.IFNA(_xlfn.XLOOKUP(C107,'10_Cone_Line'!$A$3:$A$136,'10_Cone_Line'!$E$3:$E$136,0),"") | F107: =_xludf.IFNA(E107*_xlfn.XLOOKUP(C107,'08_Chart_Data'!$Q$3:$Q$104,'08_Chart_Data'!$S$3:$S$104,0)/D107,"") | G107: =IFERROR(F107/$C$5,"0") | H107: =IFERROR(F107/$C$6,"-") | I107: =IFERROR(IF(H107<0,"",(H107/$C$9)/1440),"")
...

Sheet 02_TrayPack_Order
A1: Code | B1: Extra Cases Produced | C1: Cases Remaining To Be Produced | D1: "+/-" | E1: Order + Add ON | L1: Total | M1: WIP CODE | T1: Total | U1: Category
A2: ='05_Daily_Orders'!B3 | B2: 0 | C2: 0 | F2: 0 | L2: =IF($E$1="n",0,(SUM(F4:K4)-B4)) | M2: =_xludf.IFNA(_xlfn.XLOOKUP(A4,'00_SKU_Master'!$B$2:$B$378,'00_SKU_Master'!$C$2:$C$378,0),"") | N2: =_xludf.IFNA(_xlfn.XLOOKUP(A4,'00_SKU_Master'!$B$2:$B$378,'00_SKU_Master'!$F$2:$F$378,0)*F4/_xlfn.XLOOKUP(A4,'00_SKU_Master'!$B$2:$B$378,'00_SKU_Master'!$O:$O,0),"") | O2: =_xludf.IFNA(_xlfn.XLOOKUP($A4,'00_SKU_Master'!$B$2:$B$378,'00_SKU_Master'!$F$2:$F$378,0)*G4/_xlfn.XLOOKUP($A4,'00_SKU_Master'!$B$2:$B$378,'00_SKU_Master'!$O:$O,0),"") | P2: =_xludf.IFNA(_xlfn.XLOOKUP($A4,'00_SKU_Master'!$B$2:$B$378,'00_SKU_Master'!$F$2:$F$378,0)*H4/_xlfn.XLOOKUP($A4,'00_SKU_Master'!$B$2:$B$378,'00_SKU_Master'!$O:$O,0),"") | Q2: =_xludf.IFNA(_xlfn.XLOOKUP($A4,'00_SKU_Master'!$B$2:$B$378,'00_SKU_Master'!$F$2:$F$378,0)*I4/_xlfn.XLOOKUP($A4,'00_SKU_Master'!$B$2:$B$378,'00_SKU_Master'!$O:$O,0),"") | R2: =_xludf.IFNA(_xlfn.XLOOKUP($A4,'00_SKU_Master'!$B$2:$B$378,'00_SKU_Master'!$F$2:$F$378,0)*J4/_xlfn.XLOOKUP($A4,'00_SKU_Master'!$B$2:$B$378,'00_SKU_Master'!$O:$O,0),"") | S2: =_xludf.IFNA(_xlfn.XLOOKUP($A4,'00_SKU_Master'!$B$2:$B$378,'00_SKU_Master'!$F$2:$F$378,0)*K4/_xlfn.XLOOKUP($A4,'00_SKU_Master'!$B$2:$B$378,'00_SKU_Master'!$O:$O,0),"") | T2: =SUM(N4:S4) | U2: ='05_Daily_Orders'!L3
A3: ='05_Daily_Orders'!B4 | B3: 0 | C3: 5 | F3: 0 | L3: =IF($E$1="n",0,(SUM(F5:K5)-B5)) | M3: =_xludf.IFNA(_xlfn.XLOOKUP(A5,'00_SKU_Master'!$B$2:$B$378,'00_SKU_Master'!$C$2:$C$378,0),"") | N3: =_xludf.IFNA(_xlfn.XLOOKUP(A5,'00_SKU_Master'!$B$2:$B$378,'00_SKU_Master'!$F$2:$F$378,0)*F5/_xlfn.XLOOKUP(A5,'00_SKU_Master'!$B$2:$B$378,'00_SKU_Master'!$O:$O,0),"") | O3: =_xludf.IFNA(_xlfn.XLOOKUP($A5,'00_SKU_Master'!$B$2:$B$378,'00_SKU_Master'!$F$2:$F$378,0)*G5/_xlfn.XLOOKUP($A5,'00_SKU_Master'!$B$2:$B$378,'00_SKU_Master'!$O:$O,0),"") | P3: =_xludf.IFNA(_xlfn.XLOOKUP($A5,'00_SKU_Master'!$B$2:$B$378,'00_SKU_Master'!$F$2:$F$378,0)*H5/_xlfn.XLOOKUP($A5,'00_SKU_Master'!$B$2:$B$378,'00_SKU_Master'!$O:$O,0),"") | Q3: =_xludf.IFNA(_xlfn.XLOOKUP($A5,'00_SKU_Master'!$B$2:$B$378,'00_SKU_Master'!$F$2:$F$378,0)*I5/_xlfn.XLOOKUP($A5,'00_SKU_Master'!$B$2:$B$378,'00_SKU_Master'!$O:$O,0),"") | R3: =_xludf.IFNA(_xlfn.XLOOKUP($A5,'00_SKU_Master'!$B$2:$B$378,'00_SKU_Master'!$F$2:$F$378,0)*J5/_xlfn.XLOOKUP($A5,'00_SKU_Master'!$B$2:$B$378,'00_SKU_Master'!$O:$O,0),"") | S3: =_xludf.IFNA(_xlfn.XLOOKUP($A5,'00_SKU_Master'!$B$2:$B$378,'00_SKU_Master'!$F$2:$F$378,0)*K5/_xlfn.XLOOKUP($A5,'00_SKU_Master'!$B$2:$B$378,'00_SKU_Master'!$O:$O,0),"") | T3: =SUM(N5:S5) | U3: ='05_Daily_Orders'!L4
A4: ='05_Daily_Orders'!B5 | B4: 0 | C4: 0 | F4: 0 | L4: =IF($E$1="n",0,(SUM(F6:K6)-B6)) | M4: =_xludf.IFNA(_xlfn.XLOOKUP(A6,'00_SKU_Master'!$B$2:$B$378,'00_SKU_Master'!$C$2:$C$378,0),"") | N4: =_xludf.IFNA(_xlfn.XLOOKUP(A6,'00_SKU_Master'!$B$2:$B$378,'00_SKU_Master'!$F$2:$F$378,0)*F6/_xlfn.XLOOKUP(A6,'00_SKU_Master'!$B$2:$B$378,'00_SKU_Master'!$O:$O,0),"") | O4: =_xludf.IFNA(_xlfn.XLOOKUP($A6,'00_SKU_Master'!$B$2:$B$378,'00_SKU_Master'!$F$2:$F$378,0)*G6/_xlfn.XLOOKUP($A6,'00_SKU_Master'!$B$2:$B$378,'00_SKU_Master'!$O:$O,0),"") | P4: =_xludf.IFNA(_xlfn.XLOOKUP($A6,'00_SKU_Master'!$B$2:$B$378,'00_SKU_Master'!$F$2:$F$378,0)*H6/_xlfn.XLOOKUP($A6,'00_SKU_Master'!$B$2:$B$378,'00_SKU_Master'!$O:$O,0),"") | Q4: =_xludf.IFNA(_xlfn.XLOOKUP($A6,'00_SKU_Master'!$B$2:$B$378,'00_SKU_Master'!$F$2:$F$378,0)*I6/_xlfn.XLOOKUP($A6,'00_SKU_Master'!$B$2:$B$378,'00_SKU_Master'!$O:$O,0),"") | R4: =_xludf.IFNA(_xlfn.XLOOKUP($A6,'00_SKU_Master'!$B$2:$B$378,'00_SKU_Master'!$F$2:$F$378,0)*J6/_xlfn.XLOOKUP($A6,'00_SKU_Master'!$B$2:$B$378,'00_SKU_Master'!$O:$O,0),"") | S4: =_xludf.IFNA(_xlfn.XLOOKUP($A6,'00_SKU_Master'!$B$2:$B$378,'00_SKU_Master'!$F$2:$F$378,0)*K6/_xlfn.XLOOKUP($A6,'00_SKU_Master'!$B$2:$B$378,'00_SKU_Master'!$O:$O,0),"") | T4: =SUM(N6:S6) | U4: ='05_Daily_Orders'!L5
A5: ='05_Daily_Orders'!B6 | B5: 0 | C5: 9 | F5: 44 | L5: =IF($E$1="n",0,(SUM(F7:K7)-B7)) | M5: =_xludf.IFNA(_xlfn.XLOOKUP(A7,'00_SKU_Master'!$B$2:$B$378,'00_SKU_Master'!$C$2:$C$378,0),"") | N5: =_xludf.IFNA(_xlfn.XLOOKUP(A7,'00_SKU_Master'!$B$2:$B$378,'00_SKU_Master'!$F$2:$F$378,0)*F7/_xlfn.XLOOKUP(A7,'00_SKU_Master'!$B$2:$B$378,'00_SKU_Master'!$O:$O,0),"") | O5: =_xludf.IFNA(_xlfn.XLOOKUP($A7,'00_SKU_Master'!$B$2:$B$378,'00_SKU_Master'!$F$2:$F$378,0)*G7/_xlfn.XLOOKUP($A7,'00_SKU_Master'!$B$2:$B$378,'00_SKU_Master'!$O:$O,0),"") | P5: =_xludf.IFNA(_xlfn.XLOOKUP($A7,'00_SKU_Master'!$B$2:$B$378,'00_SKU_Master'!$F$2:$F$378,0)*H7/_xlfn.XLOOKUP($A7,'00_SKU_Master'!$B$2:$B$378,'00_SKU_Master'!$O:$O,0),"") | Q5: =_xludf.IFNA(_xlfn.XLOOKUP($A7,'00_SKU_Master'!$B$2:$B$378,'00_SKU_Master'!$F$2:$F$378,0)*I7/_xlfn.XLOOKUP($A7,'00_SKU_Master'!$B$2:$B$378,'00_SKU_Master'!$O:$O,0),"") | R5: =_xludf.IFNA(_xlfn.XLOOKUP($A7,'00_SKU_Master'!$B$2:$B$378,'00_SKU_Master'!$F$2:$F$378,0)*J7/_xlfn.XLOOKUP($A7,'00_SKU_Master'!$B$2:$B$378,'00_SKU_Master'!$O:$O,0),"") | S5: =_xludf.IFNA(_xlfn.XLOOKUP($A7,'00_SKU_Master'!$B$2:$B$378,'00_SKU_Master'!$F$2:$F$378,0)*K7/_xlfn.XLOOKUP($A7,'00_SKU_Master'!$B$2:$B$378,'00_SKU_Master'!$O:$O,0),"") | T5: =SUM(N7:S7) | U5: ='05_Daily_Orders'!L6
A6: ='05_Daily_Orders'!B7 | B6: 1 | C6: 0 | F6: 150 | L6: =IF($E$1="n",0,(SUM(F8:K8)-B8)) | M6: =_xludf.IFNA(_xlfn.XLOOKUP(A8,'00_SKU_Master'!$B$2:$B$378,'00_SKU_Master'!$C$2:$C$378,0),"") | N6: =_xludf.IFNA(_xlfn.XLOOKUP(A8,'00_SKU_Master'!$B$2:$B$378,'00_SKU_Master'!$F$2:$F$378,0)*F8/_xlfn.XLOOKUP(A8,'00_SKU_Master'!$B$2:$B$378,'00_SKU_Master'!$O:$O,0),"") | O6: =_xludf.IFNA(_xlfn.XLOOKUP($A8,'00_SKU_Master'!$B$2:$B$378,'00_SKU_Master'!$F$2:$F$378,0)*G8/_xlfn.XLOOKUP($A8,'00_SKU_Master'!$B$2:$B$378,'00_SKU_Master'!$O:$O,0),"") | P6: =_xludf.IFNA(_xlfn.XLOOKUP($A8,'00_SKU_Master'!$B$2:$B$378,'00_SKU_Master'!$F$2:$F$378,0)*H8/_xlfn.XLOOKUP($A8,'00_SKU_Master'!$B$2:$B$378,'00_SKU_Master'!$O:$O,0),"") | Q6: =_xludf.IFNA(_xlfn.XLOOKUP($A8,'00_SKU_Master'!$B$2:$B$378,'00_SKU_Master'!$F$2:$F$378,0)*I8/_xlfn.XLOOKUP($A8,'00_SKU_Master'!$B$2:$B$378,'00_SKU_Master'!$O:$O,0),"") | R6: =_xludf.IFNA(_xlfn.XLOOKUP($A8,'00_SKU_Master'!$B$2:$B$378,'00_SKU_Master'!$F$2:$F$378,0)*J8/_xlfn.XLOOKUP($A8,'00_SKU_Master'!$B$2:$B$378,'00_SKU_Master'!$O:$O,0),"") | S6: =_xludf.IFNA(_xlfn.XLOOKUP($A8,'00_SKU_Master'!$B$2:$B$378,'00_SKU_Master'!$F$2:$F$378,0)*K8/_xlfn.XLOOKUP($A8,'00_SKU_Master'!$B$2:$B$378,'00_SKU_Master'!$O:$O,0),"") | T6: =SUM(N8:S8) | U6: ='05_Daily_Orders'!L7
A7: ='05_Daily_Orders'!B8 | B7: 0 | C7: 0 | F7: 0 | L7: =IF($E$1="n",0,(SUM(F9:K9)-B9)) | M7: =_xludf.IFNA(_xlfn.XLOOKUP(A9,'00_SKU_Master'!$B$2:$B$378,'00_SKU_Master'!$C$2:$C$378,0),"") | N7: =_xludf.IFNA(_xlfn.XLOOKUP(A9,'00_SKU_Master'!$B$2:$B$378,'00_SKU_Master'!$F$2:$F$378,0)*F9/_xlfn.XLOOKUP(A9,'00_SKU_Master'!$B$2:$B$378,'00_SKU_Master'!$O:$O,0),"") | O7: =_xludf.IFNA(_xlfn.XLOOKUP($A9,'00_SKU_Master'!$B$2:$B$378,'00_SKU_Master'!$F$2:$F$378,0)*G9/_xlfn.XLOOKUP($A9,'00_SKU_Master'!$B$2:$B$378,'00_SKU_Master'!$O:$O,0),"") | P7: =_xludf.IFNA(_xlfn.XLOOKUP($A9,'00_SKU_Master'!$B$2:$B$378,'00_SKU_Master'!$F$2:$F$378,0)*H9/_xlfn.XLOOKUP($A9,'00_SKU_Master'!$B$2:$B$378,'00_SKU_Master'!$O:$O,0),"") | Q7: =_xludf.IFNA(_xlfn.XLOOKUP($A9,'00_SKU_Master'!$B$2:$B$378,'00_SKU_Master'!$F$2:$F$378,0)*I9/_xlfn.XLOOKUP($A9,'00_SKU_Master'!$B$2:$B$378,'00_SKU_Master'!$O:$O,0),"") | R7: =_xludf.IFNA(_xlfn.XLOOKUP($A9,'00_SKU_Master'!$B$2:$B$378,'00_SKU_Master'!$F$2:$F$378,0)*J9/_xlfn.XLOOKUP($A9,'00_SKU_Master'!$B$2:$B$378,'00_SKU_Master'!$O:$O,0),"") | S7: =_xludf.IFNA(_xlfn.XLOOKUP($A9,'00_SKU_Master'!$B$2:$B$378,'00_SKU_Master'!$F$2:$F$378,0)*K9/_xlfn.XLOOKUP($A9,'00_SKU_Master'!$B$2:$B$378,'00_SKU_Master'!$O:$O,0),"") | T7: =SUM(N9:S9) | U7: ='05_Daily_Orders'!L8
A8: ='05_Daily_Orders'!B9 | B8: 0 | C8: 0 | F8: 0 | L8: =IF($E$1="n",0,(SUM(F10:K10)-B10)) | M8: =_xludf.IFNA(_xlfn.XLOOKUP(A10,'00_SKU_Master'!$B$2:$B$378,'00_SKU_Master'!$C$2:$C$378,0),"") | N8: =_xludf.IFNA(_xlfn.XLOOKUP(A10,'00_SKU_Master'!$B$2:$B$378,'00_SKU_Master'!$F$2:$F$378,0)*F10/_xlfn.XLOOKUP(A10,'00_SKU_Master'!$B$2:$B$378,'00_SKU_Master'!$O:$O,0),"") | O8: =_xludf.IFNA(_xlfn.XLOOKUP($A10,'00_SKU_Master'!$B$2:$B$378,'00_SKU_Master'!$F$2:$F$378,0)*G10/_xlfn.XLOOKUP($A10,'00_SKU_Master'!$B$2:$B$378,'00_SKU_Master'!$O:$O,0),"") | P8: =_xludf.IFNA(_xlfn.XLOOKUP($A10,'00_SKU_Master'!$B$2:$B$378,'00_SKU_Master'!$F$2:$F$378,0)*H10/_xlfn.XLOOKUP($A10,'00_SKU_Master'!$B$2:$B$378,'00_SKU_Master'!$O:$O,0),"") | Q8: =_xludf.IFNA(_xlfn.XLOOKUP($A10,'00_SKU_Master'!$B$2:$B$378,'00_SKU_Master'!$F$2:$F$378,0)*I10/_xlfn.XLOOKUP($A10,'00_SKU_Master'!$B$2:$B$378,'00_SKU_Master'!$O:$O,0),"") | R8: =_xludf.IFNA(_xlfn.XLOOKUP($A10,'00_SKU_Master'!$B$2:$B$378,'00_SKU_Master'!$F$2:$F$378,0)*J10/_xlfn.XLOOKUP($A10,'00_SKU_Master'!$B$2:$B$378,'00_SKU_Master'!$O:$O,0),"") | S8: =_xludf.IFNA(_xlfn.XLOOKUP($A10,'00_SKU_Master'!$B$2:$B$378,'00_SKU_Master'!$F$2:$F$378,0)*K10/_xlfn.XLOOKUP($A10,'00_SKU_Master'!$B$2:$B$378,'00_SKU_Master'!$O:$O,0),"") | T8: =SUM(N10:S10) | U8: ='05_Daily_Orders'!L9
A9: ='05_Daily_Orders'!B10 | B9: 0 | C9: 0 | F9: 0 | L9: =IF($E$1="n",0,(SUM(F11:K11)-B11)) | M9: =_xludf.IFNA(_xlfn.XLOOKUP(A11,'00_SKU_Master'!$B$2:$B$378,'00_SKU_Master'!$C$2:$C$378,0),"") | N9: =_xludf.IFNA(_xlfn.XLOOKUP(A11,'00_SKU_Master'!$B$2:$B$378,'00_SKU_Master'!$F$2:$F$378,0)*F11/_xlfn.XLOOKUP(A11,'00_SKU_Master'!$B$2:$B$378,'00_SKU_Master'!$O:$O,0),"") | O9: =_xludf.IFNA(_xlfn.XLOOKUP($A11,'00_SKU_Master'!$B$2:$B$378,'00_SKU_Master'!$F$2:$F$378,0)*G11/_xlfn.XLOOKUP($A11,'00_SKU_Master'!$B$2:$B$378,'00_SKU_Master'!$O:$O,0),"") | P9: =_xludf.IFNA(_xlfn.XLOOKUP($A11,'00_SKU_Master'!$B$2:$B$378,'00_SKU_Master'!$F$2:$F$378,0)*H11/_xlfn.XLOOKUP($A11,'00_SKU_Master'!$B$2:$B$378,'00_SKU_Master'!$O:$O,0),"") | Q9: =_xludf.IFNA(_xlfn.XLOOKUP($A11,'00_SKU_Master'!$B$2:$B$378,'00_SKU_Master'!$F$2:$F$378,0)*I11/_xlfn.XLOOKUP($A11,'00_SKU_Master'!$B$2:$B$378,'00_SKU_Master'!$O:$O,0),"") | R9: =_xludf.IFNA(_xlfn.XLOOKUP($A11,'00_SKU_Master'!$B$2:$B$378,'00_SKU_Master'!$F$2:$F$378,0)*J11/_xlfn.XLOOKUP($A11,'00_SKU_Master'!$B$2:$B$378,'00_SKU_Master'!$O:$O,0),"") | S9: =_xludf.IFNA(_xlfn.XLOOKUP($A11,'00_SKU_Master'!$B$2:$B$378,'00_SKU_Master'!$F$2:$F$378,0)*K11/_xlfn.XLOOKUP($A11,'00_SKU_Master'!$B$2:$B$378,'00_SKU_Master'!$O:$O,0),"") | T9: =SUM(N11:S11) | U9: ='05_Daily_Orders'!L10
A10: ='05_Daily_Orders'!B11 | B10: 0 | C10: 12 | F10: 0 | L10: =IF($E$1="n",0,(SUM(F12:K12)-B12)) | M10: =_xludf.IFNA(_xlfn.XLOOKUP(A12,'00_SKU_Master'!$B$2:$B$378,'00_SKU_Master'!$C$2:$C$378,0),"") | N10: =_xludf.IFNA(_xlfn.XLOOKUP(A12,'00_SKU_Master'!$B$2:$B$378,'00_SKU_Master'!$F$2:$F$378,0)*F12/_xlfn.XLOOKUP(A12,'00_SKU_Master'!$B$2:$B$378,'00_SKU_Master'!$O:$O,0),"") | O10: =_xludf.IFNA(_xlfn.XLOOKUP($A12,'00_SKU_Master'!$B$2:$B$378,'00_SKU_Master'!$F$2:$F$378,0)*G12/_xlfn.XLOOKUP($A12,'00_SKU_Master'!$B$2:$B$378,'00_SKU_Master'!$O:$O,0),"") | P10: =_xludf.IFNA(_xlfn.XLOOKUP($A12,'00_SKU_Master'!$B$2:$B$378,'00_SKU_Master'!$F$2:$F$378,0)*H12/_xlfn.XLOOKUP($A12,'00_SKU_Master'!$B$2:$B$378,'00_SKU_Master'!$O:$O,0),"") | Q10: =_xludf.IFNA(_xlfn.XLOOKUP($A12,'00_SKU_Master'!$B$2:$B$378,'00_SKU_Master'!$F$2:$F$378,0)*I12/_xlfn.XLOOKUP($A12,'00_SKU_Master'!$B$2:$B$378,'00_SKU_Master'!$O:$O,0),"") | R10: =_xludf.IFNA(_xlfn.XLOOKUP($A12,'00_SKU_Master'!$B$2:$B$378,'00_SKU_Master'!$F$2:$F$378,0)*J12/_xlfn.XLOOKUP($A12,'00_SKU_Master'!$B$2:$B$378,'00_SKU_Master'!$O:$O,0),"") | S10: =_xludf.IFNA(_xlfn.XLOOKUP($A12,'00_SKU_Master'!$B$2:$B$378,'00_SKU_Master'!$F$2:$F$378,0)*K12/_xlfn.XLOOKUP($A12,'00_SKU_Master'!$B$2:$B$378,'00_SKU_Master'!$O:$O,0),"") | T10: =SUM(N12:S12) | U10: ='05_Daily_Orders'!L11
A11: ='05_Daily_Orders'!B12 | B11: 49 | C11: 0 | F11: 78 | L11: =IF($E$1="n",0,(SUM(F13:K13)-B13)) | M11: =_xludf.IFNA(_xlfn.XLOOKUP(A13,'00_SKU_Master'!$B$2:$B$378,'00_SKU_Master'!$C$2:$C$378,0),"") | N11: =_xludf.IFNA(_xlfn.XLOOKUP(A13,'00_SKU_Master'!$B$2:$B$378,'00_SKU_Master'!$F$2:$F$378,0)*F13/_xlfn.XLOOKUP(A13,'00_SKU_Master'!$B$2:$B$378,'00_SKU_Master'!$O:$O,0),"") | O11: =_xludf.IFNA(_xlfn.XLOOKUP($A13,'00_SKU_Master'!$B$2:$B$378,'00_SKU_Master'!$F$2:$F$378,0)*G13/_xlfn.XLOOKUP($A13,'00_SKU_Master'!$B$2:$B$378,'00_SKU_Master'!$O:$O,0),"") | P11: =_xludf.IFNA(_xlfn.XLOOKUP($A13,'00_SKU_Master'!$B$2:$B$378,'00_SKU_Master'!$F$2:$F$378,0)*H13/_xlfn.XLOOKUP($A13,'00_SKU_Master'!$B$2:$B$378,'00_SKU_Master'!$O:$O,0),"") | Q11: =_xludf.IFNA(_xlfn.XLOOKUP($A13,'00_SKU_Master'!$B$2:$B$378,'00_SKU_Master'!$F$2:$F$378,0)*I13/_xlfn.XLOOKUP($A13,'00_SKU_Master'!$B$2:$B$378,'00_SKU_Master'!$O:$O,0),"") | R11: =_xludf.IFNA(_xlfn.XLOOKUP($A13,'00_SKU_Master'!$B$2:$B$378,'00_SKU_Master'!$F$2:$F$378,0)*J13/_xlfn.XLOOKUP($A13,'00_SKU_Master'!$B$2:$B$378,'00_SKU_Master'!$O:$O,0),"") | S11: =_xludf.IFNA(_xlfn.XLOOKUP($A13,'00_SKU_Master'!$B$2:$B$378,'00_SKU_Master'!$F$2:$F$378,0)*K13/_xlfn.XLOOKUP($A13,'00_SKU_Master'!$B$2:$B$378,'00_SKU_Master'!$O:$O,0),"") | T11: =SUM(N13:S13) | U11: ='05_Daily_Orders'!L12
A12: ='05_Daily_Orders'!B13 | B12: 0 | C12: 88 | F12: 125 | L12: =IF($E$1="n",0,(SUM(F14:K14)-B14)) | M12: =_xludf.IFNA(_xlfn.XLOOKUP(A14,'00_SKU_Master'!$B$2:$B$378,'00_SKU_Master'!$C$2:$C$378,0),"") | N12: =_xludf.IFNA(_xlfn.XLOOKUP(A14,'00_SKU_Master'!$B$2:$B$378,'00_SKU_Master'!$F$2:$F$378,0)*F14/_xlfn.XLOOKUP(A14,'00_SKU_Master'!$B$2:$B$378,'00_SKU_Master'!$O:$O,0),"") | O12: =_xludf.IFNA(_xlfn.XLOOKUP($A14,'00_SKU_Master'!$B$2:$B$378,'00_SKU_Master'!$F$2:$F$378,0)*G14/_xlfn.XLOOKUP($A14,'00_SKU_Master'!$B$2:$B$378,'00_SKU_Master'!$O:$O,0),"") | P12: =_xludf.IFNA(_xlfn.XLOOKUP($A14,'00_SKU_Master'!$B$2:$B$378,'00_SKU_Master'!$F$2:$F$378,0)*H14/_xlfn.XLOOKUP($A14,'00_SKU_Master'!$B$2:$B$378,'00_SKU_Master'!$O:$O,0),"") | Q12: =_xludf.IFNA(_xlfn.XLOOKUP($A14,'00_SKU_Master'!$B$2:$B$378,'00_SKU_Master'!$F$2:$F$378,0)*I14/_xlfn.XLOOKUP($A14,'00_SKU_Master'!$B$2:$B$378,'00_SKU_Master'!$O:$O,0),"") | R12: =_xludf.IFNA(_xlfn.XLOOKUP($A14,'00_SKU_Master'!$B$2:$B$378,'00_SKU_Master'!$F$2:$F$378,0)*J14/_xlfn.XLOOKUP($A14,'00_SKU_Master'!$B$2:$B$378,'00_SKU_Master'!$O:$O,0),"") | S12: =_xludf.IFNA(_xlfn.XLOOKUP($A14,'00_SKU_Master'!$B$2:$B$378,'00_SKU_Master'!$F$2:$F$378,0)*K14/_xlfn.XLOOKUP($A14,'00_SKU_Master'!$B$2:$B$378,'00_SKU_Master'!$O:$O,0),"") | T12: =SUM(N14:S14) | U12: ='05_Daily_Orders'!L13
A13: ='05_Daily_Orders'!B14 | B13: 0 | C13: 0 | F13: 0 | L13: =IF($E$1="n",0,(SUM(F15:K15)-B15)) | M13: =_xludf.IFNA(_xlfn.XLOOKUP(A15,'00_SKU_Master'!$B$2:$B$378,'00_SKU_Master'!$C$2:$C$378,0),"") | N13: =_xludf.IFNA(_xlfn.XLOOKUP(A15,'00_SKU_Master'!$B$2:$B$378,'00_SKU_Master'!$F$2:$F$378,0)*F15/_xlfn.XLOOKUP(A15,'00_SKU_Master'!$B$2:$B$378,'00_SKU_Master'!$O:$O,0),"") | O13: =_xludf.IFNA(_xlfn.XLOOKUP($A15,'00_SKU_Master'!$B$2:$B$378,'00_SKU_Master'!$F$2:$F$378,0)*G15/_xlfn.XLOOKUP($A15,'00_SKU_Master'!$B$2:$B$378,'00_SKU_Master'!$O:$O,0),"") | P13: =_xludf.IFNA(_xlfn.XLOOKUP($A15,'00_SKU_Master'!$B$2:$B$378,'00_SKU_Master'!$F$2:$F$378,0)*H15/_xlfn.XLOOKUP($A15,'00_SKU_Master'!$B$2:$B$378,'00_SKU_Master'!$O:$O,0),"") | Q13: =_xludf.IFNA(_xlfn.XLOOKUP($A15,'00_SKU_Master'!$B$2:$B$378,'00_SKU_Master'!$F$2:$F$378,0)*I15/_xlfn.XLOOKUP($A15,'00_SKU_Master'!$B$2:$B$378,'00_SKU_Master'!$O:$O,0),"") | R13: =_xludf.IFNA(_xlfn.XLOOKUP($A15,'00_SKU_Master'!$B$2:$B$378,'00_SKU_Master'!$F$2:$F$378,0)*J15/_xlfn.XLOOKUP($A15,'00_SKU_Master'!$B$2:$B$378,'00_SKU_Master'!$O:$O,0),"") | S13: =_xludf.IFNA(_xlfn.XLOOKUP($A15,'00_SKU_Master'!$B$2:$B$378,'00_SKU_Master'!$F$2:$F$378,0)*K15/_xlfn.XLOOKUP($A15,'00_SKU_Master'!$B$2:$B$378,'00_SKU_Master'!$O:$O,0),"") | T13: =SUM(N15:S15) | U13: ='05_Daily_Orders'!L14
... A264: ='05_Daily_Orders'!B265 | B264: 0 | C264: 0 | F264: 0 | L264: =IF($E$1="n",0,(SUM(F266:K266)-B266)) | M264: =_xludf.IFNA(_xlfn.XLOOKUP(A266,'00_SKU_Master'!$B$2:$B$378,'00_SKU_Master'!$C$2:$C$378,0),"") | N264: =_xludf.IFNA(_xlfn.XLOOKUP(A266,'00_SKU_Master'!$B$2:$B$378,'00_SKU_Master'!$F$2:$F$378,0)*F266/_xlfn.XLOOKUP(A266,'00_SKU_Master'!$B$2:$B$378,'00_SKU_Master'!$O:$O,0),"") | O264: =_xludf.IFNA(_xlfn.XLOOKUP($A266,'00_SKU_Master'!$B$2:$B$378,'00_SKU_Master'!$F$2:$F$378,0)*G266/_xlfn.XLOOKUP($A266,'00_SKU_Master'!$B$2:$B$378,'00_SKU_Master'!$O:$O,0),"") | P264: =_xludf.IFNA(_xlfn.XLOOKUP($A266,'00_SKU_Master'!$B$2:$B$378,'00_SKU_Master'!$F$2:$F$378,0)*H266/_xlfn.XLOOKUP($A266,'00_SKU_Master'!$B$2:$B$378,'00_SKU_Master'!$O:$O,0),"") | Q264: =_xludf.IFNA(_xlfn.XLOOKUP($A266,'00_SKU_Master'!$B$2:$B$378,'00_SKU_Master'!$F$2:$F$378,0)*I266/_xlfn.XLOOKUP($A266,'00_SKU_Master'!$B$2:$B$378,'00_SKU_Master'!$O:$O,0),"") | R264: =_xludf.IFNA(_xlfn.XLOOKUP($A266,'00_SKU_Master'!$B$2:$B$378,'00_SKU_Master'!$F$2:$F$378,0)*J266/_xlfn.XLOOKUP($A266,'00_SKU_Master'!$B$2:$B$378,'00_SKU_Master'!$O:$O,0),"") | S264: =_xludf.IFNA(_xlfn.XLOOKUP($A266,'00_SKU_Master'!$B$2:$B$378,'00_SKU_Master'!$F$2:$F$378,0)*K266/_xlfn.XLOOKUP($A266,'00_SKU_Master'!$B$2:$B$378,'00_SKU_Master'!$O:$O,0),"") | T264: =SUM(N266:S266) | U264: ='05_Daily_Orders'!L265

Sheet 03_BulkPack_Order
B2: Cages to cut today | C2: 120
B3: Traypack Target | C3: 5000cs
B5: For Generic Traypack | C5: Qty x25kg
C6: Today | D6: Tomorrow | E6: Total
B7: Boneless Breast | D7: 0 | E7: 0
B8: Skin on split breast | C8: 31 | D8: 50 | E8: 81
B9: Skinless split breast | C9: 5 | D9: 30 | E9: 35
B10: Whole wing | C10: 5 | D10: 20 | E10: 25
B11: Split wing | C11: 15 | D11: 15 | E11: 30
B12: Drums | D12: 40 | E12: 40
B13: Bi thigh | D13: 60 | E13: 60
B14: Bnls thighs | D14: 80 | E14: 80
B15: Ba legs | C15: 20 | D15: 55 | E15: 75
B17: For Bagging | C17: Qtyx800kg
C18: Today | D18: Tomorrow | E18: Total
A19: 61062 | B19: BA Legs | D19: 1 | E19: 1 | G19: =IFERROR(SUMIF('13_Progress_Track'!$A$2:$A$108,A19,'13_Progress_Track'!$E$2:$E$108),"0") | H19: =SUM(C19:D19)
A20: 61073 | B20: Drum | C20: 2 | D20: 3 | E20: 5 | G20: =IFERROR(SUMIF('13_Progress_Track'!$A$2:$A$108,A20,'13_Progress_Track'!$E$2:$E$108),"0") | H20: =SUM(C20:D20)
A21: 61018 | B21: Whole wing | C21: 1 | D21: 3 | E21: 4 | G21: =IFERROR(SUMIF('13_Progress_Track'!$A$2:$A$108,A21,'13_Progress_Track'!$E$2:$E$108),"0") | H21: =SUM(C21:D21)
A22: 61014B | B22: Split wingx25kg | E22: 0 | G22: =IFERROR(SUMIF('13_Progress_Track'!$A$2:$A$108,A22,'13_Progress_Track'!$E$2:$E$108),"0") | H22: =SUM(C22:D22)
G23: =IFERROR(SUMIF('13_Progress_Track'!$A$2:$A$108,A23,'13_Progress_Track'!$E$2:$E$108),"0")
G24: =IFERROR(SUMIF('13_Progress_Track'!$A$2:$A$108,A24,'13_Progress_Track'!$E$2:$E$108),"0")
A25: {=IFERROR(VALUE(LEFT(B25, MATCH(FALSE, ISNUMBER(MID(B25, ROW(INDIRECT("1:"&LEN(B25)+1)), 1) *1), 0) -1)),"")} | B25: For sale | G25: =IFERROR(SUMIF('13_Progress_Track'!$A$2:$A$108,A25,'13_Progress_Track'!$E$2:$E$108),"0")
A26: {=IFERROR(VALUE(LEFT(B26, MATCH(FALSE, ISNUMBER(MID(B26, ROW(INDIRECT("1:"&LEN(B26)+1)), 1) *1), 0) -1)),"")} | B26: 203035 container | G26: =IFERROR(SUMIF('13_Progress_Track'!$A$2:$A$108,A26,'13_Progress_Track'!$E$2:$E$108),"0") | H26: =IFERROR(C26-G26,"")
A27: {=IFERROR(VALUE(LEFT(B27, MATCH(FALSE, ISNUMBER(MID(B27, ROW(INDIRECT("1:"&LEN(B27)+1)), 1) *1), 0) -1)),"")} | B27: 203172 container | G27: =IFERROR(SUMIF('13_Progress_Track'!$A$2:$A$108,A27,'13_Progress_Track'!$E$2:$E$108),"0") | H27: =IFERROR(C27-G27,"")
A28: {=IFERROR(VALUE(LEFT(B28, MATCH(FALSE, ISNUMBER(MID(B28, ROW(INDIRECT("1:"&LEN(B28)+1)), 1) *1), 0) -1)),"")} | B28: 868 Spl Wings | G28: =IFERROR(SUMIF('13_Progress_Track'!$A$2:$A$108,A28,'13_Progress_Track'!$E$2:$E$108),"0") | H28: =IFERROR(C28-G28,"")
A29: {=IFERROR(VALUE(LEFT(B29, MATCH(FALSE, ISNUMBER(MID(B29, ROW(INDIRECT("1:"&LEN(B29)+1)), 1) *1), 0) -1)),"")} | B29: 200868 MB HA SPL WING AC 18KG | C29: 100 | G29: =IFERROR(SUMIF('13_Progress_Track'!$A$2:$A$108,A29,'13_Progress_Track'!$E$2:$E$108),"0") | H29: =IFERROR(C29-G29,"")
A30: {=IFERROR(VALUE(LEFT(B30, MATCH(FALSE, ISNUMBER(MID(B30, ROW(INDIRECT("1:"&LEN(B30)+1)), 1) *1), 0) -1)),"")} | B30: 40021 Spl Wings 4x10lb | G30: =IFERROR(SUMIF('13_Progress_Track'!$A$2:$A$108,A30,'13_Progress_Track'!$E$2:$E$108),"0") | H30: =IFERROR(C30-G30,"")
A31: {=IFERROR(VALUE(LEFT(B31, MATCH(FALSE, ISNUMBER(MID(B31, ROW(INDIRECT("1:"&LEN(B31)+1)), 1) *1), 0) -1)),"")} | B31: 904 H. Whole wings | G31: =IFERROR(SUMIF('13_Progress_Track'!$A$2:$A$108,A31,'13_Progress_Track'!$E$2:$E$108),"0") | H31: =IFERROR(C31-G31,"")
A32: {=IFERROR(VALUE(LEFT(B32, MATCH(FALSE, ISNUMBER(MID(B32, ROW(INDIRECT("1:"&LEN(B32)+1)), 1) *1), 0) -1)),"")} | B32: 200904 H. Whole wings | G32: =IFERROR(SUMIF('13_Progress_Track'!$A$2:$A$108,A32,'13_Progress_Track'!$E$2:$E$108),"0") | H32: =IFERROR(C32-G32,"")
A33: {=IFERROR(VALUE(LEFT(B33, MATCH(FALSE, ISNUMBER(MID(B33, ROW(INDIRECT("1:"&LEN(B33)+1)), 1) *1), 0) -1)),"")} | B33: 200905 H. Whole wings | G33: =IFERROR(SUMIF('13_Progress_Track'!$A$2:$A$108,A33,'13_Progress_Track'!$E$2:$E$108),"0") | H33: =IFERROR(C33-G33,"")
A34: {=IFERROR(VALUE(LEFT(B34, MATCH(FALSE, ISNUMBER(MID(B34, ROW(INDIRECT("1:"&LEN(B34)+1)), 1) *1), 0) -1)),"")} | B34: 895 Drums | G34: =IFERROR(SUMIF('13_Progress_Track'!$A$2:$A$108,A34,'13_Progress_Track'!$E$2:$E$108),"0") | H34: =IFERROR(C34-G34,"")
A35: {=IFERROR(VALUE(LEFT(B35, MATCH(FALSE, ISNUMBER(MID(B35, ROW(INDIRECT("1:"&LEN(B35)+1)), 1) *1), 0) -1)),"")} | B35: 200095 H. Drums | C35: 40 | G35: =IFERROR(SUMIF('13_Progress_Track'!$A$2:$A$108,A35,'13_Progress_Track'!$E$2:$E$108),"0") | H35: =IFERROR(C35-G35,"")
A36: {=IFERROR(VALUE(LEFT(B36, MATCH(FALSE, ISNUMBER(MID(B36, ROW(INDIRECT("1:"&LEN(B36)+1)), 1) *1), 0) -1)),"")} | B36: 0160 Drums | G36: =IFERROR(SUMIF('13_Progress_Track'!$A$2:$A$108,A36,'13_Progress_Track'!$E$2:$E$108),"0") | H36: =IFERROR(C36-G36,"")
A37: {=IFERROR(VALUE(LEFT(B37, MATCH(FALSE, ISNUMBER(MID(B37, ROW(INDIRECT("1:"&LEN(B37)+1)), 1) *1), 0) -1)),"")} | B37: 203271 DRUM 110G LESS RET 25KG | G37: =IFERROR(SUMIF('13_Progress_Track'!$A$2:$A$108,A37,'13_Progress_Track'!$E$2:$E$108),"0") | H37: =IFERROR(C37-G37,"")
A38: {=IFERROR(VALUE(LEFT(B38, MATCH(FALSE, ISNUMBER(MID(B38, ROW(INDIRECT("1:"&LEN(B38)+1)), 1) *1), 0) -1)),"")} | B38: 159 BA Legs | C38: 150 | G38: =IFERROR(SUMIF('13_Progress_Track'!$A$2:$A$108,A38,'13_Progress_Track'!$E$2:$E$108),"0") | H38: =IFERROR(C38-G38,"")
A39: {=IFERROR(VALUE(LEFT(B39, MATCH(FALSE, ISNUMBER(MID(B39, ROW(INDIRECT("1:"&LEN(B39)+1)), 1) *1), 0) -1)),"")} | B39: 200159 H. BA Legs | G39: =IFERROR(SUMIF('13_Progress_Track'!$A$2:$A$108,A39,'13_Progress_Track'!$E$2:$E$108),"0") | H39: =IFERROR(C39-G39,"")
A40: {=IFERROR(VALUE(LEFT(B40, MATCH(FALSE, ISNUMBER(MID(B40, ROW(INDIRECT("1:"&LEN(B40)+1)), 1) *1), 0) -1)),"")} | B40: 200903 H. BA Legs a/c | C40: 150 | G40: =IFERROR(SUMIF('13_Progress_Track'!$A$2:$A$108,A40,'13_Progress_Track'!$E$2:$E$108),"0") | H40: =IFERROR(C40-G40,"")
A41: {=IFERROR(VALUE(LEFT(B41, MATCH(FALSE, ISNUMBER(MID(B41, ROW(INDIRECT("1:"&LEN(B41)+1)), 1) *1), 0) -1)),"")} | B41: 165 Bnls breast | G41: =IFERROR(SUMIF('13_Progress_Track'!$A$2:$A$108,A41,'13_Progress_Track'!$E$2:$E$108),"0") | H41: =IFERROR(C41-G41,"")
A42: {=IFERROR(VALUE(LEFT(B42, MATCH(FALSE, ISNUMBER(MID(B42, ROW(INDIRECT("1:"&LEN(B42)+1)), 1) *1), 0) -1)),"")} | B42: 1894 Bnls breast | G42: =IFERROR(SUMIF('13_Progress_Track'!$A$2:$A$108,A42,'13_Progress_Track'!$E$2:$E$108),"0") | H42: =IFERROR(C42-G42,"")
A43: {=IFERROR(VALUE(LEFT(B43, MATCH(FALSE, ISNUMBER(MID(B43, ROW(INDIRECT("1:"&LEN(B43)+1)), 1) *1), 0) -1)),"")} | B43: 201894 H. Bnls breast | G43: =IFERROR(SUMIF('13_Progress_Track'!$A$2:$A$108,A43,'13_Progress_Track'!$E$2:$E$108),"0") | H43: =IFERROR(C43-G43,"")
A44: {=IFERROR(VALUE(LEFT(B44, MATCH(FALSE, ISNUMBER(MID(B44, ROW(INDIRECT("1:"&LEN(B44)+1)), 1) *1), 0) -1)),"")} | B44: 201895 H. Bnls breast | G44: =IFERROR(SUMIF('13_Progress_Track'!$A$2:$A$108,A44,'13_Progress_Track'!$E$2:$E$108),"0") | H44: =IFERROR(C44-G44,"")
A45: {=IFERROR(VALUE(LEFT(B45, MATCH(FALSE, ISNUMBER(MID(B45, ROW(INDIRECT("1:"&LEN(B45)+1)), 1) *1), 0) -1)),"")} | B45: 834 Bone in Thigh | C45: 50 | G45: =IFERROR(SUMIF('13_Progress_Track'!$A$2:$A$108,A45,'13_Progress_Track'!$E$2:$E$108),"0") | H45: =IFERROR(C45-G45,"")
A46: {=IFERROR(VALUE(LEFT(B46, MATCH(FALSE, ISNUMBER(MID(B46, ROW(INDIRECT("1:"&LEN(B46)+1)), 1) *1), 0) -1)),"")} | B46: 200902 Bone in Thigh | C46: 92 | G46: =IFERROR(SUMIF('13_Progress_Track'!$A$2:$A$108,A46,'13_Progress_Track'!$E$2:$E$108),"0") | H46: =IFERROR(C46-G46,"")
A47: {=IFERROR(VALUE(LEFT(B47, MATCH(FALSE, ISNUMBER(MID(B47, ROW(INDIRECT("1:"&LEN(B47)+1)), 1) *1), 0) -1)),"")} | B47: 161 Bone in Thigh | G47: =IFERROR(SUMIF('13_Progress_Track'!$A$2:$A$108,A47,'13_Progress_Track'!$E$2:$E$108),"0") | H47: =IFERROR(C47-G47,"")
A48: {=IFERROR(VALUE(LEFT(B48, MATCH(FALSE, ISNUMBER(MID(B48, ROW(INDIRECT("1:"&LEN(B48)+1)), 1) *1), 0) -1)),"")} | B48: 200064 H. bnls thighs | C48: 76 | G48: =IFERROR(SUMIF('13_Progress_Track'!$A$2:$A$108,A48,'13_Progress_Track'!$E$2:$E$108),"0") | H48: =IFERROR(C48-G48,"")
A49: {=IFERROR(VALUE(LEFT(B49, MATCH(FALSE, ISNUMBER(MID(B49, ROW(INDIRECT("1:"&LEN(B49)+1)), 1) *1), 0) -1)),"")} | B49: 0064 H. bnls thighs | C49: 126 | G49: =IFERROR(SUMIF('13_Progress_Track'!$A$2:$A$108,A49,'13_Progress_Track'!$E$2:$E$108),"0") | H49: =IFERROR(C49-G49,"")
A50: {=IFERROR(VALUE(LEFT(B50, MATCH(FALSE, ISNUMBER(MID(B50, ROW(INDIRECT("1:"&LEN(B50)+1)), 1) *1), 0) -1)),"")} | G50: =IFERROR(SUMIF('13_Progress_Track'!$A$2:$A$108,A50,'13_Progress_Track'!$E$2:$E$108),"0") | H50: =IFERROR(C50-G50,"")
A51: {=IFERROR(VALUE(LEFT(B51, MATCH(FALSE, ISNUMBER(MID(B51, ROW(INDIRECT("1:"&LEN(B51)+1)), 1) *1), 0) -1)),"")} | G51: =IFERROR(SUMIF('13_Progress_Track'!$A$2:$A$108,A51,'13_Progress_Track'!$E$2:$E$108),"0") | H51: =IFERROR(C51-G51,"")
A52: {=IFERROR(VALUE(LEFT(B52, MATCH(FALSE, ISNUMBER(MID(B52, ROW(INDIRECT("1:"&LEN(B52)+1)), 1) *1), 0) -1)),"")} | G52: =IFERROR(SUMIF('13_Progress_Track'!$A$2:$A$108,A52,'13_Progress_Track'!$E$2:$E$108),"0") | H52: =IFERROR(C52-G52,"")
A53: {=IFERROR(VALUE(LEFT(B53, MATCH(FALSE, ISNUMBER(MID(B53, ROW(INDIRECT("1:"&LEN(B53)+1)), 1) *1), 0) -1)),"")} | G53: =IFERROR(SUMIF('13_Progress_Track'!$A$2:$A$108,A53,'13_Progress_Track'!$E$2:$E$108),"0") | H53: =IFERROR(C53-G53,"")
A54: {=IFERROR(VALUE(LEFT(B54, MATCH(FALSE, ISNUMBER(MID(B54, ROW(INDIRECT("1:"&LEN(B54)+1)), 1) *1), 0) -1)),"")} | G54: =IFERROR(SUMIF('13_Progress_Track'!$A$2:$A$108,A54,'13_Progress_Track'!$E$2:$E$108),"0") | H54: =IFERROR(C54-G54,"")
A55: {=IFERROR(VALUE(LEFT(B55, MATCH(FALSE, ISNUMBER(MID(B55, ROW(INDIRECT("1:"&LEN(B55)+1)), 1) *1), 0) -1)),"")} | G55: =IFERROR(SUMIF('13_Progress_Track'!$A$2:$A$108,A55,'13_Progress_Track'!$E$2:$E$108),"0") | H55: =IFERROR(C55-G55,"")
A56: {=IFERROR(VALUE(LEFT(B56, MATCH(FALSE, ISNUMBER(MID(B56, ROW(INDIRECT("1:"&LEN(B56)+1)), 1) *1), 0) -1)),"")} | G56: =IFERROR(SUMIF('13_Progress_Track'!$A$2:$A$108,A56,'13_Progress_Track'!$E$2:$E$108),"0") | H56: =IFERROR(C56-G56,"")
A57: {=IFERROR(VALUE(LEFT(B57, MATCH(FALSE, ISNUMBER(MID(B57, ROW(INDIRECT("1:"&LEN(B57)+1)), 1) *1), 0) -1)),"")} | G57: =IFERROR(SUMIF('13_Progress_Track'!$A$2:$A$108,A57,'13_Progress_Track'!$E$2:$E$108),"0") | H57: =IFERROR(C57-G57,"")
A58: {=IFERROR(VALUE(LEFT(B58, MATCH(FALSE, ISNUMBER(MID(B58, ROW(INDIRECT("1:"&LEN(B58)+1)), 1) *1), 0) -1)),"")} | G58: =IFERROR(SUMIF('13_Progress_Track'!$A$2:$A$108,A58,'13_Progress_Track'!$E$2:$E$108),"0") | H58: =IFERROR(C58-G58,"")
A59: {=IFERROR(VALUE(LEFT(B59, MATCH(FALSE, ISNUMBER(MID(B59, ROW(INDIRECT("1:"&LEN(B59)+1)), 1) *1), 0) -1)),"")} | G59: =IFERROR(SUMIF('13_Progress_Track'!$A$2:$A$108,A59,'13_Progress_Track'!$E$2:$E$108),"0") | H59: =IFERROR(C59-G59,"")
A60: {=IFERROR(VALUE(LEFT(B60, MATCH(FALSE, ISNUMBER(MID(B60, ROW(INDIRECT("1:"&LEN(B60)+1)), 1) *1), 0) -1)),"")} | G60: =IFERROR(SUMIF('13_Progress_Track'!$A$2:$A$108,A60,'13_Progress_Track'!$E$2:$E$108),"0") | H60: =IFERROR(C60-G60,"")
A61: 2233 | G61: =IFERROR(SUMIF('13_Progress_Track'!$A$2:$A$108,A61,'13_Progress_Track'!$E$2:$E$108),"0") | H61: =IFERROR(C61-G61,"")
A62: 2235 | G62: =IFERROR(SUMIF('13_Progress_Track'!$A$2:$A$108,A62,'13_Progress_Track'!$E$2:$E$108),"0") | H62: =IFERROR(C62-G62,"")
A63: 2236 | G63: =IFERROR(SUMIF('13_Progress_Track'!$A$2:$A$108,A63,'13_Progress_Track'!$E$2:$E$108),"0") | H63: =IFERROR(C63-G63,"")
A64: 423002 | G64: =IFERROR(SUMIF('13_Progress_Track'!$A$2:$A$108,A64,'13_Progress_Track'!$E$2:$E$108),"0") | H64: =IFERROR(C64-G64,"")
A65: 203010 | G65: =IFERROR(SUMIF('13_Progress_Track'!$A$2:$A$108,A65,'13_Progress_Track'!$E$2:$E$108),"0") | H65: =IFERROR(C65-G65,"")
A66: 423625 | G66: =IFERROR(SUMIF('13_Progress_Track'!$A$2:$A$108,A66,'13_Progress_Track'!$E$2:$E$108),"0") | H66: =IFERROR(C66-G66,"")
A67: 203624 | G67: =IFERROR(SUMIF('13_Progress_Track'!$A$2:$A$108,A67,'13_Progress_Track'!$E$2:$E$108),"0") | H67: =IFERROR(C67-G67,"")

Sheet 04_Bagging_Order
B2: Total Cases | K2: 1356 | L2: 2103 | M2: 1149
B3: DAY | I3: =SUMIF(I5:I25,">0") | J3: =SUM(J5:J22) | K3: =SUMIF(K5:K23,">0")
B4: SKU | H4: SKU | I4: Today's | J4: Completed | K4: Remaining | L4: KG | M4: Raw Cages | O4: WIP
B5: ='00_SKU_Master'!B357 | D5: 99 | H5: =B5 | I5: =SUM(C5:F5) | J5: =SUMIF('13_Progress_Track'!$A$2:$A$108,B5,'13_Progress_Track'!$E$2:$E$108) | K5: =I5-J5 | L5: =_xludf.IFNA(_xlfn.XLOOKUP(H5,$B$27:$B$41,$C$27:$C$41,0)*K5,"") | M5: =_xludf.IFNA(L5/_xlfn.XLOOKUP(H5,$B$27:$B$43,$F$27:$F$43,0),"") | O5: =_xludf.IFNA(_xlfn.XLOOKUP(H5,$B$27:$B$43,$E$27:$E$43),"")
B6: ='00_SKU_Master'!B358 | D6: 188 | H6: =B6 | I6: =SUM(C6:F6) | J6: =SUMIF('13_Progress_Track'!$A$2:$A$108,B6,'13_Progress_Track'!$E$2:$E$108) | K6: =I6-J6 | L6: =_xludf.IFNA(_xlfn.XLOOKUP(H6,$B$27:$B$41,$C$27:$C$41,0)*K6,"") | M6: =_xludf.IFNA(L6/_xlfn.XLOOKUP(H6,$B$27:$B$43,$F$27:$F$43,0),"") | O6: =_xludf.IFNA(_xlfn.XLOOKUP(H6,$B$27:$B$43,$E$27:$E$43),"")
B7: ='00_SKU_Master'!B359 | D7: 81 | H7: =B7 | I7: =SUM(C7:F7) | J7: =SUMIF('13_Progress_Track'!$A$2:$A$108,B7,'13_Progress_Track'!$E$2:$E$108) | K7: =I7-J7 | L7: =_xludf.IFNA(_xlfn.XLOOKUP(H7,$B$27:$B$41,$C$27:$C$41,0)*K7,"") | M7: =_xludf.IFNA(L7/_xlfn.XLOOKUP(H7,$B$27:$B$43,$F$27:$F$43,0),"") | O7: =_xludf.IFNA(_xlfn.XLOOKUP(H7,$B$27:$B$43,$E$27:$E$43),"")
B8: ='00_SKU_Master'!B360 | D8: 0 | H8: =B8 | I8: =SUM(C8:F8) | J8: =SUMIF('13_Progress_Track'!$A$2:$A$108,B8,'13_Progress_Track'!$E$2:$E$108) | K8: =I8-J8 | L8: =_xludf.IFNA(_xlfn.XLOOKUP(H8,$B$27:$B$41,$C$27:$C$41,0)*K8,"") | M8: =_xludf.IFNA(L8/_xlfn.XLOOKUP(H8,$B$27:$B$43,$F$27:$F$43,0),"") | O8: =_xludf.IFNA(_xlfn.XLOOKUP(H8,$B$27:$B$43,$E$27:$E$43),"")
B9: ='00_SKU_Master'!B361 | D9: 0 | H9: =B9 | I9: =SUM(C9:F9) | J9: =SUMIF('13_Progress_Track'!$A$2:$A$108,B9,'13_Progress_Track'!$E$2:$E$108) | K9: =I9-J9 | L9: =_xludf.IFNA(_xlfn.XLOOKUP(H9,$B$27:$B$41,$C$27:$C$41,0)*K9,"") | M9: =_xludf.IFNA(L9/_xlfn.XLOOKUP(H9,$B$27:$B$43,$F$27:$F$43,0),"") | O9: =_xludf.IFNA(_xlfn.XLOOKUP(H9,$B$27:$B$43,$E$27:$E$43),"")
B10: ='00_SKU_Master'!B362 | D10: 34 | H10: =B10 | I10: =SUM(C10:F10) | J10: =SUMIF('13_Progress_Track'!$A$2:$A$108,B10,'13_Progress_Track'!$E$2:$E$108) | K10: =I10-J10 | L10: =_xludf.IFNA(_xlfn.XLOOKUP(H10,$B$27:$B$41,$C$27:$C$41,0)*K10,"") | M10: =_xludf.IFNA(L10/_xlfn.XLOOKUP(H10,$B$27:$B$43,$F$27:$F$43,0),"") | O10: =_xludf.IFNA(_xlfn.XLOOKUP(H10,$B$27:$B$43,$E$27:$E$43),"")
B11: ='00_SKU_Master'!B363 | D11: -11 | H11: =B11 | I11: =SUM(C11:F11) | J11: =SUMIF('13_Progress_Track'!$A$2:$A$108,B11,'13_Progress_Track'!$E$2:$E$108) | K11: =I11-J11 | L11: =_xludf.IFNA(_xlfn.XLOOKUP(H11,$B$27:$B$41,$C$27:$C$41,0)*K11,"") | M11: =_xludf.IFNA(L11/_xlfn.XLOOKUP(H11,$B$27:$B$43,$F$27:$F$43,0),"") | O11: =_xludf.IFNA(_xlfn.XLOOKUP(H11,$B$27:$B$43,$E$27:$E$43),"")
B12: ='00_SKU_Master'!B364 | D12: 30 | H12: =B12 | I12: =SUM(C12:F12) | J12: =SUMIF('13_Progress_Track'!$A$2:$A$108,B12,'13_Progress_Track'!$E$2:$E$108) | K12: =I12-J12 | L12: =_xludf.IFNA(_xlfn.XLOOKUP(H12,$B$27:$B$41,$C$27:$C$41,0)*K12,"") | M12: =_xludf.IFNA(L12/_xlfn.XLOOKUP(H12,$B$27:$B$43,$F$27:$F$43,0),"") | O12: =_xludf.IFNA(_xlfn.XLOOKUP(H12,$B$27:$B$43,$E$27:$E$43),"")
B13: ='00_SKU_Master'!B365 | D13: 0 | H13: =B13 | I13: =SUM(C13:F13) | J13: =SUMIF('13_Progress_Track'!$A$2:$A$108,B13,'13_Progress_Track'!$E$2:$E$108) | K13: =I13-J13 | L13: =_xludf.IFNA(_xlfn.XLOOKUP(H13,$B$27:$B$41,$C$27:$C$41,0)*K13,"") | M13: =_xludf.IFNA(L13/_xlfn.XLOOKUP(H13,$B$27:$B$43,$F$27:$F$43,0),"") | O13: =_xludf.IFNA(_xlfn.XLOOKUP(H13,$B$27:$B$43,$E$27:$E$43),"")
B14: ='00_SKU_Master'!B366 | H14: =B14 | I14: =SUM(C14:F14) | J14: =SUMIF('13_Progress_Track'!$A$2:$A$108,B14,'13_Progress_Track'!$E$2:$E$108) | K14: =I14-J14 | L14: =_xludf.IFNA(_xlfn.XLOOKUP(H14,$B$27:$B$41,$C$27:$C$41,0)*K14,"") | M14: =_xludf.IFNA(L14/_xlfn.XLOOKUP(H14,$B$27:$B$43,$F$27:$F$43,0),"") | O14: =_xludf.IFNA(_xlfn.XLOOKUP(H14,$B$27:$B$43,$E$27:$E$43),"")
B15: ='00_SKU_Master'!B367 | H15: =B15 | I15: =SUM(C15:F15) | J15: =SUMIF('13_Progress_Track'!$A$2:$A$108,B15,'13_Progress_Track'!$E$2:$E$108) | K15: =I15-J15 | L15: =_xludf.IFNA(_xlfn.XLOOKUP(H15,$B$27:$B$41,$C$27:$C$41,0)*K15,"") | M15: =_xludf.IFNA(L15/_xlfn.XLOOKUP(H15,$B$27:$B$43,$F$27:$F$43,0),"") | O15: =_xludf.IFNA(_xlfn.XLOOKUP(H15,$B$27:$B$43,$E$27:$E$43),"")
B16: ='00_SKU_Master'!B368 | H16: =B16 | I16: =SUM(C16:F16) | J16: =SUMIF('13_Progress_Track'!$A$2:$A$108,B16,'13_Progress_Track'!$E$2:$E$108) | K16: =I16-J16 | L16: =_xludf.IFNA(_xlfn.XLOOKUP(H16,$B$27:$B$41,$C$27:$C$41,0)*K16,"") | M16: =_xludf.IFNA(L16/_xlfn.XLOOKUP(H16,$B$27:$B$43,$F$27:$F$43,0),"") | O16: =_xludf.IFNA(_xlfn.XLOOKUP(H16,$B$27:$B$43,$E$27:$E$43),"")
B17: ='00_SKU_Master'!B369 | H17: =B17 | I17: =SUM(C17:F17) | J17: =SUMIF('13_Progress_Track'!$A$2:$A$108,B17,'13_Progress_Track'!$E$2:$E$108) | K17: =I17-J17 | L17: =_xludf.IFNA(_xlfn.XLOOKUP(H17,$B$27:$B$41,$C$27:$C$41,0)*K17,"") | M17: =_xludf.IFNA(L17/_xlfn.XLOOKUP(H17,$B$27:$B$43,$F$27:$F$43,0),"") | O17: =_xludf.IFNA(_xlfn.XLOOKUP(H17,$B$27:$B$43,$E$27:$E$43),"")
B18: ='00_SKU_Master'!B370 | H18: =B18 | I18: =SUM(C18:F18) | J18: =SUMIF('13_Progress_Track'!$A$2:$A$108,B18,'13_Progress_Track'!$E$2:$E$108) | K18: =I18-J18 | L18: =_xludf.IFNA(_xlfn.XLOOKUP(H18,$B$27:$B$41,$C$27:$C$41,0)*K18,"") | M18: =_xludf.IFNA(L18/_xlfn.XLOOKUP(H18,$B$27:$B$43,$F$27:$F$43,0),"") | O18: =_xludf.IFNA(_xlfn.XLOOKUP(H18,$B$27:$B$43,$E$27:$E$43),"")
B19: ='00_SKU_Master'!B371 | H19: =B19 | I19: =SUM(C19:F19) | J19: =SUMIF('13_Progress_Track'!$A$2:$A$108,B19,'13_Progress_Track'!$E$2:$E$108) | K19: =I19-J19 | L19: =_xludf.IFNA(_xlfn.XLOOKUP(H19,$B$27:$B$41,$C$27:$C$41,0)*K19,"") | M19: =_xludf.IFNA(L19/_xlfn.XLOOKUP(H19,$B$27:$B$43,$F$27:$F$43,0),"") | O19: =_xludf.IFNA(_xlfn.XLOOKUP(H19,$B$27:$B$43,$E$27:$E$43),"")
B20: ='00_SKU_Master'!B372 | H20: =B20 | I20: =SUM(C20:F20) | J20: =SUMIF('13_Progress_Track'!$A$2:$A$108,B20,'13_Progress_Track'!$E$2:$E$108) | K20: =I20-J20 | L20: =_xludf.IFNA(_xlfn.XLOOKUP(H20,$B$27:$B$41,$C$27:$C$41,0)*K20,"") | M20: =_xludf.IFNA(L20/_xlfn.XLOOKUP(H20,$B$27:$B$43,$F$27:$F$43,0),"") | O20: =_xludf.IFNA(_xlfn.XLOOKUP(H20,$B$27:$B$43,$E$27:$E$43),"")
B21: ='00_SKU_Master'!B373 | H21: =B21 | I21: =SUM(C21:F21) | J21: =SUMIF('13_Progress_Track'!$A$2:$A$108,B21,'13_Progress_Track'!$E$2:$E$108) | K21: =I21-J21 | L21: =_xludf.IFNA(_xlfn.XLOOKUP(H21,$B$27:$B$41,$C$27:$C$41,0)*K21,"") | M21: =_xludf.IFNA(L21/_xlfn.XLOOKUP(H21,$B$27:$B$43,$F$27:$F$43,0),"") | O21: =_xludf.IFNA(_xlfn.XLOOKUP(H21,$B$27:$B$43,$E$27:$E$43),"")
B22: ='00_SKU_Master'!B374 | H22: =B22 | I22: =SUM(C22:F22) | J22: =SUMIF('13_Progress_Track'!$A$2:$A$108,B22,'13_Progress_Track'!$E$2:$E$108) | K22: =I22-J22 | L22: =_xludf.IFNA(_xlfn.XLOOKUP(H22,$B$27:$B$41,$C$27:$C$41,0)*K22,"") | M22: =_xludf.IFNA(L22/_xlfn.XLOOKUP(H22,$B$27:$B$43,$F$27:$F$43,0),"") | O22: =_xludf.IFNA(_xlfn.XLOOKUP(H22,$B$27:$B$43,$E$27:$E$43),"")
M23: =_xludf.IFNA(L23/_xlfn.XLOOKUP(H23,$B$27:$B$43,$F$27:$F$43,0),"") | O23: =_xludf.IFNA(_xlfn.XLOOKUP(H23,$B$27:$B$43,$E$27:$E$43),"")
Q26: Request
B27: 2050 | C27: 11.333345 | D27: 0.46 | E27: 61062 | F27: 600 | I27: Inventory | J27: 61062 | L27: 1151 | O27: 61062 | P27: =SUMIF($O$5:$O$25,O27,$L$5:$L$25) | Q27: =P27-L27 | R27: =Q27/_xlfn.XLOOKUP(O27,$E$27:$E$41,$F$27:$F$41)
B28: 2051 | C28: 10.945225 | D28: 0.14 | E28: 61073 | F28: 800 | J28: 61073 | L28: 2266 | O28: 61073 | P28: =SUMIF($O$5:$O$25,O28,$L$5:$L$25) | Q28: =P28-L28 | R28: =Q28/_xlfn.XLOOKUP(O28,$E$27:$E$41,$F$27:$F$41)
B29: 2051 | C29: 10.6 | D29: 0.14 | E29: 61073 | F29: 800 | J29: 61018 | L29: 788 | O29: 61018 | P29: =SUMIF($O$5:$O$25,O29,$L$5:$L$25) | Q29: =P29-L29 | R29: =Q29/_xlfn.XLOOKUP(O29,$E$27:$E$41,$F$27:$F$41)
B30: 2081 | C30: 11.244537 | D30: 0.105 | E30: 61018 | F30: 600 | J30: 61014B | O30: 61014B | P30: =SUMIF($O$5:$O$25,O30,$L$5:$L$25) | Q30: =P30-L30 | R30: =P30/_xlfn.XLOOKUP(O30,$E$27:$E$41,$F$27:$F$41)
B31: 2112 | C31: 13.5 | D31: 0.46 | E31: 61062 | F31: 800 | J31: 200157
B32: 2511 | C32: 14 | D32: 0.095 | E32: 61014B | F32: 600
B33: 7011 | C33: 9.6 | E33: W-Chicken | F33: 600 | J33: BSK | K33: =SUMIF(G5:G25,J33,D5:D25)
B34: 7113 | C34: 12.853 | E34: W-Chicken | F34: 600 | J34: BOX | K34: =SUMIF(G5:G25,J34,D5:D25)
B35: 7301 | C35: 12.6 | D35: 0.46 | E35: 61062 | F35: 800
B36: 200182 | C36: 9.9302222 | D36: 0.105 | E36: 61018 | F36: 600
B37: 200183 | C37: 9.0926639 | D37: 0.46 | E37: 61062 | F37: 800
B38: 200184 | C38: 8.982093 | D38: 0.14 | E38: 61073 | F38: 800
B39: 207526 | C39: 12 | D39: 0.46 | E39: 61062 | F39: 800
B40: 207527 | C40: 12 | D40: 0.46 | E40: 61062 | F40: 800
B41: 2513

Sheet 05_Daily_Orders
A1: Description | B1: SKU | C1: Cases Ordered - Orginal | D1: Cases Added On | E1: Cases Completed | F1: Extra Cases Produced | G1: Cases Remaining | H1: Tray/box | I1: Don’t change | J1: Tray/Min | K1: Speed | L1: Category | M1: Today's Order
A2: ='00_SKU_Master'!J94 | B2: ='00_SKU_Master'!B94 | C2: =_xlfn.XLOOKUP(B3,'02_TrayPack_Order'!$A$2:$A$264,'02_TrayPack_Order'!$C$2:$C$264) | D2: =_xlfn.XLOOKUP(B3,'02_TrayPack_Order'!$A$2:$A$264,'02_TrayPack_Order'!$L$2:$L$264,0) | E2: =SUMIF('13_Progress_Track'!$A$2:$A$108,B3,'13_Progress_Track'!$E$2:$E$108) | F2: =IF(E3>(C3+D3),(E3-(C3+D3)),0) | G2: =IF(F3>0,0,C3+D3-E3) | H2: =_xludf.IFNA(_xlfn.XLOOKUP(B3,'00_SKU_Master'!$B$2:$B$378,'00_SKU_Master'!$C$2:$C$378),"") | J2: =_xludf.IFNA(_xlfn.XLOOKUP(B3,'00_SKU_Master'!B$2:B$378,'00_SKU_Master'!H$2:H$378,0),"") | K2: =_xludf.IFNA(_xlfn.XLOOKUP(B3,'00_SKU_Master'!B$2:B$378,'00_SKU_Master'!K$2:K$378,0),"") | L2: =_xlfn.XLOOKUP(B3,'00_SKU_Master'!$B$2:$B$378,'00_SKU_Master'!D:D) | M2: =IF((C3-E3)<0,0,C3-E3)
A3: ='00_SKU_Master'!J95 | B3: ='00_SKU_Master'!B95 | C3: =_xlfn.XLOOKUP(B4,'02_TrayPack_Order'!$A$2:$A$264,'02_TrayPack_Order'!$C$2:$C$264) | D3: =_xlfn.XLOOKUP(B4,'02_TrayPack_Order'!$A$2:$A$264,'02_TrayPack_Order'!$L$2:$L$264,0) | E3: =SUMIF('13_Progress_Track'!$A$2:$A$108,B4,'13_Progress_Track'!$E$2:$E$108) | F3: =IF(E4>(C4+D4),(E4-(C4+D4)),0) | G3: =IF(F4>0,0,C4+D4-E4) | H3: =_xludf.IFNA(_xlfn.XLOOKUP(B4,'00_SKU_Master'!$B$2:$B$378,'00_SKU_Master'!$C$2:$C$378),"") | J3: =_xludf.IFNA(_xlfn.XLOOKUP(B4,'00_SKU_Master'!B$2:B$378,'00_SKU_Master'!H$2:H$378,0),"") | K3: =_xludf.IFNA(_xlfn.XLOOKUP(B4,'00_SKU_Master'!B$2:B$378,'00_SKU_Master'!K$2:K$378,0),"") | L3: =_xlfn.XLOOKUP(B4,'00_SKU_Master'!$B$2:$B$378,'00_SKU_Master'!D:D) | M3: =IF((C4-E4)<0,0,C4-E4)
A4: ='00_SKU_Master'!J96 | B4: ='00_SKU_Master'!B96 | C4: =_xlfn.XLOOKUP(B5,'02_TrayPack_Order'!$A$2:$A$264,'02_TrayPack_Order'!$C$2:$C$264) | D4: =_xlfn.XLOOKUP(B5,'02_TrayPack_Order'!$A$2:$A$264,'02_TrayPack_Order'!$L$2:$L$264,0) | E4: =SUMIF('13_Progress_Track'!$A$2:$A$108,B5,'13_Progress_Track'!$E$2:$E$108) | F4: =IF(E5>(C5+D5),(E5-(C5+D5)),0) | G4: =IF(F5>0,0,C5+D5-E5) | H4: =_xludf.IFNA(_xlfn.XLOOKUP(B5,'00_SKU_Master'!$B$2:$B$378,'00_SKU_Master'!$C$2:$C$378),"") | J4: =_xludf.IFNA(_xlfn.XLOOKUP(B5,'00_SKU_Master'!B$2:B$378,'00_SKU_Master'!H$2:H$378,0),"") | K4: =_xludf.IFNA(_xlfn.XLOOKUP(B5,'00_SKU_Master'!B$2:B$378,'00_SKU_Master'!K$2:K$378,0),"") | L4: =_xlfn.XLOOKUP(B5,'00_SKU_Master'!$B$2:$B$378,'00_SKU_Master'!D:D) | M4: =IF((C5-E5)<0,0,C5-E5)
A5: ='00_SKU_Master'!J97 | B5: ='00_SKU_Master'!B97 | C5: =_xlfn.XLOOKUP(B6,'02_TrayPack_Order'!$A$2:$A$264,'02_TrayPack_Order'!$C$2:$C$264) | D5: =_xlfn.XLOOKUP(B6,'02_TrayPack_Order'!$A$2:$A$264,'02_TrayPack_Order'!$L$2:$L$264,0) | E5: =SUMIF('13_Progress_Track'!$A$2:$A$108,B6,'13_Progress_Track'!$E$2:$E$108) | F5: =IF(E6>(C6+D6),(E6-(C6+D6)),0) | G5: =IF(F6>0,0,C6+D6-E6) | H5: =_xludf.IFNA(_xlfn.XLOOKUP(B6,'00_SKU_Master'!$B$2:$B$378,'00_SKU_Master'!$C$2:$C$378),"") | J5: =_xludf.IFNA(_xlfn.XLOOKUP(B6,'00_SKU_Master'!B$2:B$378,'00_SKU_Master'!H$2:H$378,0),"") | K5: =_xludf.IFNA(_xlfn.XLOOKUP(B6,'00_SKU_Master'!B$2:B$378,'00_SKU_Master'!K$2:K$378,0),"") | L5: =_xlfn.XLOOKUP(B6,'00_SKU_Master'!$B$2:$B$378,'00_SKU_Master'!D:D) | M5: =IF((C6-E6)<0,0,C6-E6)
A6: ='00_SKU_Master'!J98 | B6: ='00_SKU_Master'!B98 | C6: =_xlfn.XLOOKUP(B7,'02_TrayPack_Order'!$A$2:$A$264,'02_TrayPack_Order'!$C$2:$C$264) | D6: =_xlfn.XLOOKUP(B7,'02_TrayPack_Order'!$A$2:$A$264,'02_TrayPack_Order'!$L$2:$L$264,0) | E6: =SUMIF('13_Progress_Track'!$A$2:$A$108,B7,'13_Progress_Track'!$E$2:$E$108) | F6: =IF(E7>(C7+D7),(E7-(C7+D7)),0) | G6: =IF(F7>0,0,C7+D7-E7) | H6: =_xludf.IFNA(_xlfn.XLOOKUP(B7,'00_SKU_Master'!$B$2:$B$378,'00_SKU_Master'!$C$2:$C$378),"") | J6: =_xludf.IFNA(_xlfn.XLOOKUP(B7,'00_SKU_Master'!B$2:B$378,'00_SKU_Master'!H$2:H$378,0),"") | K6: =_xludf.IFNA(_xlfn.XLOOKUP(B7,'00_SKU_Master'!B$2:B$378,'00_SKU_Master'!K$2:K$378,0),"") | L6: =_xlfn.XLOOKUP(B7,'00_SKU_Master'!$B$2:$B$378,'00_SKU_Master'!D:D) | M6: =IF((C7-E7)<0,0,C7-E7)
A7: ='00_SKU_Master'!J99 | B7: ='00_SKU_Master'!B99 | C7: =_xlfn.XLOOKUP(B8,'02_TrayPack_Order'!$A$2:$A$264,'02_TrayPack_Order'!$C$2:$C$264) | D7: =_xlfn.XLOOKUP(B8,'02_TrayPack_Order'!$A$2:$A$264,'02_TrayPack_Order'!$L$2:$L$264,0) | E7: =SUMIF('13_Progress_Track'!$A$2:$A$108,B8,'13_Progress_Track'!$E$2:$E$108) | F7: =IF(E8>(C8+D8),(E8-(C8+D8)),0) | G7: =IF(F8>0,0,C8+D8-E8) | H7: =_xludf.IFNA(_xlfn.XLOOKUP(B8,'00_SKU_Master'!$B$2:$B$378,'00_SKU_Master'!$C$2:$C$378),"") | J7: =_xludf.IFNA(_xlfn.XLOOKUP(B8,'00_SKU_Master'!B$2:B$378,'00_SKU_Master'!H$2:H$378,0),"") | K7: =_xludf.IFNA(_xlfn.XLOOKUP(B8,'00_SKU_Master'!B$2:B$378,'00_SKU_Master'!K$2:K$378,0),"") | L7: =_xlfn.XLOOKUP(B8,'00_SKU_Master'!$B$2:$B$378,'00_SKU_Master'!D:D) | M7: =IF((C8-E8)<0,0,C8-E8)
A8: ='00_SKU_Master'!J100 | B8: ='00_SKU_Master'!B100 | C8: =_xlfn.XLOOKUP(B9,'02_TrayPack_Order'!$A$2:$A$264,'02_TrayPack_Order'!$C$2:$C$264) | D8: =_xlfn.XLOOKUP(B9,'02_TrayPack_Order'!$A$2:$A$264,'02_TrayPack_Order'!$L$2:$L$264,0) | E8: =SUMIF('13_Progress_Track'!$A$2:$A$108,B9,'13_Progress_Track'!$E$2:$E$108) | F8: =IF(E9>(C9+D9),(E9-(C9+D9)),0) | G8: =IF(F9>0,0,C9+D9-E9) | H8: =_xludf.IFNA(_xlfn.XLOOKUP(B9,'00_SKU_Master'!$B$2:$B$378,'00_SKU_Master'!$C$2:$C$378),"") | J8: =_xludf.IFNA(_xlfn.XLOOKUP(B9,'00_SKU_Master'!B$2:B$378,'00_SKU_Master'!H$2:H$378,0),"") | K8: =_xludf.IFNA(_xlfn.XLOOKUP(B9,'00_SKU_Master'!B$2:B$378,'00_SKU_Master'!K$2:K$378,0),"") | L8: =_xlfn.XLOOKUP(B9,'00_SKU_Master'!$B$2:$B$378,'00_SKU_Master'!D:D) | M8: =IF((C9-E9)<0,0,C9-E9)
A9: ='00_SKU_Master'!J101 | B9: ='00_SKU_Master'!B101 | C9: =_xlfn.XLOOKUP(B10,'02_TrayPack_Order'!$A$2:$A$264,'02_TrayPack_Order'!$C$2:$C$264) | D9: =_xlfn.XLOOKUP(B10,'02_TrayPack_Order'!$A$2:$A$264,'02_TrayPack_Order'!$L$2:$L$264,0) | E9: =SUMIF('13_Progress_Track'!$A$2:$A$108,B10,'13_Progress_Track'!$E$2:$E$108) | F9: =IF(E10>(C10+D10),(E10-(C10+D10)),0) | G9: =IF(F10>0,0,C10+D10-E10) | H9: =_xludf.IFNA(_xlfn.XLOOKUP(B10,'00_SKU_Master'!$B$2:$B$378,'00_SKU_Master'!$C$2:$C$378),"") | J9: =_xludf.IFNA(_xlfn.XLOOKUP(B10,'00_SKU_Master'!B$2:B$378,'00_SKU_Master'!H$2:H$378,0),"") | K9: =_xludf.IFNA(_xlfn.XLOOKUP(B10,'00_SKU_Master'!B$2:B$378,'00_SKU_Master'!K$2:K$378,0),"") | L9: =_xlfn.XLOOKUP(B10,'00_SKU_Master'!$B$2:$B$378,'00_SKU_Master'!D:D) | M9: =IF((C10-E10)<0,0,C10-E10)
A10: ='00_SKU_Master'!J102 | B10: ='00_SKU_Master'!B102 | C10: =_xlfn.XLOOKUP(B11,'02_TrayPack_Order'!$A$2:$A$264,'02_TrayPack_Order'!$C$2:$C$264) | D10: =_xlfn.XLOOKUP(B11,'02_TrayPack_Order'!$A$2:$A$264,'02_TrayPack_Order'!$L$2:$L$264,0) | E10: =SUMIF('13_Progress_Track'!$A$2:$A$108,B11,'13_Progress_Track'!$E$2:$E$108) | F10: =IF(E11>(C11+D11),(E11-(C11+D11)),0) | G10: =IF(F11>0,0,C11+D11-E11) | H10: =_xludf.IFNA(_xlfn.XLOOKUP(B11,'00_SKU_Master'!$B$2:$B$378,'00_SKU_Master'!$C$2:$C$378),"") | J10: =_xludf.IFNA(_xlfn.XLOOKUP(B11,'00_SKU_Master'!B$2:B$378,'00_SKU_Master'!H$2:H$378,0),"") | K10: =_xludf.IFNA(_xlfn.XLOOKUP(B11,'00_SKU_Master'!B$2:B$378,'00_SKU_Master'!K$2:K$378,0),"") | L10: =_xlfn.XLOOKUP(B11,'00_SKU_Master'!$B$2:$B$378,'00_SKU_Master'!D:D) | M10: =IF((C11-E11)<0,0,C11-E11)
A11: ='00_SKU_Master'!J103 | B11: ='00_SKU_Master'!B103 | C11: =_xlfn.XLOOKUP(B12,'02_TrayPack_Order'!$A$2:$A$264,'02_TrayPack_Order'!$C$2:$C$264) | D11: =_xlfn.XLOOKUP(B12,'02_TrayPack_Order'!$A$2:$A$264,'02_TrayPack_Order'!$L$2:$L$264,0) | E11: =SUMIF('13_Progress_Track'!$A$2:$A$108,B12,'13_Progress_Track'!$E$2:$E$108) | F11: =IF(E12>(C12+D12),(E12-(C12+D12)),0) | G11: =IF(F12>0,0,C12+D12-E12) | H11: =_xludf.IFNA(_xlfn.XLOOKUP(B12,'00_SKU_Master'!$B$2:$B$378,'00_SKU_Master'!$C$2:$C$378),"") | J11: =_xlfn.SINGLE(_xlfn.IFNA(_xlfn.XLOOKUP(B12,'00_SKU_Master'!B$2:B$378,'00_SKU_Master'!H$2:H$378,0),"")) | K11: =_xludf.IFNA(_xlfn.XLOOKUP(B12,'00_SKU_Master'!B$2:B$378,'00_SKU_Master'!K$2:K$378,0),"") | L11: =_xlfn.XLOOKUP(B12,'00_SKU_Master'!$B$2:$B$378,'00_SKU_Master'!D:D) | M11: =IF((C12-E12)<0,0,C12-E12)
A12: ='00_SKU_Master'!J104 | B12: ='00_SKU_Master'!B104 | C12: =_xlfn.XLOOKUP(B13,'02_TrayPack_Order'!$A$2:$A$264,'02_TrayPack_Order'!$C$2:$C$264) | D12: =_xlfn.XLOOKUP(B13,'02_TrayPack_Order'!$A$2:$A$264,'02_TrayPack_Order'!$L$2:$L$264,0) | E12: =SUMIF('13_Progress_Track'!$A$2:$A$108,B13,'13_Progress_Track'!$E$2:$E$108) | F12: =IF(E13>(C13+D13),(E13-(C13+D13)),0) | G12: =IF(F13>0,0,C13+D13-E13) | H12: =_xludf.IFNA(_xlfn.XLOOKUP(B13,'00_SKU_Master'!$B$2:$B$378,'00_SKU_Master'!$C$2:$C$378),"") | J12: =_xludf.IFNA(_xlfn.XLOOKUP(B13,'00_SKU_Master'!B$2:B$378,'00_SKU_Master'!H$2:H$378,0),"") | K12: =_xludf.IFNA(_xlfn.XLOOKUP(B13,'00_SKU_Master'!B$2:B$378,'00_SKU_Master'!K$2:K$378,0),"") | L12: =_xlfn.XLOOKUP(B13,'00_SKU_Master'!$B$2:$B$378,'00_SKU_Master'!D:D) | M12: =IF((C13-E13)<0,0,C13-E13)
A13: ='00_SKU_Master'!J105 | B13: ='00_SKU_Master'!B105 | C13: =_xlfn.XLOOKUP(B14,'02_TrayPack_Order'!$A$2:$A$264,'02_TrayPack_Order'!$C$2:$C$264) | D13: =_xlfn.XLOOKUP(B14,'02_TrayPack_Order'!$A$2:$A$264,'02_TrayPack_Order'!$L$2:$L$264,0) | E13: =SUMIF('13_Progress_Track'!$A$2:$A$108,B14,'13_Progress_Track'!$E$2:$E$108) | F13: =IF(E14>(C14+D14),(E14-(C14+D14)),0) | G13: =IF(F14>0,0,C14+D14-E14) | H13: =_xludf.IFNA(_xlfn.XLOOKUP(B14,'00_SKU_Master'!$B$2:$B$378,'00_SKU_Master'!$C$2:$C$378),"") | J13: =_xludf.IFNA(_xlfn.XLOOKUP(B14,'00_SKU_Master'!B$2:B$378,'00_SKU_Master'!H$2:H$378,0),"") | K13: =_xludf.IFNA(_xlfn.XLOOKUP(B14,'00_SKU_Master'!B$2:B$378,'00_SKU_Master'!K$2:K$378,0),"") | L13: =_xlfn.XLOOKUP(B14,'00_SKU_Master'!$B$2:$B$378,'00_SKU_Master'!D:D) | M13: =IF((C14-E14)<0,0,C14-E14)
A14: ='00_SKU_Master'!J106 | B14: ='00_SKU_Master'!B106 | C14: =_xlfn.XLOOKUP(B15,'02_TrayPack_Order'!$A$2:$A$264,'02_TrayPack_Order'!$C$2:$C$264) | D14: =_xlfn.XLOOKUP(B15,'02_TrayPack_Order'!$A$2:$A$264,'02_TrayPack_Order'!$L$2:$L$264,0) | E14: =SUMIF('13_Progress_Track'!$A$2:$A$108,B15,'13_Progress_Track'!$E$2:$E$108) | F14: =IF(E15>(C15+D15),(E15-(C15+D15)),0) | G14: =IF(F15>0,0,C15+D15-E15) | H14: =_xludf.IFNA(_xlfn.XLOOKUP(B15,'00_SKU_Master'!$B$2:$B$378,'00_SKU_Master'!$C$2:$C$378),"") | J14: =_xludf.IFNA(_xlfn.XLOOKUP(B15,'00_SKU_Master'!B$2:B$378,'00_SKU_Master'!H$2:H$378,0),"") | K14: =_xludf.IFNA(_xlfn.XLOOKUP(B15,'00_SKU_Master'!B$2:B$378,'00_SKU_Master'!K$2:K$378,0),"") | L14: =_xlfn.XLOOKUP(B15,'00_SKU_Master'!$B$2:$B$378,'00_SKU_Master'!D:D) | M14: =IF((C15-E15)<0,0,C15-E15)
A15: ='00_SKU_Master'!J107 | B15: ='00_SKU_Master'!B107 | C15: =_xlfn.XLOOKUP(B16,'02_TrayPack_Order'!$A$2:$A$264,'02_TrayPack_Order'!$C$2:$C$264) | D15: =_xlfn.XLOOKUP(B16,'02_TrayPack_Order'!$A$2:$A$264,'02_TrayPack_Order'!$L$2:$L$264,0) | E15: =SUMIF('13_Progress_Track'!$A$2:$A$108,B16,'13_Progress_Track'!$E$2:$E$108) | F15: =IF(E16>(C16+D16),(E16-(C16+D16)),0) | G15: =IF(F16>0,0,C16+D16-E16) | H15: =_xludf.IFNA(_xlfn.XLOOKUP(B16,'00_SKU_Master'!$B$2:$B$378,'00_SKU_Master'!$C$2:$C$378),"") | J15: =_xludf.IFNA(_xlfn.XLOOKUP(B16,'00_SKU_Master'!B$2:B$378,'00_SKU_Master'!H$2:H$378,0),"") | K15: =_xludf.IFNA(_xlfn.XLOOKUP(B16,'00_SKU_Master'!B$2:B$378,'00_SKU_Master'!K$2:K$378,0),"") | L15: =_xlfn.XLOOKUP(B16,'00_SKU_Master'!$B$2:$B$378,'00_SKU_Master'!D:D) | M15: =IF((C16-E16)<0,0,C16-E16)
A16: ='00_SKU_Master'!J108 | B16: ='00_SKU_Master'!B108 | C16: =_xlfn.XLOOKUP(B17,'02_TrayPack_Order'!$A$2:$A$264,'02_TrayPack_Order'!$C$2:$C$264) | D16: =_xlfn.XLOOKUP(B17,'02_TrayPack_Order'!$A$2:$A$264,'02_TrayPack_Order'!$L$2:$L$264,0) | E16: =SUMIF('13_Progress_Track'!$A$2:$A$108,B17,'13_Progress_Track'!$E$2:$E$108) | F16: =IF(E17>(C17+D17),(E17-(C17+D17)),0) | G16: =IF(F17>0,0,C17+D17-E17) | H16: =_xludf.IFNA(_xlfn.XLOOKUP(B17,'00_SKU_Master'!$B$2:$B$378,'00_SKU_Master'!$C$2:$C$378),"") | J16: =_xludf.IFNA(_xlfn.XLOOKUP(B17,'00_SKU_Master'!B$2:B$378,'00_SKU_Master'!H$2:H$378,0),"") | K16: =_xludf.IFNA(_xlfn.XLOOKUP(B17,'00_SKU_Master'!B$2:B$378,'00_SKU_Master'!K$2:K$378,0),"") | L16: =_xlfn.XLOOKUP(B17,'00_SKU_Master'!$B$2:$B$378,'00_SKU_Master'!D:D) | M16: =IF((C17-E17)<0,0,C17-E17)
A17: ='00_SKU_Master'!J109 | B17: ='00_SKU_Master'!B109 | C17: =_xlfn.XLOOKUP(B18,'02_TrayPack_Order'!$A$2:$A$264,'02_TrayPack_Order'!$C$2:$C$264) | D17: =_xlfn.XLOOKUP(B18,'02_TrayPack_Order'!$A$2:$A$264,'02_TrayPack_Order'!$L$2:$L$264,0) | E17: =SUMIF('13_Progress_Track'!$A$2:$A$108,B18,'13_Progress_Track'!$E$2:$E$108) | F17: =IF(E18>(C18+D18),(E18-(C18+D18)),0) | G17: =IF(F18>0,0,C18+D18-E18) | H17: =_xludf.IFNA(_xlfn.XLOOKUP(B18,'00_SKU_Master'!$B$2:$B$378,'00_SKU_Master'!$C$2:$C$378),"") | J17: =_xludf.IFNA(_xlfn.XLOOKUP(B18,'00_SKU_Master'!B$2:B$378,'00_SKU_Master'!H$2:H$378,0),"") | K17: =_xludf.IFNA(_xlfn.XLOOKUP(B18,'00_SKU_Master'!B$2:B$378,'00_SKU_Master'!K$2:K$378,0),"") | L17: =_xlfn.XLOOKUP(B18,'00_SKU_Master'!$B$2:$B$378,'00_SKU_Master'!D:D) | M17: =IF((C18-E18)<0,0,C18-E18)
A18: ='00_SKU_Master'!J110 | B18: ='00_SKU_Master'!B110 | C18: =_xlfn.XLOOKUP(B19,'02_TrayPack_Order'!$A$2:$A$264,'02_TrayPack_Order'!$C$2:$C$264) | D18: =_xlfn.XLOOKUP(B19,'02_TrayPack_Order'!$A$2:$A$264,'02_TrayPack_Order'!$L$2:$L$264,0) | E18: =SUMIF('13_Progress_Track'!$A$2:$A$108,B19,'13_Progress_Track'!$E$2:$E$108) | F18: =IF(E19>(C19+D19),(E19-(C19+D19)),0) | G18: =IF(F19>0,0,C19+D19-E19) | H18: =_xludf.IFNA(_xlfn.XLOOKUP(B19,'00_SKU_Master'!$B$2:$B$378,'00_SKU_Master'!$C$2:$C$378),"") | J18: =_xludf.IFNA(_xlfn.XLOOKUP(B19,'00_SKU_Master'!B$2:B$378,'00_SKU_Master'!H$2:H$378,0),"") | K18: =_xludf.IFNA(_xlfn.XLOOKUP(B19,'00_SKU_Master'!B$2:B$378,'00_SKU_Master'!K$2:K$378,0),"") | L18: =_xlfn.XLOOKUP(B19,'00_SKU_Master'!$B$2:$B$378,'00_SKU_Master'!D:D) | M18: =IF((C19-E19)<0,0,C19-E19)
A19: ='00_SKU_Master'!J111 | B19: ='00_SKU_Master'!B111 | C19: =_xlfn.XLOOKUP(B20,'02_TrayPack_Order'!$A$2:$A$264,'02_TrayPack_Order'!$C$2:$C$264) | D19: =_xlfn.XLOOKUP(B20,'02_TrayPack_Order'!$A$2:$A$264,'02_TrayPack_Order'!$L$2:$L$264,0) | E19: =SUMIF('13_Progress_Track'!$A$2:$A$108,B20,'13_Progress_Track'!$E$2:$E$108) | F19: =IF(E20>(C20+D20),(E20-(C20+D20)),0) | G19: =IF(F20>0,0,C20+D20-E20) | H19: =_xludf.IFNA(_xlfn.XLOOKUP(B20,'00_SKU_Master'!$B$2:$B$378,'00_SKU_Master'!$C$2:$C$378),"") | J19: =_xludf.IFNA(_xlfn.XLOOKUP(B20,'00_SKU_Master'!B$2:B$378,'00_SKU_Master'!H$2:H$378,0),"") | K19: =_xludf.IFNA(_xlfn.XLOOKUP(B20,'00_SKU_Master'!B$2:B$378,'00_SKU_Master'!K$2:K$378,0),"") | L19: =_xlfn.XLOOKUP(B20,'00_SKU_Master'!$B$2:$B$378,'00_SKU_Master'!D:D) | M19: =IF((C20-E20)<0,0,C20-E20)
A20: ='00_SKU_Master'!J112 | B20: ='00_SKU_Master'!B112 | C20: =_xlfn.XLOOKUP(B21,'02_TrayPack_Order'!$A$2:$A$264,'02_TrayPack_Order'!$C$2:$C$264) | D20: =_xlfn.XLOOKUP(B21,'02_TrayPack_Order'!$A$2:$A$264,'02_TrayPack_Order'!$L$2:$L$264,0) | E20: =SUMIF('13_Progress_Track'!$A$2:$A$108,B21,'13_Progress_Track'!$E$2:$E$108) | F20: =IF(E21>(C21+D21),(E21-(C21+D21)),0) | G20: =IF(F21>0,0,C21+D21-E21) | H20: =_xludf.IFNA(_xlfn.XLOOKUP(B21,'00_SKU_Master'!$B$2:$B$378,'00_SKU_Master'!$C$2:$C$378),"") | J20: =_xludf.IFNA(_xlfn.XLOOKUP(B21,'00_SKU_Master'!B$2:B$378,'00_SKU_Master'!H$2:H$378,0),"") | K20: =_xludf.IFNA(_xlfn.XLOOKUP(B21,'00_SKU_Master'!B$2:B$378,'00_SKU_Master'!K$2:K$378,0),"") | L20: =_xlfn.XLOOKUP(B21,'00_SKU_Master'!$B$2:$B$378,'00_SKU_Master'!D:D) | M20: =IF((C21-E21)<0,0,C21-E21)
A21: ='00_SKU_Master'!J113 | B21: ='00_SKU_Master'!B113 | C21: =_xlfn.XLOOKUP(B22,'02_TrayPack_Order'!$A$2:$A$264,'02_TrayPack_Order'!$C$2:$C$264) | D21: =_xlfn.XLOOKUP(B22,'02_TrayPack_Order'!$A$2:$A$264,'02_TrayPack_Order'!$L$2:$L$264,0) | E21: =SUMIF('13_Progress_Track'!$A$2:$A$108,B22,'13_Progress_Track'!$E$2:$E$108) | F21: =IF(E22>(C22+D22),(E22-(C22+D22)),0) | G21: =IF(F22>0,0,C22+D22-E22) | H21: =_xludf.IFNA(_xlfn.XLOOKUP(B22,'00_SKU_Master'!$B$2:$B$378,'00_SKU_Master'!$C$2:$C$378),"") | J21: =_xludf.IFNA(_xlfn.XLOOKUP(B22,'00_SKU_Master'!B$2:B$378,'00_SKU_Master'!H$2:H$378,0),"") | K21: =_xludf.IFNA(_xlfn.XLOOKUP(B22,'00_SKU_Master'!B$2:B$378,'00_SKU_Master'!K$2:K$378,0),"") | L21: =_xlfn.XLOOKUP(B22,'00_SKU_Master'!$B$2:$B$378,'00_SKU_Master'!D:D) | M21: =IF((C22-E22)<0,0,C22-E22)
A22: ='00_SKU_Master'!J114 | B22: ='00_SKU_Master'!B114 | C22: =_xlfn.XLOOKUP(B23,'02_TrayPack_Order'!$A$2:$A$264,'02_TrayPack_Order'!$C$2:$C$264) | D22: =_xlfn.XLOOKUP(B23,'02_TrayPack_Order'!$A$2:$A$264,'02_TrayPack_Order'!$L$2:$L$264,0) | E22: =SUMIF('13_Progress_Track'!$A$2:$A$108,B23,'13_Progress_Track'!$E$2:$E$108) | F22: =IF(E23>(C23+D23),(E23-(C23+D23)),0) | G22: =IF(F23>0,0,C23+D23-E23) | H22: =_xludf.IFNA(_xlfn.XLOOKUP(B23,'00_SKU_Master'!$B$2:$B$378,'00_SKU_Master'!$C$2:$C$378),"") | J22: =_xludf.IFNA(_xlfn.XLOOKUP(B23,'00_SKU_Master'!B$2:B$378,'00_SKU_Master'!H$2:H$378,0),"") | K22: =_xludf.IFNA(_xlfn.XLOOKUP(B23,'00_SKU_Master'!B$2:B$378,'00_SKU_Master'!K$2:K$378,0),"") | L22: =_xlfn.XLOOKUP(B23,'00_SKU_Master'!$B$2:$B$378,'00_SKU_Master'!D:D) | M22: =IF((C23-E23)<0,0,C23-E23)
A23: ='00_SKU_Master'!J115 | B23: ='00_SKU_Master'!B115 | C23: =_xlfn.XLOOKUP(B24,'02_TrayPack_Order'!$A$2:$A$264,'02_TrayPack_Order'!$C$2:$C$264) | D23: =_xlfn.XLOOKUP(B24,'02_TrayPack_Order'!$A$2:$A$264,'02_TrayPack_Order'!$L$2:$L$264,0) | E23: =SUMIF('13_Progress_Track'!$A$2:$A$108,B24,'13_Progress_Track'!$E$2:$E$108) | F23: =IF(E24>(C24+D24),(E24-(C24+D24)),0) | G23: =IF(F24>0,0,C24+D24-E24) | H23: =_xludf.IFNA(_xlfn.XLOOKUP(B24,'00_SKU_Master'!$B$2:$B$378,'00_SKU_Master'!$C$2:$C$378),"") | J23: =_xludf.IFNA(_xlfn.XLOOKUP(B24,'00_SKU_Master'!B$2:B$378,'00_SKU_Master'!H$2:H$378,0),"") | K23: =_xludf.IFNA(_xlfn.XLOOKUP(B24,'00_SKU_Master'!B$2:B$378,'00_SKU_Master'!K$2:K$378,0),"") | L23: =_xlfn.XLOOKUP(B24,'00_SKU_Master'!$B$2:$B$378,'00_SKU_Master'!D:D) | M23: =IF((C24-E24)<0,0,C24-E24)
... A264: ='00_SKU_Master'!J356 | B264: ='00_SKU_Master'!B356 | C264: =_xlfn.XLOOKUP(B265,'02_TrayPack_Order'!$A$2:$A$264,'02_TrayPack_Order'!$C$2:$C$264) | D264: =_xlfn.XLOOKUP(B265,'02_TrayPack_Order'!$A$2:$A$264,'02_TrayPack_Order'!$L$2:$L$264,0) | E264: =SUMIF('13_Progress_Track'!$A$2:$A$108,B265,'13_Progress_Track'!$E$2:$E$108) | F264: =IF(E265>(C265+D265),(E265-(C265+D265)),0) | G264: =IF(F265>0,0,C265+D265-E265) | H264: =_xludf.IFNA(_xlfn.XLOOKUP(B265,'00_SKU_Master'!$B$2:$B$378,'00_SKU_Master'!$C$2:$C$378),"") | J264: =_xludf.IFNA(_xlfn.XLOOKUP(B265,'00_SKU_Master'!B$2:B$378,'00_SKU_Master'!H$2:H$378,0),"") | K264: =_xludf.IFNA(_xlfn.XLOOKUP(B265,'00_SKU_Master'!B$2:B$378,'00_SKU_Master'!K$2:K$378,0),"") | L264: =_xlfn.XLOOKUP(B265,'00_SKU_Master'!$B$2:$B$378,'00_SKU_Master'!D:D) | M264: =IF((C265-E265)<0,0,C265-E265)

Sheet 06_Resource_Plan
B1: Product Sub-Category | C1: Potential RAW SKU | D1: Cases of Raw Required | E1: Cases of Raw in Inventory | F1: Today's order Reqeust | G1: Next Order Request | J1: Supply# | K1: Cases of RAW Required | L1: Inventory | M1: Request
B2: =_xlfn.XLOOKUP(C3,'00_SKU_Master'!$B$2:$B$378,'00_SKU_Master'!J:J) | C2: 61010 | D2: =CEILING(SUMIF('00_SKU_Master'!$C$2:$C$378,C3,'00_SKU_Master'!S:S),1)/25 | E2: =_xludf.IFNA(_xlfn.XLOOKUP(C3,J:J,L:L),"0") | F2: =D3-E3 | G2: =SUMIF('02_TrayPack_Order'!M4:M256,C3,'02_TrayPack_Order'!T4:T256) | J2: 61086 | L2: 14
B3: =_xlfn.XLOOKUP(C4,'00_SKU_Master'!$B$2:$B$378,'00_SKU_Master'!J:J) | C3: 61014 | D3: =CEILING(SUMIF('00_SKU_Master'!$C$2:$C$378,C4,'00_SKU_Master'!S:S),1)/25 | E3: =_xludf.IFNA(_xlfn.XLOOKUP(C4,J:J,L:L),"0") | F3: =D4-E4 | G3: =SUMIF('02_TrayPack_Order'!M5:M257,C4,'02_TrayPack_Order'!T5:T257) | J3: 61072 | L3: 25
B4: =_xlfn.XLOOKUP(C5,'00_SKU_Master'!$B$2:$B$378,'00_SKU_Master'!J:J) | C4: 61018 | D4: =CEILING(SUMIF('00_SKU_Master'!$C$2:$C$378,C5,'00_SKU_Master'!S:S),1)/25 | E4: =_xludf.IFNA(_xlfn.XLOOKUP(C5,J:J,L:L),"0") | F4: =D5-E5 | G4: =SUMIF('02_TrayPack_Order'!M6:M258,C5,'02_TrayPack_Order'!T6:T258) | J4: 61050
B5: =_xlfn.XLOOKUP(C6,'00_SKU_Master'!$B$2:$B$378,'00_SKU_Master'!J:J) | C5: 61040 | D5: =CEILING(SUMIF('00_SKU_Master'!$C$2:$C$378,C6,'00_SKU_Master'!S:S),1)/25 | E5: =_xludf.IFNA(_xlfn.XLOOKUP(C6,J:J,L:L),"0") | F5: =D6-E6 | G5: =SUMIF('02_TrayPack_Order'!M7:M259,C6,'02_TrayPack_Order'!T7:T259) | J5: 61014 | L5: 73
B6: =_xlfn.XLOOKUP(C7,'00_SKU_Master'!$B$2:$B$378,'00_SKU_Master'!J:J) | C6: 61050 | D6: =CEILING(SUMIF('00_SKU_Master'!$C$2:$C$378,C7,'00_SKU_Master'!S:S),1)/25 | E6: =_xludf.IFNA(_xlfn.XLOOKUP(C7,J:J,L:L),"0") | F6: =D7-E7 | G6: =SUMIF('02_TrayPack_Order'!M8:M260,C7,'02_TrayPack_Order'!T8:T260) | J6: 61040
B7: =_xlfn.XLOOKUP(C8,'00_SKU_Master'!$B$2:$B$378,'00_SKU_Master'!J:J) | C7: 61052 | D7: =CEILING(SUMIF('00_SKU_Master'!$C$2:$C$378,C8,'00_SKU_Master'!S:S),1)/25 | E7: =_xludf.IFNA(_xlfn.XLOOKUP(C8,J:J,L:L),"0") | F7: =D8-E8 | G7: =SUMIF('02_TrayPack_Order'!M9:M261,C8,'02_TrayPack_Order'!T9:T261) | J7: 61048
B8: =_xlfn.XLOOKUP(C9,'00_SKU_Master'!$B$2:$B$378,'00_SKU_Master'!J:J) | C8: 61054 | D8: =CEILING(SUMIF('00_SKU_Master'!$C$2:$C$378,C9,'00_SKU_Master'!S:S),1)/25 | E8: =_xludf.IFNA(_xlfn.XLOOKUP(C9,J:J,L:L),"0") | F8: =D9-E9 | G8: =SUMIF('02_TrayPack_Order'!M10:M262,C9,'02_TrayPack_Order'!T10:T262) | J8: 61077F | L8: 19
B9: =_xlfn.XLOOKUP(C10,'00_SKU_Master'!$B$2:$B$378,'00_SKU_Master'!J:J) | C9: 61055 | D9: =CEILING(SUMIF('00_SKU_Master'!$C$2:$C$378,C10,'00_SKU_Master'!S:S),1)/25 | E9: =_xludf.IFNA(_xlfn.XLOOKUP(C10,J:J,L:L),"0") | F9: =D10-E10 | G9: =SUMIF('02_TrayPack_Order'!M11:M263,C10,'02_TrayPack_Order'!T11:T263) | J9: 61072F | L9: 67
B10: =_xlfn.XLOOKUP(C11,'00_SKU_Master'!$B$2:$B$378,'00_SKU_Master'!J:J) | C10: 61061 | D10: =CEILING(SUMIF('00_SKU_Master'!$C$2:$C$378,C11,'00_SKU_Master'!S:S),1)/25 | E10: =_xludf.IFNA(_xlfn.XLOOKUP(C11,J:J,L:L),"0") | F10: =D11-E11 | G10: =SUMIF('02_TrayPack_Order'!M12:M264,C11,'02_TrayPack_Order'!T12:T264) | J10: 61086F | L10: 104
B11: =_xlfn.XLOOKUP(C12,'00_SKU_Master'!$B$2:$B$378,'00_SKU_Master'!J:J) | C11: 61064 | D11: =CEILING(SUMIF('00_SKU_Master'!$C$2:$C$378,C12,'00_SKU_Master'!S:S),1)/25 | E11: =_xludf.IFNA(_xlfn.XLOOKUP(C12,J:J,L:L),"0") | F11: =D12-E12 | G11: =SUMIF('02_TrayPack_Order'!M13:M265,C12,'02_TrayPack_Order'!T13:T265) | J11: 61050F | L11: 166
B12: =_xlfn.XLOOKUP(C13,'00_SKU_Master'!$B$2:$B$378,'00_SKU_Master'!J:J) | C12: 61062 | D12: =CEILING(SUMIF('00_SKU_Master'!$C$2:$C$378,C13,'00_SKU_Master'!S:S),1)/25 | E12: =_xludf.IFNA(_xlfn.XLOOKUP(C13,J:J,L:L),"0") | F12: =D13-E13 | G12: =SUMIF('02_TrayPack_Order'!M14:M266,C13,'02_TrayPack_Order'!T14:T266) | J12: 61054 | L12: 2
B13: =_xlfn.XLOOKUP(C14,'00_SKU_Master'!$B$2:$B$378,'00_SKU_Master'!J:J) | C13: 61071 | D13: =CEILING(SUMIF('00_SKU_Master'!$C$2:$C$378,C14,'00_SKU_Master'!S:S),1)/25 | E13: =_xludf.IFNA(_xlfn.XLOOKUP(C14,J:J,L:L),"0") | F13: =D14-E14 | G13: =SUMIF('02_TrayPack_Order'!M15:M267,C14,'02_TrayPack_Order'!T15:T267) | J13: 61014F
B14: =_xlfn.XLOOKUP(C15,'00_SKU_Master'!$B$2:$B$378,'00_SKU_Master'!J:J) | C14: 61072 | D14: =CEILING(SUMIF('00_SKU_Master'!$C$2:$C$378,C15,'00_SKU_Master'!S:S),1)/25 | E14: =_xludf.IFNA(_xlfn.XLOOKUP(C15,J:J,L:L),"0") | F14: =D15-E15 | G14: =SUMIF('02_TrayPack_Order'!M16:M268,C15,'02_TrayPack_Order'!T16:T268) | J14: 61061F
B15: =_xlfn.XLOOKUP(C16,'00_SKU_Master'!$B$2:$B$378,'00_SKU_Master'!J:J) | C15: 61073 | D15: =CEILING(SUMIF('00_SKU_Master'!$C$2:$C$378,C16,'00_SKU_Master'!S:S),1)/25 | E15: =_xludf.IFNA(_xlfn.XLOOKUP(C16,J:J,L:L),"0") | F15: =D16-E16 | G15: =SUMIF('02_TrayPack_Order'!M17:M269,C16,'02_TrayPack_Order'!T17:T269) | J15: 61052
B16: =_xlfn.XLOOKUP(C17,'00_SKU_Master'!$B$2:$B$378,'00_SKU_Master'!J:J) | C16: 61077 | D16: =CEILING(SUMIF('00_SKU_Master'!$C$2:$C$378,C17,'00_SKU_Master'!S:S),1)/25 | E16: =_xludf.IFNA(_xlfn.XLOOKUP(C17,J:J,L:L),"0") | F16: =D17-E17 | G16: =SUMIF('02_TrayPack_Order'!M18:M270,C17,'02_TrayPack_Order'!T18:T270) | J16: 61078
B17: =_xlfn.XLOOKUP(C18,'00_SKU_Master'!$B$2:$B$378,'00_SKU_Master'!J:J) | C17: 61078 | D17: =CEILING(SUMIF('00_SKU_Master'!$C$2:$C$378,C18,'00_SKU_Master'!S:S),1)/25 | E17: =_xludf.IFNA(_xlfn.XLOOKUP(C18,J:J,L:L),"0") | F17: =D18-E18 | G17: =SUMIF('02_TrayPack_Order'!M19:M271,C18,'02_TrayPack_Order'!T19:T271) | J17: 61050C | L17: 325
B18: =_xlfn.XLOOKUP(C19,'00_SKU_Master'!$B$2:$B$378,'00_SKU_Master'!J:J) | C18: 61082 | D18: =CEILING(SUMIF('00_SKU_Master'!$C$2:$C$378,C19,'00_SKU_Master'!S:S),1)/25 | E18: =_xludf.IFNA(_xlfn.XLOOKUP(C19,J:J,L:L),"0") | F18: =D19-E19 | G18: =SUMIF('02_TrayPack_Order'!M20:M272,C19,'02_TrayPack_Order'!T20:T272) | J18: 61086C
B19: =_xlfn.XLOOKUP(C20,'00_SKU_Master'!$B$2:$B$378,'00_SKU_Master'!J:J) | C19: 61086 | D19: =CEILING(SUMIF('00_SKU_Master'!$C$2:$C$378,C20,'00_SKU_Master'!S:S),1)/25 | E19: =_xludf.IFNA(_xlfn.XLOOKUP(C20,J:J,L:L),"0") | F19: =D20-E20 | G19: =SUMIF('02_TrayPack_Order'!M21:M273,C20,'02_TrayPack_Order'!T21:T273) | J19: 61072C
B20: =_xlfn.XLOOKUP(C21,'00_SKU_Master'!$B$2:$B$378,'00_SKU_Master'!J:J) | C20: 61104 | D20: =CEILING(SUMIF('00_SKU_Master'!$C$2:$C$378,C21,'00_SKU_Master'!S:S),1)/25 | E20: =_xludf.IFNA(_xlfn.XLOOKUP(C21,J:J,L:L),"0") | F20: =D21-E21 | G20: =SUMIF('02_TrayPack_Order'!M22:M274,C21,'02_TrayPack_Order'!T22:T274) | J20: 61014C
B21: =_xlfn.XLOOKUP(C22,'00_SKU_Master'!$B$2:$B$378,'00_SKU_Master'!J:J) | C21: 61121 | D21: =CEILING(SUMIF('00_SKU_Master'!$C$2:$C$378,C22,'00_SKU_Master'!S:S),1)/25 | E21: =_xludf.IFNA(_xlfn.XLOOKUP(C22,J:J,L:L),"0") | F21: =D22-E22 | G21: =SUMIF('02_TrayPack_Order'!M23:M275,C22,'02_TrayPack_Order'!T23:T275) | J21: 61040#2
B22: =_xlfn.XLOOKUP(C23,'00_SKU_Master'!$B$2:$B$378,'00_SKU_Master'!J:J) | C22: 200157 | D22: =CEILING(SUMIF('00_SKU_Master'!$C$2:$C$378,C23,'00_SKU_Master'!S:S),1)/25 | E22: =_xludf.IFNA(_xlfn.XLOOKUP(C23,J:J,L:L),"0") | F22: =D23-E23 | G22: =SUMIF('02_TrayPack_Order'!M24:M276,C23,'02_TrayPack_Order'!T24:T276) | J22: 61048#2 | L22: 6
B23: =_xlfn.XLOOKUP(C24,'00_SKU_Master'!$B$2:$B$378,'00_SKU_Master'!J:J) | C23: 203043 | D23: =CEILING(SUMIF('00_SKU_Master'!$C$2:$C$378,C24,'00_SKU_Master'!S:S),1)/25 | E23: =_xludf.IFNA(_xlfn.XLOOKUP(C24,J:J,L:L),"0") | F23: =D24-E24 | G23: =SUMIF('02_TrayPack_Order'!M25:M277,C24,'02_TrayPack_Order'!T25:T277) | J23: 61050#2 | L23: 194
B24: =_xlfn.XLOOKUP(C25,'00_SKU_Master'!$B$2:$B$378,'00_SKU_Master'!J:J) | C24: 203044 | D24: =CEILING(SUMIF('00_SKU_Master'!$C$2:$C$378,C25,'00_SKU_Master'!S:S),1)/25 | E24: =_xludf.IFNA(_xlfn.XLOOKUP(C25,J:J,L:L),"0") | F24: =D25-E25 | G24: =SUMIF('02_TrayPack_Order'!M26:M278,C25,'02_TrayPack_Order'!T26:T278) | I24: 12 birds/totes | J24: 61061 | L24: 10
B25: =_xlfn.XLOOKUP(C26,'00_SKU_Master'!$B$2:$B$378,'00_SKU_Master'!J:J) | C25: 203891 | D25: =CEILING(SUMIF('00_SKU_Master'!$C$2:$C$378,C26,'00_SKU_Master'!S:S),1)/25 | E25: =_xludf.IFNA(_xlfn.XLOOKUP(C26,J:J,L:L),"0") | F25: =D26-E26 | G25: =SUMIF('02_TrayPack_Order'!M27:M279,C26,'02_TrayPack_Order'!T27:T279) | J25: 61082 | L25: 65
B26: =_xlfn.XLOOKUP(C27,'00_SKU_Master'!$B$2:$B$378,'00_SKU_Master'!J:J) | C26: 61014#2 | D26: =CEILING(SUMIF('00_SKU_Master'!$C$2:$C$378,C27,'00_SKU_Master'!S:S),1)/25 | E26: =_xludf.IFNA(_xlfn.XLOOKUP(C27,J:J,L:L),"0") | F26: =D27-E27 | G26: =SUMIF('02_TrayPack_Order'!M28:M280,C27,'02_TrayPack_Order'!T28:T280) | J26: 61086#2 | L26: 19
B27: =_xlfn.XLOOKUP(C28,'00_SKU_Master'!$B$2:$B$378,'00_SKU_Master'!J:J) | C27: 61014B | D27: =CEILING(SUMIF('00_SKU_Master'!$C$2:$C$378,C28,'00_SKU_Master'!S:S),1)/25 | E27: =_xludf.IFNA(_xlfn.XLOOKUP(C28,J:J,L:L),"0") | F27: =D28-E28 | G27: =SUMIF('02_TrayPack_Order'!M29:M281,C28,'02_TrayPack_Order'!T29:T281) | J27: 61072#2 | L27: 51
B28: =_xlfn.XLOOKUP(C29,'00_SKU_Master'!$B$2:$B$378,'00_SKU_Master'!J:J) | C28: 61014C | D28: =CEILING(SUMIF('00_SKU_Master'!$C$2:$C$378,C29,'00_SKU_Master'!S:S),1)/25 | E28: =_xludf.IFNA(_xlfn.XLOOKUP(C29,J:J,L:L),"0") | F28: =D29-E29 | G28: =SUMIF('02_TrayPack_Order'!M30:M282,C29,'02_TrayPack_Order'!T30:T282) | J28: 61010
B29: =_xlfn.XLOOKUP(C30,'00_SKU_Master'!$B$2:$B$378,'00_SKU_Master'!J:J) | C29: 61014F | D29: =CEILING(SUMIF('00_SKU_Master'!$C$2:$C$378,C30,'00_SKU_Master'!S:S),1)/25 | E29: =_xludf.IFNA(_xlfn.XLOOKUP(C30,J:J,L:L),"0") | F29: =D30-E30 | G29: =SUMIF('02_TrayPack_Order'!M31:M283,C30,'02_TrayPack_Order'!T31:T283) | J29: 61104
B30: =_xlfn.XLOOKUP(C31,'00_SKU_Master'!$B$2:$B$378,'00_SKU_Master'!J:J) | C30: 61040#2 | D30: =CEILING(SUMIF('00_SKU_Master'!$C$2:$C$378,C31,'00_SKU_Master'!S:S),1)/25 | E30: =_xludf.IFNA(_xlfn.XLOOKUP(C31,J:J,L:L),"0") | F30: =D31-E31 | G30: =SUMIF('02_TrayPack_Order'!M32:M284,C31,'02_TrayPack_Order'!T32:T284) | J30: 61121
B31: =_xlfn.XLOOKUP(C32,'00_SKU_Master'!$B$2:$B$378,'00_SKU_Master'!J:J) | C31: 61048#2 | D31: =CEILING(SUMIF('00_SKU_Master'!$C$2:$C$378,C32,'00_SKU_Master'!S:S),1)/25 | E31: =_xludf.IFNA(_xlfn.XLOOKUP(C32,J:J,L:L),"0") | F31: =D32-E32 | G31: =SUMIF('02_TrayPack_Order'!M33:M285,C32,'02_TrayPack_Order'!T33:T285) | J31: 61014#2
B32: =_xlfn.XLOOKUP(C33,'00_SKU_Master'!$B$2:$B$378,'00_SKU_Master'!J:J) | C32: 61050#2 | D32: =CEILING(SUMIF('00_SKU_Master'!$C$2:$C$378,C33,'00_SKU_Master'!S:S),1)/25 | E32: =_xludf.IFNA(_xlfn.XLOOKUP(C33,J:J,L:L),"0") | F32: =D33-E33 | G32: =SUMIF('02_TrayPack_Order'!M34:M286,C33,'02_TrayPack_Order'!T34:T286) | J32: 61055
B33: =_xlfn.XLOOKUP(C34,'00_SKU_Master'!$B$2:$B$378,'00_SKU_Master'!J:J) | C33: 61050C | D33: =CEILING(SUMIF('00_SKU_Master'!$C$2:$C$378,C34,'00_SKU_Master'!S:S),1)/25 | E33: =_xludf.IFNA(_xlfn.XLOOKUP(C34,J:J,L:L),"0") | F33: =D34-E34 | G33: =SUMIF('02_TrayPack_Order'!M35:M287,C34,'02_TrayPack_Order'!T35:T287) | J33: 203043
B34: =_xlfn.XLOOKUP(C35,'00_SKU_Master'!$B$2:$B$378,'00_SKU_Master'!J:J) | C34: 61050F | D34: =CEILING(SUMIF('00_SKU_Master'!$C$2:$C$378,C35,'00_SKU_Master'!S:S),1)/25 | E34: =_xludf.IFNA(_xlfn.XLOOKUP(C35,J:J,L:L),"0") | F34: =D35-E35 | G34: =SUMIF('02_TrayPack_Order'!M36:M288,C35,'02_TrayPack_Order'!T36:T288) | J34: 203891
B35: =_xlfn.XLOOKUP(C36,'00_SKU_Master'!$B$2:$B$378,'00_SKU_Master'!J:J) | C35: 61061F | D35: =CEILING(SUMIF('00_SKU_Master'!$C$2:$C$378,C36,'00_SKU_Master'!S:S),1)/25 | E35: =_xludf.IFNA(_xlfn.XLOOKUP(C36,J:J,L:L),"0") | F35: =D36-E36 | G35: =SUMIF('02_TrayPack_Order'!M37:M289,C36,'02_TrayPack_Order'!T37:T289) | J35: 203044
B36: =_xlfn.XLOOKUP(C37,'00_SKU_Master'!$B$2:$B$378,'00_SKU_Master'!J:J) | C36: 61072#2 | D36: =CEILING(SUMIF('00_SKU_Master'!$C$2:$C$378,C37,'00_SKU_Master'!S:S),1)/25 | E36: =_xludf.IFNA(_xlfn.XLOOKUP(C37,J:J,L:L),"0") | F36: =D37-E37 | G36: =SUMIF('02_TrayPack_Order'!M38:M290,C37,'02_TrayPack_Order'!T38:T290) | J36: 61071
B37: =_xlfn.XLOOKUP(C38,'00_SKU_Master'!$B$2:$B$378,'00_SKU_Master'!J:J) | C37: 61072C | D37: =CEILING(SUMIF('00_SKU_Master'!$C$2:$C$378,C38,'00_SKU_Master'!S:S),1)/25 | E37: =_xludf.IFNA(_xlfn.XLOOKUP(C38,J:J,L:L),"0") | F37: =D38-E38 | G37: =SUMIF('02_TrayPack_Order'!M39:M291,C38,'02_TrayPack_Order'!T39:T291) | J37: 61077 | L37: 159
B38: =_xlfn.XLOOKUP(C39,'00_SKU_Master'!$B$2:$B$378,'00_SKU_Master'!J:J) | C38: 61072F | D38: =CEILING(SUMIF('00_SKU_Master'!$C$2:$C$378,C39,'00_SKU_Master'!S:S),1)/25 | E38: =_xludf.IFNA(_xlfn.XLOOKUP(C39,J:J,L:L),"0") | F38: =D39-E39 | G38: =SUMIF('02_TrayPack_Order'!M40:M292,C39,'02_TrayPack_Order'!T40:T292)
B39: =_xlfn.XLOOKUP(C40,'00_SKU_Master'!$B$2:$B$378,'00_SKU_Master'!J:J) | C39: 61077F | D39: =CEILING(SUMIF('00_SKU_Master'!$C$2:$C$378,C40,'00_SKU_Master'!S:S),1)/25 | E39: =_xludf.IFNA(_xlfn.XLOOKUP(C40,J:J,L:L),"0") | F39: =D40-E40 | G39: =SUMIF('02_TrayPack_Order'!M41:M293,C40,'02_TrayPack_Order'!T41:T293)
B40: =_xlfn.XLOOKUP(C41,'00_SKU_Master'!$B$2:$B$378,'00_SKU_Master'!J:J) | C40: 61086#2 | D40: =CEILING(SUMIF('00_SKU_Master'!$C$2:$C$378,C41,'00_SKU_Master'!S:S),1)/25 | E40: =_xludf.IFNA(_xlfn.XLOOKUP(C41,J:J,L:L),"0") | F40: =D41-E41 | G40: =SUMIF('02_TrayPack_Order'!M42:M294,C41,'02_TrayPack_Order'!T42:T294)
B41: =_xlfn.XLOOKUP(C42,'00_SKU_Master'!$B$2:$B$378,'00_SKU_Master'!J:J) | C41: 61086C | D41: =CEILING(SUMIF('00_SKU_Master'!$C$2:$C$378,C42,'00_SKU_Master'!S:S),1)/25 | E41: =_xludf.IFNA(_xlfn.XLOOKUP(C42,J:J,L:L),"0") | F41: =D42-E42 | G41: =SUMIF('02_TrayPack_Order'!M43:M295,C42,'02_TrayPack_Order'!T43:T295)
B42: =_xlfn.XLOOKUP(C43,'00_SKU_Master'!$B$2:$B$378,'00_SKU_Master'!J:J) | C42: 61086F | D42: =CEILING(SUMIF('00_SKU_Master'!$C$2:$C$378,C43,'00_SKU_Master'!S:S),1)/25 | E42: =_xludf.IFNA(_xlfn.XLOOKUP(C43,J:J,L:L),"0") | F42: =D43-E43 | G42: =SUMIF('02_TrayPack_Order'!M44:M296,C43,'02_TrayPack_Order'!T44:T296)

Sheet 07_Labor_Calc
A1: Sku | B1: STD | C1: SKU | D1: Absolute High Weight | F1: Total Earned Hr | G1: =SUM(P3:P150)
A2: 260 | B2: 109.6 | C2: 213 | D2: 6 | F2: Will make | G2: =G3/((G16-F16)*24)*8 | H2: =SUM(O3:O301) | J2: CODE | K2: WIP CODE | L2: Case | M2: Total KGs | N2: AVG | O2: STD | P2: Earned Hours | Q2: AVG KG | R2: time | S2: Different | T2: Code | U2: Description | V2: Planned | W2: Require | X2: Produced | Y2: Diff | Z2: Net WT | AA2: Gross WT | AB2: % Tare | AC2: Under | AD2: Over | AE2: At Time
A3: 331 | B3: 32.31 | C3: 207104 | D3: 5 | F3: Total Cases | G3: =SUM(O3:O301) | H3: =SUM(O150:O300) | J3: =T3 | K3: 0 | L3: =IFERROR(M3/25,"") | M3: =IF(ISNUMBER(P3),Z3,0) | N3: 0 | O3: =IF(ISNUMBER(P3),X3,0) | P3: =_xludf.IFNA(Z3/_xlfn.XLOOKUP(T3,$A$2:$A$624,$B$2:$B$624,""),"") | Q3: =IFERROR(M3/O3,"-") | R3: =IF(ISNUMBER(P3),AE3,0) | S3: =IFERROR((N3/Q3),"-")
A4: 484 | B4: 47.38 | C4: 7174 | D4: 10 | F4: AVG weight | G4: =IFERROR(G5/H2,"") | H4: =SUM(N150:N300) | J4: =T4 | K4: 0 | L4: =IFERROR(M4/25,"") | M4: =IF(ISNUMBER(P4),Z4,0) | N4: 0 | O4: =IF(ISNUMBER(P4),X4,0) | P4: =_xludf.IFNA(Z4/_xlfn.XLOOKUP(T4,$A$2:$A$624,$B$2:$B$624,""),"") | Q4: =IFERROR(M4/O4,"-") | R4: =IF(ISNUMBER(P4),AE4,0) | S4: =IFERROR((N4/Q4),"-")
A5: 784 | B5: 17.92 | C5: 7175 | D5: 17 | F5: Total KGs | G5: =SUM(M3:M150) | J5: =T5 | K5: 0 | L5: =IFERROR(M5/25,"") | M5: =IF(ISNUMBER(P5),Z5,0) | N5: 0 | O5: =IF(ISNUMBER(P5),X5,0) | P5: =_xludf.IFNA(Z5/_xlfn.XLOOKUP(T5,$A$2:$A$624,$B$2:$B$624,""),"") | Q5: =IFERROR(M5/O5,"-") | R5: =IF(ISNUMBER(P5),AE5,0) | S5: =IFERROR((N5/Q5),"-")
A6: 1023 | B6: 47.38 | C6: 262 | D6: 9.24 | F6: Case/Hours | G6: =IFERROR(G3/SUM(H13:H16),"-") | J6: =T6 | K6: 0 | L6: =IFERROR(M6/25,"") | M6: =IF(ISNUMBER(P6),Z6,0) | N6: 0 | O6: =IF(ISNUMBER(P6),X6,0) | P6: =_xludf.IFNA(Z6/_xlfn.XLOOKUP(T6,$A$2:$A$624,$B$2:$B$624,""),"") | Q6: =IFERROR(M6/O6,"-") | R6: =IF(ISNUMBER(P6),AE6,0) | S6: =IFERROR((N6/Q6),"-")
A7: 1830 | B7: 56.51 | C7: 263 | D7: 8.58 | F7: Efficiency | G7: =IFERROR(G1/SUM(H14:H16),"-") | H7: =IFERROR(SUM(P150:P300)/SUM(H13:H14),"-") | J7: =T7 | K7: 0 | L7: =IFERROR(M7/25,"") | M7: =IF(ISNUMBER(P7),Z7,0) | N7: 0 | O7: =IF(ISNUMBER(P7),X7,0) | P7: =_xludf.IFNA(Z7/_xlfn.XLOOKUP(T7,$A$2:$A$624,$B$2:$B$624,""),"") | Q7: =IFERROR(M7/O7,"-") | R7: =IF(ISNUMBER(P7),AE7,0) | S7: =IFERROR((N7/Q7),"-")
A8: 1831 | B8: 131.17 | C8: 264 | D8: 10.56 | F8: Fill Rate | G8: =IFERROR(G5/G4,"-") | H8: =IFERROR(H5/H4,"-") | J8: =T8 | K8: 0 | L8: =IFERROR(M8/25,"") | M8: =IF(ISNUMBER(P8),Z8,0) | N8: 0 | O8: =IF(ISNUMBER(P8),X8,0) | P8: =_xludf.IFNA(Z8/_xlfn.XLOOKUP(T8,$A$2:$A$624,$B$2:$B$624,""),"") | Q8: =IFERROR(M8/O8,"-") | R8: =IF(ISNUMBER(P8),AE8,0) | S8: =IFERROR((N8/Q8),"-")
A9: 1876 | B9: 72.73 | C9: 265 | D9: 9.24 | J9: =T9 | K9: 0 | L9: =IFERROR(M9/25,"") | M9: =IF(ISNUMBER(P9),Z9,0) | N9: 0 | O9: =IF(ISNUMBER(P9),X9,0) | P9: =_xludf.IFNA(Z9/_xlfn.XLOOKUP(T9,$A$2:$A$624,$B$2:$B$624,""),"") | Q9: =IFERROR(M9/O9,"-") | R9: =IF(ISNUMBER(P9),AE9,0) | S9: =IFERROR((N9/Q9),"-")
A10: 1877 | B10: 57.23 | C10: 266 | D10: 7.92 | E10: NO. of EE | F10: Start Time | G10: End Time | H10: Total Time | J10: =T10 | K10: 0 | L10: =IFERROR(M10/25,"") | M10: =IF(ISNUMBER(P10),Z10,0) | N10: 0 | O10: =IF(ISNUMBER(P10),X10,0) | P10: =_xludf.IFNA(Z10/_xlfn.XLOOKUP(T10,$A$2:$A$624,$B$2:$B$624,""),"") | Q10: =IFERROR(M10/O10,"-") | R10: =IF(ISNUMBER(P10),AE10,0) | S10: =IFERROR((N10/Q10),"-")
A11: 200168 | B11: 89.74 | C11: 267 | D11: 5.94 | F11: 0.5 | G11: 0.54166667 | H11: =IFERROR(((G11-F11)-INT(G11-F11))*24*E11,"-") | J11: =T11 | K11: 0 | L11: =IFERROR(M11/25,"") | M11: =IF(ISNUMBER(P11),Z11,0) | N11: 0 | O11: =IF(ISNUMBER(P11),X11,0) | P11: =_xludf.IFNA(Z11/_xlfn.XLOOKUP(T11,$A$2:$A$624,$B$2:$B$624,""),"") | Q11: =IFERROR(M11/O11,"-") | R11: =IF(ISNUMBER(P11),AE11,0) | S11: =IFERROR((N11/Q11),"-")
A12: 200703 | B12: 75.65 | C12: 268 | D12: 9.9 | F12: 0.27083333 | G12: 0.60416667 | H12: =IFERROR(((G12-F12)-INT(G12-F12))*24*E12,"-") | J12: =T12 | K12: 0 | L12: =IFERROR(M12/25,"") | M12: =IF(ISNUMBER(P12),Z12,0) | N12: 0 | O12: =IF(ISNUMBER(P12),X12,0) | P12: =_xludf.IFNA(Z12/_xlfn.XLOOKUP(T12,$A$2:$A$624,$B$2:$B$624,""),"") | Q12: =IFERROR(M12/O12,"-") | R12: =IF(ISNUMBER(P12),AE12,0) | S12: =IFERROR((N12/Q12),"-")
A13: 200704 | B13: 130.09 | C13: 269 | D13: 9.24 | F13: 0.29166667 | G13: 0.33333333 | H13: =IFERROR(((G13-F13)-INT(G13-F13))*24*E13,"-") | J13: =T13 | K13: 0 | L13: =IFERROR(M13/25,"") | M13: =IF(ISNUMBER(P13),Z13,0) | N13: 0 | O13: =IF(ISNUMBER(P13),X13,0) | P13: =_xludf.IFNA(Z13/_xlfn.XLOOKUP(T13,$A$2:$A$624,$B$2:$B$624,""),"") | Q13: =IFERROR(M13/O13,"-") | R13: =IF(ISNUMBER(P13),AE13,0) | S13: =IFERROR((N13/Q13),"-")
A14: 200705 | B14: 70.32 | C14: 270 | D14: 9.24 | F14: 0.29166667 | G14: 0.33333333 | H14: =IFERROR(((G14-F14)-INT(G14-F14))*24*E14,"-") | J14: =T14 | K14: 0 | L14: =IFERROR(M14/25,"") | M14: =IF(ISNUMBER(P14),Z14,0) | N14: 0 | O14: =IF(ISNUMBER(P14),X14,0) | P14: =_xludf.IFNA(Z14/_xlfn.XLOOKUP(T14,$A$2:$A$624,$B$2:$B$624,""),"") | Q14: =IFERROR(M14/O14,"-") | R14: =IF(ISNUMBER(P14),AE14,0) | S14: =IFERROR((N14/Q14),"-")
A15: 200706 | B15: 25.34 | C15: 276 | D15: 12 | F15: 0.52083333 | G15: =IF(VALUE(NOW()-TODAY())<VALUE(0.82292),VALUE(NOW()-TODAY()),VALUE(NOW()-TODAY())-0.021) | H15: =IFERROR(((G15-F15)-INT(G15-F15))*24*E15,"-") | J15: =T15 | K15: 0 | L15: =IFERROR(M15/25,"") | M15: =IF(ISNUMBER(P15),Z15,0) | N15: 0 | O15: =IF(ISNUMBER(P15),X15,0) | P15: =_xludf.IFNA(Z15/_xlfn.XLOOKUP(T15,$A$2:$A$624,$B$2:$B$624,""),"") | Q15: =IFERROR(M15/O15,"-") | R15: =IF(ISNUMBER(P15),AE15,0) | S15: =IFERROR((N15/Q15),"-")
A16: 200707 | B16: 51.14 | C16: 278 | D16: 10 | E16: 106 | F16: 0.29166667 | G16: =IF(VALUE(NOW()-TODAY())<VALUE(0.82292),VALUE(NOW()-TODAY()),VALUE(NOW()-TODAY())-0.021) | H16: =IFERROR(((G16-F16)-INT(G16-F16))*24*E16,"-") | J16: =T16 | K16: 0 | L16: =IFERROR(M16/25,"") | M16: =IF(ISNUMBER(P16),Z16,0) | N16: 0 | O16: =IF(ISNUMBER(P16),X16,0) | P16: =_xludf.IFNA(Z16/_xlfn.XLOOKUP(T16,$A$2:$A$624,$B$2:$B$624,""),"") | Q16: =IFERROR(M16/O16,"-") | R16: =IF(ISNUMBER(P16),AE16,0) | S16: =IFERROR((N16/Q16),"-")
A17: 200709 | B17: 75.65 | C17: 281 | D17: 9.24 | J17: =T17 | K17: 0 | L17: =IFERROR(M17/25,"") | M17: =IF(ISNUMBER(P17),Z17,0) | N17: 0 | O17: =IF(ISNUMBER(P17),X17,0) | P17: =_xludf.IFNA(Z17/_xlfn.XLOOKUP(T17,$A$2:$A$624,$B$2:$B$624,""),"") | Q17: =IFERROR(M17/O17,"-") | R17: =IF(ISNUMBER(P17),AE17,0) | S17: =IFERROR((N17/Q17),"-")
A18: 200710 | B18: 130.09 | C18: 282 | D18: 10.56 | J18: =T18 | K18: 0 | L18: =IFERROR(M18/25,"") | M18: =IF(ISNUMBER(P18),Z18,0) | N18: 0 | O18: =IF(ISNUMBER(P18),X18,0) | P18: =_xludf.IFNA(Z18/_xlfn.XLOOKUP(T18,$A$2:$A$624,$B$2:$B$624,""),"") | Q18: =IFERROR(M18/O18,"-") | R18: =IF(ISNUMBER(P18),AE18,0) | S18: =IFERROR((N18/Q18),"-")
A19: 200711 | B19: 70.32 | C19: 283 | D19: 13.64 | J19: =T19 | K19: 0 | L19: =IFERROR(M19/25,"") | M19: =IF(ISNUMBER(P19),Z19,0) | N19: 0 | O19: =IF(ISNUMBER(P19),X19,0) | P19: =_xludf.IFNA(Z19/_xlfn.XLOOKUP(T19,$A$2:$A$624,$B$2:$B$624,""),"") | Q19: =IFERROR(M19/O19,"-") | R19: =IF(ISNUMBER(P19),AE19,0) | S19: =IFERROR((N19/Q19),"-")
A20: 200712 | B20: 25.34 | C20: 284 | D20: 15.84 | J20: =T20 | K20: 0 | L20: =IFERROR(M20/25,"") | M20: =IF(ISNUMBER(P20),Z20,0) | N20: 0 | O20: =IF(ISNUMBER(P20),X20,0) | P20: =_xludf.IFNA(Z20/_xlfn.XLOOKUP(T20,$A$2:$A$624,$B$2:$B$624,""),"") | Q20: =IFERROR(M20/O20,"-") | R20: =IF(ISNUMBER(P20),AE20,0) | S20: =IFERROR((N20/Q20),"-")
A21: 200713 | B21: 51.14 | C21: 285 | D21: 15.84 | J21: =T21 | K21: 0 | L21: =IFERROR(M21/25,"") | M21: =IF(ISNUMBER(P21),Z21,0) | N21: 0 | O21: =IF(ISNUMBER(P21),X21,0) | P21: =_xludf.IFNA(Z21/_xlfn.XLOOKUP(T21,$A$2:$A$624,$B$2:$B$624,""),"") | Q21: =IFERROR(M21/O21,"-") | R21: =IF(ISNUMBER(P21),AE21,0) | S21: =IFERROR((N21/Q21),"-")
A22: 200714 | B22: 29.13 | C22: 286 | D22: 10.56 | J22: =T22 | K22: 0 | L22: =IFERROR(M22/25,"") | M22: =IF(ISNUMBER(P22),Z22,0) | N22: 0 | O22: =IF(ISNUMBER(P22),X22,0) | P22: =_xludf.IFNA(Z22/_xlfn.XLOOKUP(T22,$A$2:$A$624,$B$2:$B$624,""),"") | Q22: =IFERROR(M22/O22,"-") | R22: =IF(ISNUMBER(P22),AE22,0) | S22: =IFERROR((N22/Q22),"-")
A23: 200715 | B23: 144.32 | C23: 287 | D23: 10.4 | J23: =T23 | K23: 0 | L23: =IFERROR(M23/25,"") | M23: =IF(ISNUMBER(P23),Z23,0) | N23: 0 | O23: =IF(ISNUMBER(P23),X23,0) | P23: =_xludf.IFNA(Z23/_xlfn.XLOOKUP(T23,$A$2:$A$624,$B$2:$B$624,""),"") | Q23: =IFERROR(M23/O23,"-") | R23: =IF(ISNUMBER(P23),AE23,0) | S23: =IFERROR((N23/Q23),"-")
A24: 200716 | B24: 72.03 | C24: 288 | D24: 8.4 | J24: =T24 | K24: 0 | L24: =IFERROR(M24/25,"") | M24: =IF(ISNUMBER(P24),Z24,0) | N24: 0 | O24: =IF(ISNUMBER(P24),X24,0) | P24: =_xludf.IFNA(Z24/_xlfn.XLOOKUP(T24,$A$2:$A$624,$B$2:$B$624,""),"") | Q24: =IFERROR(M24/O24,"-") | R24: =IF(ISNUMBER(P24),AE24,0) | S24: =IFERROR((N24/Q24),"-")
A25: 200717 | B25: 58.08 | C25: 289 | D25: 10.56 | J25: =T25 | K25: 0 | L25: =IFERROR(M25/25,"") | M25: =IF(ISNUMBER(P25),Z25,0) | N25: 0 | O25: =IF(ISNUMBER(P25),X25,0) | P25: =_xludf.IFNA(Z25/_xlfn.XLOOKUP(T25,$A$2:$A$624,$B$2:$B$624,""),"") | Q25: =IFERROR(M25/O25,"-") | R25: =IF(ISNUMBER(P25),AE25,0) | S25: =IFERROR((N25/Q25),"-")
A26: 200724 | B26: 51.47 | C26: 290 | D26: 10.56 | J26: =T26 | K26: 0 | L26: =IFERROR(M26/25,"") | M26: =IF(ISNUMBER(P26),Z26,0) | N26: 0 | O26: =IF(ISNUMBER(P26),X26,0) | P26: =_xludf.IFNA(Z26/_xlfn.XLOOKUP(T26,$A$2:$A$624,$B$2:$B$624,""),"") | Q26: =IFERROR(M26/O26,"-") | R26: =IF(ISNUMBER(P26),AE26,0) | S26: =IFERROR((N26/Q26),"-")
A27: 201851 | B27: 42.09 | C27: 7173 | D27: 15 | J27: =T27 | K27: 0 | L27: =IFERROR(M27/25,"") | M27: =IF(ISNUMBER(P27),Z27,0) | N27: 0 | O27: =IF(ISNUMBER(P27),X27,0) | P27: =_xludf.IFNA(Z27/_xlfn.XLOOKUP(T27,$A$2:$A$624,$B$2:$B$624,""),"") | Q27: =IFERROR(M27/O27,"-") | R27: =IF(ISNUMBER(P27),AE27,0) | S27: =IFERROR((N27/Q27),"-")
A28: 201853 | B28: 62.66 | C28: 293 | D28: 9.24 | J28: =T28 | K28: 0 | L28: =IFERROR(M28/25,"") | M28: =IF(ISNUMBER(P28),Z28,0) | N28: 0 | O28: =IF(ISNUMBER(P28),X28,0) | P28: =_xludf.IFNA(Z28/_xlfn.XLOOKUP(T28,$A$2:$A$624,$B$2:$B$624,""),"") | Q28: =IFERROR(M28/O28,"-") | R28: =IF(ISNUMBER(P28),AE28,0) | S28: =IFERROR((N28/Q28),"-")
... A33: 2044 | B33: 56.92 | C33: 306 | D33: 15 | J33: =T33 | K33: 0 | L33: =IFERROR(M33/25,"") | M33: =IF(ISNUMBER(P33),Z33,0) | N33: 0 | O33: =IF(ISNUMBER(P33),X33,0) | P33: =_xludf.IFNA(Z33/_xlfn.XLOOKUP(T33,$A$2:$A$624,$B$2:$B$624,""),"") | Q33: =IFERROR(M33/O33,"-") | R33: =IF(ISNUMBER(P33),AE33,0) | S33: =IFERROR((N33/Q33),"-")
A34: 2047 | B34: 35.1 | C34: 307 | D34: 14 | J34: =T34 | K34: 0 | L34: =IFERROR(M34/25,"") | M34: =IF(ISNUMBER(P34),Z34,0) | N34: =_xlfn.XLOOKUP(J34,C:C,D:D) | O34: =IF(ISNUMBER(P34),X34,0) | P34: =_xludf.IFNA(Z34/_xlfn.XLOOKUP(T34,$A$2:$A$624,$B$2:$B$624,""),"") | Q34: =IFERROR(M34/O34,"-") | R34: =IF(ISNUMBER(P34),AE34,0) | S34: =IFERROR((N34/Q34),"-")
A35: 2060 | B35: 44.6 | C35: 311 | D35: 15 | J35: =T35 | K35: 0 | L35: =IFERROR(M35/25,"") | M35: =IF(ISNUMBER(P35),Z35,0) | N35: 0 | O35: =IF(ISNUMBER(P35),X35,0) | P35: =_xludf.IFNA(Z35/_xlfn.XLOOKUP(T35,$A$2:$A$624,$B$2:$B$624,""),"") | Q35: =IFERROR(M35/O35,"-") | R35: =IF(ISNUMBER(P35),AE35,0) | S35: =IFERROR((N35/Q35),"-")
A36: 2061 | B36: 52.81 | C36: 320 | D36: 9.2 | J36: =T36 | K36: 0 | L36: =IFERROR(M36/25,"") | M36: =IF(ISNUMBER(P36),Z36,0) | N36: 0 | O36: =IF(ISNUMBER(P36),X36,0) | P36: =_xludf.IFNA(Z36/_xlfn.XLOOKUP(T36,$A$2:$A$624,$B$2:$B$624,""),"") | Q36: =IFERROR(M36/O36,"-") | R36: =IF(ISNUMBER(P36),AE36,0) | S36: =IFERROR((N36/Q36),"-")
A37: 2062 | B37: 92.66 | C37: 323 | D37: 16 | J37: =T37 | K37: 0 | L37: =IFERROR(M37/25,"") | M37: =IF(ISNUMBER(P37),Z37,0) | N37: 0 | O37: =IF(ISNUMBER(P37),X37,0) | P37: =_xludf.IFNA(Z37/_xlfn.XLOOKUP(T37,$A$2:$A$624,$B$2:$B$624,""),"") | Q37: =IFERROR(M37/O37,"-") | R37: =IF(ISNUMBER(P37),AE37,0) | S37: =IFERROR((N37/Q37),"-")
A38: 2063 | B38: 131.02 | C38: 324 | D38: 12.8 | J38: =T38 | K38: 0 | L38: =IFERROR(M38/25,"") | M38: =IF(ISNUMBER(P38),Z38,0) | N38: 0 | O38: =IF(ISNUMBER(P38),X38,0) | P38: =_xludf.IFNA(Z38/_xlfn.XLOOKUP(T38,$A$2:$A$624,$B$2:$B$624,""),"") | Q38: =IFERROR(M38/O38,"-") | R38: =IF(ISNUMBER(P38),AE38,0) | S38: =IFERROR((N38/Q38),"-")
A39: 2064 | B39: 61.57 | C39: 325 | D39: 12 | J39: =T39 | K39: 0 | L39: =IFERROR(M39/25,"") | M39: =IF(ISNUMBER(P39),Z39,0) | N39: 0 | O39: =IF(ISNUMBER(P39),X39,0) | P39: =_xludf.IFNA(Z39/_xlfn.XLOOKUP(T39,$A$2:$A$624,$B$2:$B$624,""),"") | Q39: =IFERROR(M39/O39,"-") | R39: =IF(ISNUMBER(P39),AE39,0) | S39: =IFERROR((N39/Q39),"-")
A40: 2065 | B40: 26.74 | C40: 329 | D40: 16 | J40: =T40 | K40: 0 | L40: =IFERROR(M40/25,"") | M40: =IF(ISNUMBER(P40),Z40,0) | N40: 0 | O40: =IF(ISNUMBER(P40),X40,0) | P40: =_xludf.IFNA(Z40/_xlfn.XLOOKUP(T40,$A$2:$A$624,$B$2:$B$624,""),"") | Q40: =IFERROR(M40/O40,"-") | R40: =IF(ISNUMBER(P40),AE40,0) | S40: =IFERROR((N40/Q40),"-")
A41: 2066 | B41: 87.06 | C41: 330 | D41: 10 | J41: =T41 | K41: 0 | L41: =IFERROR(M41/25,"") | M41: =IF(ISNUMBER(P41),Z41,0) | N41: 0 | O41: =IF(ISNUMBER(P41),X41,0) | P41: =_xludf.IFNA(Z41/_xlfn.XLOOKUP(T41,$A$2:$A$624,$B$2:$B$624,""),"") | Q41: =IFERROR(M41/O41,"-") | R41: =IF(ISNUMBER(P41),AE41,0) | S41: =IFERROR((N41/Q41),"-")
A42: 2067 | B42: 16.82 | C42: 331 | D42: 15 | J42: =T42 | K42: 0 | L42: =IFERROR(M42/25,"") | M42: =IF(ISNUMBER(P42),Z42,0) | N42: 0 | O42: =IF(ISNUMBER(P42),X42,0) | P42: =_xludf.IFNA(Z42/_xlfn.XLOOKUP(T42,$A$2:$A$624,$B$2:$B$624,""),"") | Q42: =IFERROR(M42/O42,"-") | R42: =IF(ISNUMBER(P42),AE42,0) | S42: =IFERROR((N42/Q42),"-")
A43: 2068 | B43: 121.26 | C43: 332 | D43: 15 | J43: =T43 | K43: 0 | L43: =IFERROR(M43/25,"") | M43: =IF(ISNUMBER(P43),Z43,0) | N43: 0 | O43: =IF(ISNUMBER(P43),X43,0) | P43: =_xludf.IFNA(Z43/_xlfn.XLOOKUP(T43,$A$2:$A$624,$B$2:$B$624,""),"") | Q43: =IFERROR(M43/O43,"-") | R43: =IF(ISNUMBER(P43),AE43,0) | S43: =IFERROR((N43/Q43),"-")
A44: 2500 | B44: 31.19 | C44: 334 | D44: 12 | J44: =T44 | K44: 0 | L44: =IFERROR(M44/25,"") | M44: =IF(ISNUMBER(P44),Z44,0) | N44: 0 | O44: =IF(ISNUMBER(P44),X44,0) | P44: =_xludf.IFNA(Z44/_xlfn.XLOOKUP(T44,$A$2:$A$624,$B$2:$B$624,""),"") | Q44: =IFERROR(M44/O44,"-") | R44: =IF(ISNUMBER(P44),AE44,0) | S44: =IFERROR((N44/Q44),"-")
A45: 2502 | B45: 50.84 | C45: 344 | D45: 15 | J45: =T45 | K45: 0 | L45: =IFERROR(M45/25,"") | M45: =IF(ISNUMBER(P45),Z45,0) | N45: 0 | O45: =IF(ISNUMBER(P45),X45,0) | P45: =_xludf.IFNA(Z45/_xlfn.XLOOKUP(T45,$A$2:$A$624,$B$2:$B$624,""),"") | Q45: =IFERROR(M45/O45,"-") | R45: =IF(ISNUMBER(P45),AE45,0) | S45: =IFERROR((N45/Q45),"-")
A46: 2504 | B46: 51.39 | C46: 347 | D46: 15 | J46: =T46 | K46: 0 | L46: =IFERROR(M46/25,"") | M46: =IF(ISNUMBER(P46),Z46,0) | N46: 0 | O46: =IF(ISNUMBER(P46),X46,0) | P46: =_xludf.IFNA(Z46/_xlfn.XLOOKUP(T46,$A$2:$A$624,$B$2:$B$624,""),"") | Q46: =IFERROR(M46/O46,"-") | R46: =IF(ISNUMBER(P46),AE46,0) | S46: =IFERROR((N46/Q46),"-")
... A50: 2510 | B50: 30.7 | C50: 352 | D50: 9 | J50: =T50 | K50: 0 | L50: =IFERROR(M50/25,"") | M50: =IF(ISNUMBER(P50),Z50,0) | N50: 0 | O50: =IF(ISNUMBER(P50),X50,0) | P50: =_xludf.IFNA(Z50/_xlfn.XLOOKUP(T50,$A$2:$A$624,$B$2:$B$624,""),"") | Q50: =IFERROR(M50/O50,"-") | R50: =IF(ISNUMBER(P50),AE50,0) | S50: =IFERROR((N50/Q50),"-")
A51: 2512 | B51: 30.7 | J51: =T51 | K51: 0 | L51: =IFERROR(M51/25,"") | M51: =IF(ISNUMBER(P51),Z51,0) | N51: 0 | O51: =IF(ISNUMBER(P51),X51,0) | P51: =_xludf.IFNA(Z51/_xlfn.XLOOKUP(T51,$A$2:$A$624,$B$2:$B$624,""),"") | Q51: =IFERROR(M51/O51,"-") | R51: =IF(ISNUMBER(P51),AE51,0) | S51: =IFERROR((N51/Q51),"-")
A52: 7017 | B52: 96.02 | C52: 355 | D52: 15 | J52: =T52 | K52: 0 | L52: =IFERROR(M52/25,"") | M52: =IF(ISNUMBER(P52),Z52,0) | N52: 0 | O52: =IF(ISNUMBER(P52),X52,0) | P52: =_xludf.IFNA(Z52/_xlfn.XLOOKUP(T52,$A$2:$A$624,$B$2:$B$624,""),"") | Q52: =IFERROR(M52/O52,"-") | R52: =IF(ISNUMBER(P52),AE52,0) | S52: =IFERROR((N52/Q52),"-")
A53: 7018 | B53: 26.78 | C53: 359 | D53: 12 | J53: =T53 | K53: 0 | L53: =IFERROR(M53/25,"") | M53: =IF(ISNUMBER(P53),Z53,0) | N53: 0 | O53: =IF(ISNUMBER(P53),X53,0) | P53: =_xludf.IFNA(Z53/_xlfn.XLOOKUP(T53,$A$2:$A$624,$B$2:$B$624,""),"") | Q53: =IFERROR(M53/O53,"-") | R53: =IF(ISNUMBER(P53),AE53,0) | S53: =IFERROR((N53/Q53),"-")
A54: 7091 | B54: 82.96 | C54: 361 | D54: 9.24 | J54: =T54 | K54: 0 | L54: =IFERROR(M54/25,"") | M54: =IF(ISNUMBER(P54),Z54,0) | N54: 0 | O54: =IF(ISNUMBER(P54),X54,0) | P54: =_xludf.IFNA(Z54/_xlfn.XLOOKUP(T54,$A$2:$A$624,$B$2:$B$624,""),"") | Q54: =IFERROR(M54/O54,"-") | R54: =IF(ISNUMBER(P54),AE54,0) | S54: =IFERROR((N54/Q54),"-")
A55: 7104 | B55: 45.72 | C55: 362 | D55: 9.24 | J55: =T55 | K55: 0 | L55: =IFERROR(M55/25,"") | M55: =IF(ISNUMBER(P55),Z55,0) | N55: 0 | O55: =IF(ISNUMBER(P55),X55,0) | P55: =_xludf.IFNA(Z55/_xlfn.XLOOKUP(T55,$A$2:$A$624,$B$2:$B$624,""),"") | Q55: =IFERROR(M55/O55,"-") | R55: =IF(ISNUMBER(P55),AE55,0) | S55: =IFERROR((N55/Q55),"-")
A56: 7105 | B56: 107.39 | C56: 363 | D56: 8.58 | J56: =T56 | K56: 0 | L56: =IFERROR(M56/25,"") | M56: =IF(ISNUMBER(P56),Z56,0) | N56: 0 | O56: =IF(ISNUMBER(P56),X56,0) | P56: =_xludf.IFNA(Z56/_xlfn.XLOOKUP(T56,$A$2:$A$624,$B$2:$B$624,""),"") | Q56: =IFERROR(M56/O56,"-") | R56: =IF(ISNUMBER(P56),AE56,0) | S56: =IFERROR((N56/Q56),"-")
A57: 7107 | B57: 70.01 | C57: 364 | D57: 10.56 | J57: =T57 | K57: 0 | L57: =IFERROR(M57/25,"") | M57: =IF(ISNUMBER(P57),Z57,0) | N57: 0 | O57: =IF(ISNUMBER(P57),X57,0) | P57: =_xludf.IFNA(Z57/_xlfn.XLOOKUP(T57,$A$2:$A$624,$B$2:$B$624,""),"") | Q57: =IFERROR(M57/O57,"-") | R57: =IF(ISNUMBER(P57),AE57,0) | S57: =IFERROR((N57/Q57),"-")
A58: 7108 | B58: 67.9 | C58: 365 | D58: 9.24 | J58: =T58 | K58: 0 | L58: =IFERROR(M58/25,"") | M58: =IF(ISNUMBER(P58),Z58,0) | N58: 0 | O58: =IF(ISNUMBER(P58),X58,0) | P58: =_xludf.IFNA(Z58/_xlfn.XLOOKUP(T58,$A$2:$A$624,$B$2:$B$624,""),"") | Q58: =IFERROR(M58/O58,"-") | R58: =IF(ISNUMBER(P58),AE58,0) | S58: =IFERROR((N58/Q58),"-")
A59: 7109 | B59: 96.02 | C59: 366 | D59: 10.5 | J59: =T59 | K59: 0 | L59: =IFERROR(M59/25,"") | M59: =IF(ISNUMBER(P59),Z59,0) | N59: 0 | O59: =IF(ISNUMBER(P59),X59,0) | P59: =_xludf.IFNA(Z59/_xlfn.XLOOKUP(T59,$A$2:$A$624,$B$2:$B$624,""),"") | Q59: =IFERROR(M59/O59,"-") | R59: =IF(ISNUMBER(P59),AE59,0) | S59: =IFERROR((N59/Q59),"-")
A60: 7115 | B60: 67.9 | C60: 367 | D60: 8.91 | J60: =T60 | K60: 0 | L60: =IFERROR(M60/25,"") | M60: =IF(ISNUMBER(P60),Z60,0) | N60: 0 | O60: =IF(ISNUMBER(P60),X60,0) | P60: =_xludf.IFNA(Z60/_xlfn.XLOOKUP(T60,$A$2:$A$624,$B$2:$B$624,""),"") | Q60: =IFERROR(M60/O60,"-") | R60: =IF(ISNUMBER(P60),AE60,0) | S60: =IFERROR((N60/Q60),"-")
A61: 7116 | B61: 45.72 | C61: 368 | D61: 9.9 | J61: =T61 | K61: 0 | L61: =IFERROR(M61/25,"") | M61: =IF(ISNUMBER(P61),Z61,0) | N61: 0 | O61: =IF(ISNUMBER(P61),X61,0) | P61: =_xludf.IFNA(Z61/_xlfn.XLOOKUP(T61,$A$2:$A$624,$B$2:$B$624,""),"") | Q61: =IFERROR(M61/O61,"-") | R61: =IF(ISNUMBER(P61),AE61,0) | S61: =IFERROR((N61/Q61),"-")
A62: 7117 | B62: 96.02 | C62: 369 | D62: 9.24 | J62: =T62 | K62: 0 | L62: =IFERROR(M62/25,"") | M62: =IF(ISNUMBER(P62),Z62,0) | N62: 0 | O62: =IF(ISNUMBER(P62),X62,0) | P62: =_xludf.IFNA(Z62/_xlfn.XLOOKUP(T62,$A$2:$A$624,$B$2:$B$624,""),"") | Q62: =IFERROR(M62/O62,"-") | R62: =IF(ISNUMBER(P62),AE62,0) | S62: =IFERROR((N62/Q62),"-")
A63: 7118 | B63: 70.01 | C63: 370 | D63: 9.24 | J63: =T63 | K63: 0 | L63: =IFERROR(M63/25,"") | M63: =IF(ISNUMBER(P63),Z63,0) | N63: 0 | O63: =IF(ISNUMBER(P63),X63,0) | P63: =_xludf.IFNA(Z63/_xlfn.XLOOKUP(T63,$A$2:$A$624,$B$2:$B$624,""),"") | Q63: =IFERROR(M63/O63,"-") | R63: =IF(ISNUMBER(P63),AE63,0) | S63: =IFERROR((N63/Q63),"-")
... A130: 7860 | B130: 25.37 | C130: 956 | D130: 13.4 | J130: =T130 | K130: 0 | L130: =IFERROR(M130/25,"") | M130: =IF(ISNUMBER(P130),Z130,0) | N130: 0 | O130: =IF(ISNUMBER(P130),X130,0) | P130: =_xludf.IFNA(Z130/_xlfn.XLOOKUP(T130,$A$2:$A$624,$B$2:$B$624,""),"") | Q130: =IFERROR(M130/O130,"-") | R130: =IF(ISNUMBER(P130),AE130,0) | S130: =IFERROR((N130/Q130),"-")
A131: 7863 | C131: 957 | D131: 13.8 | J131: =T131 | K131: 0 | L131: =IFERROR(M131/25,"") | M131: =IF(ISNUMBER(P131),Z131,0) | N131: 0 | O131: =IF(ISNUMBER(P131),X131,0) | P131: =_xludf.IFNA(Z131/_xlfn.XLOOKUP(T131,$A$2:$A$624,$B$2:$B$624,""),"") | Q131: =IFERROR(M131/O131,"-") | R131: =IF(ISNUMBER(P131),AE131,0) | S131: =IFERROR((N131/Q131),"-")
A132: 7865 | C132: 958 | D132: 6.4 | J132: =T132 | K132: 0 | L132: =IFERROR(M132/25,"") | M132: =IF(ISNUMBER(P132),Z132,0) | N132: 0 | O132: =IF(ISNUMBER(P132),X132,0) | P132: =_xludf.IFNA(Z132/_xlfn.XLOOKUP(T132,$A$2:$A$624,$B$2:$B$624,""),"") | Q132: =IFERROR(M132/O132,"-") | R132: =IF(ISNUMBER(P132),AE132,0) | S132: =IFERROR((N132/Q132),"-")
A133: 7866 | C133: 959 | D133: 8 | J133: =T133 | K133: 0 | L133: =IFERROR(M133/25,"") | M133: =IF(ISNUMBER(P133),Z133,0) | N133: 0 | O133: =IF(ISNUMBER(P133),X133,0) | P133: =_xludf.IFNA(Z133/_xlfn.XLOOKUP(T133,$A$2:$A$624,$B$2:$B$624,""),"") | Q133: =IFERROR(M133/O133,"-") | R133: =IF(ISNUMBER(P133),AE133,0) | S133: =IFERROR((N133/Q133),"-")
A134: 7867 | C134: 975 | D134: 6 | J134: =T134 | K134: 0 | L134: =IFERROR(M134/25,"") | M134: =IF(ISNUMBER(P134),Z134,0) | N134: 0 | O134: =IF(ISNUMBER(P134),X134,0) | P134: =_xludf.IFNA(Z134/_xlfn.XLOOKUP(T134,$A$2:$A$624,$B$2:$B$624,""),"") | Q134: =IFERROR(M134/O134,"-") | R134: =IF(ISNUMBER(P134),AE134,0) | S134: =IFERROR((N134/Q134),"-")
A135: 2077 | B135: 92.02 | C135: 976 | D135: 6 | J135: =T135 | K135: 0 | L135: =IFERROR(M135/25,"") | M135: =IF(ISNUMBER(P135),Z135,0) | N135: 0 | O135: =IF(ISNUMBER(P135),X135,0) | P135: =_xludf.IFNA(Z135/_xlfn.XLOOKUP(T135,$A$2:$A$624,$B$2:$B$624,""),"") | Q135: =IFERROR(M135/O135,"-") | R135: =IF(ISNUMBER(P135),AE135,0) | S135: =IFERROR((N135/Q135),"-")
A136: 2084 | B136: 91.74 | C136: 977 | D136: 6.4 | J136: =T136 | K136: 0 | L136: =IFERROR(M136/25,"") | M136: =IF(ISNUMBER(P136),Z136,0) | N136: 0 | O136: =IF(ISNUMBER(P136),X136,0) | P136: =_xludf.IFNA(Z136/_xlfn.XLOOKUP(T136,$A$2:$A$624,$B$2:$B$624,""),"") | Q136: =IFERROR(M136/O136,"-") | R136: =IF(ISNUMBER(P136),AE136,0) | S136: =IFERROR((N136/Q136),"-")
A137: 2085 | B137: 25 | C137: 2500 | D137: 8.2 | J137: =T137 | K137: 0 | L137: =IFERROR(M137/25,"") | M137: =IF(ISNUMBER(P137),Z137,0) | N137: 0 | O137: =IF(ISNUMBER(P137),X137,0) | P137: =_xludf.IFNA(Z137/_xlfn.XLOOKUP(T137,$A$2:$A$624,$B$2:$B$624,""),"") | Q137: =IFERROR(M137/O137,"-") | R137: =IF(ISNUMBER(P137),AE137,0) | S137: =IFERROR((N137/Q137),"-")
A138: 2069 | B138: 116.71 | C138: 2501 | D138: 8.2 | J138: =T138 | K138: 0 | L138: =IFERROR(M138/25,"") | M138: =IF(ISNUMBER(P138),Z138,0) | N138: 0 | O138: =IF(ISNUMBER(P138),X138,0) | P138: =_xludf.IFNA(Z138/_xlfn.XLOOKUP(T138,$A$2:$A$624,$B$2:$B$624,""),"") | Q138: =IFERROR(M138/O138,"-") | R138: =IF(ISNUMBER(P138),AE138,0) | S138: =IFERROR((N138/Q138),"-")
A139: 2070 | B139: 116.71 | C139: 2502 | D139: 8.92 | J139: =T139 | K139: 0 | L139: =IFERROR(M139/25,"") | M139: =IF(ISNUMBER(P139),Z139,0) | N139: 0 | O139: =IF(ISNUMBER(P139),X139,0) | P139: =_xludf.IFNA(Z139/_xlfn.XLOOKUP(T139,$A$2:$A$624,$B$2:$B$624,""),"") | Q139: =IFERROR(M139/O139,"-") | R139: =IF(ISNUMBER(P139),AE139,0) | S139: =IFERROR((N139/Q139),"-")
A140: 2071 | B140: 105.01 | C140: 2503 | D140: 8.92 | J140: =T140 | K140: 0 | L140: =IFERROR(M140/25,"") | M140: =IF(ISNUMBER(P140),Z140,0) | N140: 0 | O140: =IF(ISNUMBER(P140),X140,0) | P140: =_xludf.IFNA(Z140/_xlfn.XLOOKUP(T140,$A$2:$A$624,$B$2:$B$624,""),"") | Q140: =IFERROR(M140/O140,"-") | R140: =IF(ISNUMBER(P140),AE140,0) | S140: =IFERROR((N140/Q140),"-")
A141: 2072 | B141: 63.93 | C141: 2504 | D141: 7.89 | J141: =T141 | K141: 0 | L141: =IFERROR(M141/25,"") | M141: =IF(ISNUMBER(P141),Z141,0) | N141: 0 | O141: =IF(ISNUMBER(P141),X141,0) | P141: =_xludf.IFNA(Z141/_xlfn.XLOOKUP(T141,$A$2:$A$624,$B$2:$B$624,""),"") | Q141: =IFERROR(M141/O141,"-") | R141: =IF(ISNUMBER(P141),AE141,0) | S141: =IFERROR((N141/Q141),"-")
A142: 2073 | B142: 26.79 | C142: 2505 | D142: 7.89 | J142: =T142 | K142: 0 | L142: =IFERROR(M142/25,"") | M142: =IF(ISNUMBER(P142),Z142,0) | N142: 0 | O142: =IF(ISNUMBER(P142),X142,0) | P142: =_xludf.IFNA(Z142/_xlfn.XLOOKUP(T142,$A$2:$A$624,$B$2:$B$624,""),"") | Q142: =IFERROR(M142/O142,"-") | R142: =IF(ISNUMBER(P142),AE142,0) | S142: =IFERROR((N142/Q142),"-")
A143: 2074 | B143: 33.61 | C143: 2506 | D143: 8.88 | J143: =T143 | K143: 0 | L143: =IFERROR(M143/25,"") | M143: =IF(ISNUMBER(P143),Z143,0) | N143: 0 | O143: =IF(ISNUMBER(P143),X143,0) | P143: =_xludf.IFNA(Z143/_xlfn.XLOOKUP(T143,$A$2:$A$624,$B$2:$B$624,""),"") | Q143: =IFERROR(M143/O143,"-") | R143: =IF(ISNUMBER(P143),AE143,0) | S143: =IFERROR((N143/Q143),"-")
A144: 2075 | B144: 113.84 | C144: 2508 | D144: 8.6 | J144: =T144 | K144: 0 | L144: =IFERROR(M144/25,"") | M144: =IF(ISNUMBER(P144),Z144,0) | N144: 0 | O144: =IF(ISNUMBER(P144),X144,0) | P144: =_xludf.IFNA(Z144/_xlfn.XLOOKUP(T144,$A$2:$A$624,$B$2:$B$624,""),"") | Q144: =IFERROR(M144/O144,"-") | R144: =IF(ISNUMBER(P144),AE144,0) | S144: =IFERROR((N144/Q144),"-")
A145: 2076 | B145: 25.87 | C145: 1012 | D145: 8 | J145: =T145 | K145: 0 | L145: =IFERROR(M145/25,"") | M145: =IF(ISNUMBER(P145),Z145,0) | N145: 0 | O145: =IF(ISNUMBER(P145),X145,0) | P145: =_xludf.IFNA(Z145/_xlfn.XLOOKUP(T145,$A$2:$A$624,$B$2:$B$624,""),"") | Q145: =IFERROR(M145/O145,"-") | R145: =IF(ISNUMBER(P145),AE145,0) | S145: =IFERROR((N145/Q145),"-")
A146: 2078 | B146: 160.45 | C146: 1013 | D146: 7.2 | J146: =T146 | K146: 0 | L146: =IFERROR(M146/25,"") | M146: =IF(ISNUMBER(P146),Z146,0) | N146: 0 | O146: =IF(ISNUMBER(P146),X146,0) | P146: =_xludf.IFNA(Z146/_xlfn.XLOOKUP(T146,$A$2:$A$624,$B$2:$B$624,""),"") | Q146: =IFERROR(M146/O146,"-") | R146: =IF(ISNUMBER(P146),AE146,0) | S146: =IFERROR((N146/Q146),"-")
... A150: 200723 | B150: 40 | C150: 1019 | D150: 15 | J150: =T150 | K150: 0 | L150: =IFERROR(M150/25,"") | M150: =IF(ISNUMBER(P150),Z150,0) | N150: 0 | O150: =IF(ISNUMBER(P150),X150,0) | P150: =_xludf.IFNA(Z150/_xlfn.XLOOKUP(T150,$A$2:$A$624,$B$2:$B$624,""),"") | Q150: =IFERROR(M150/O150,"-") | R150: =IF(ISNUMBER(P150),AE150,0) | S150: =IFERROR((N150/Q150),"-")
A151: 2124 | B151: 72.73 | C151: 1020 | D151: 14 | H151: 1st shift | I151: =H3 | J151: =T151 | K151: 0 | L151: =IFERROR(M151/25,"") | M151: =IF(ISNUMBER(P151),Z151,0) | N151: 0 | O151: =IF(ISNUMBER(P151),X151,0) | P151: =_xludf.IFNA(Z151/_xlfn.XLOOKUP(T151,$A$2:$A$624,$B$2:$B$624,""),"") | Q151: =IFERROR(M151/O151,"-") | R151: =IF(ISNUMBER(P151),AE151,0) | S151: =IFERROR((N151/Q151),"-")
C152: 1021 | D152: 7 | J152: =T152 | K152: 0 | L152: =IFERROR(M152/25,"") | M152: =IF(ISNUMBER(P152),Z152,0) | N152: 0 | O152: =IF(ISNUMBER(P152),X152,0) | P152: =_xludf.IFNA(Z152/_xlfn.XLOOKUP(T152,$A$2:$A$624,$B$2:$B$624,""),"") | Q152: =IFERROR(M152/O152,"-") | R152: =IF(ISNUMBER(P152),AE152,0) | S152: =IFERROR((N152/Q152),"-")
C153: 1023 | D153: 13 | J153: =T153 | K153: 0 | L153: =IFERROR(M153/25,"") | M153: =IF(ISNUMBER(P153),Z153,0) | N153: 0 | O153: =IF(ISNUMBER(P153),X153,0) | P153: =_xludf.IFNA(Z153/_xlfn.XLOOKUP(T153,$A$2:$A$624,$B$2:$B$624,""),"") | Q153: =IFERROR(M153/O153,"-") | R153: =IF(ISNUMBER(P153),AE153,0) | S153: =IFERROR((N153/Q153),"-")
C154: 1024 | D154: 9.5 | J154: =T154 | K154: 0 | L154: =IFERROR(M154/25,"") | M154: =IF(ISNUMBER(P154),Z154,0) | N154: 0 | O154: =IF(ISNUMBER(P154),X154,0) | P154: =_xludf.IFNA(Z154/_xlfn.XLOOKUP(T154,$A$2:$A$624,$B$2:$B$624,""),"") | Q154: =IFERROR(M154/O154,"-") | R154: =IF(ISNUMBER(P154),AE154,0) | S154: =IFERROR((N154/Q154),"-")
C155: 1025 | D155: 15.4 | J155: =T155 | K155: 0 | L155: =IFERROR(M155/25,"") | M155: =IF(ISNUMBER(P155),Z155,0) | N155: 0 | O155: =IF(ISNUMBER(P155),X155,0) | P155: =_xludf.IFNA(Z155/_xlfn.XLOOKUP(T155,$A$2:$A$624,$B$2:$B$624,""),"") | Q155: =IFERROR(M155/O155,"-") | R155: =IF(ISNUMBER(P155),AE155,0) | S155: =IFERROR((N155/Q155),"-")
C156: 1027 | D156: 5.12 | J156: =T156 | K156: 0 | L156: =IFERROR(M156/25,"") | M156: =IF(ISNUMBER(P156),Z156,0) | N156: 0 | O156: =IF(ISNUMBER(P156),X156,0) | P156: =_xludf.IFNA(Z156/_xlfn.XLOOKUP(T156,$A$2:$A$624,$B$2:$B$624,""),"") | Q156: =IFERROR(M156/O156,"-") | R156: =IF(ISNUMBER(P156),AE156,0) | S156: =IFERROR((N156/Q156),"-")
C157: 1028 | D157: 5.12 | J157: =T157 | K157: 0 | L157: =IFERROR(M157/25,"") | M157: =IF(ISNUMBER(P157),Z157,0) | N157: 0 | O157: =IF(ISNUMBER(P157),X157,0) | P157: =_xludf.IFNA(Z157/_xlfn.XLOOKUP(T157,$A$2:$A$624,$B$2:$B$624,""),"") | Q157: =IFERROR(M157/O157,"-") | R157: =IF(ISNUMBER(P157),AE157,0) | S157: =IFERROR((N157/Q157),"-")
C158: 1029 | D158: 4.6 | J158: =T158 | K158: 0 | L158: =IFERROR(M158/25,"") | M158: =IF(ISNUMBER(P158),Z158,0) | N158: 0 | O158: =IF(ISNUMBER(P158),X158,0) | P158: =_xludf.IFNA(Z158/_xlfn.XLOOKUP(T158,$A$2:$A$624,$B$2:$B$624,""),"") | Q158: =IFERROR(M158/O158,"-") | R158: =IF(ISNUMBER(P158),AE158,0) | S158: =IFERROR((N158/Q158),"-")
C159: 1030 | D159: 4.6 | J159: =T159 | K159: 0 | L159: =IFERROR(M159/25,"") | M159: =IF(ISNUMBER(P159),Z159,0) | N159: 0 | O159: =IF(ISNUMBER(P159),X159,0) | P159: =_xludf.IFNA(Z159/_xlfn.XLOOKUP(T159,$A$2:$A$624,$B$2:$B$624,""),"") | Q159: =IFERROR(M159/O159,"-") | R159: =IF(ISNUMBER(P159),AE159,0) | S159: =IFERROR((N159/Q159),"-")
C160: 7300 | D160: 6.24 | J160: =T160 | K160: 0 | L160: =IFERROR(M160/25,"") | M160: =IF(ISNUMBER(P160),Z160,0) | N160: 0 | O160: =IF(ISNUMBER(P160),X160,0) | P160: =_xludf.IFNA(Z160/_xlfn.XLOOKUP(T160,$A$2:$A$624,$B$2:$B$624,""),"") | Q160: =IFERROR(M160/O160,"-") | R160: =IF(ISNUMBER(P160),AE160,0) | S160: =IFERROR((N160/Q160),"-")
C161: 7304 | D161: 6.24 | J161: =T161 | K161: 0 | L161: =IFERROR(M161/25,"") | M161: =IF(ISNUMBER(P161),Z161,0) | N161: 0 | O161: =IF(ISNUMBER(P161),X161,0) | P161: =_xludf.IFNA(Z161/_xlfn.XLOOKUP(T161,$A$2:$A$624,$B$2:$B$624,""),"") | Q161: =IFERROR(M161/O161,"-") | R161: =IF(ISNUMBER(P161),AE161,0) | S161: =IFERROR((N161/Q161),"-")
C162: 7305 | D162: 6 | J162: =T162 | K162: 0 | L162: =IFERROR(M162/25,"") | M162: =IF(ISNUMBER(P162),Z162,0) | N162: 0 | O162: =IF(ISNUMBER(P162),X162,0) | P162: =_xludf.IFNA(Z162/_xlfn.XLOOKUP(T162,$A$2:$A$624,$B$2:$B$624,""),"") | Q162: =IFERROR(M162/O162,"-") | R162: =IF(ISNUMBER(P162),AE162,0) | S162: =IFERROR((N162/Q162),"-")
C163: 7311 | D163: 5.58 | J163: =T163 | K163: 0 | L163: =IFERROR(M163/25,"") | M163: =IF(ISNUMBER(P163),Z163,0) | N163: 0 | O163: =IF(ISNUMBER(P163),X163,0) | P163: =_xludf.IFNA(Z163/_xlfn.XLOOKUP(T163,$A$2:$A$624,$B$2:$B$624,""),"") | Q163: =IFERROR(M163/O163,"-") | R163: =IF(ISNUMBER(P163),AE163,0) | S163: =IFERROR((N163/Q163),"-")
... C264: 1874 | D264: 5.2 | J264: =T264 | K264: 0 | L264: =IFERROR(M264/25,"") | M264: =IF(ISNUMBER(P264),Z264,0) | N264: 0 | O264: =IF(ISNUMBER(P264),X264,0) | P264: =_xludf.IFNA(Z264/_xlfn.XLOOKUP(T264,$A$2:$A$624,$B$2:$B$624,""),"") | Q264: =IFERROR(M264/O264,"-") | R264: =IF(ISNUMBER(P264),AE264,0) | S264: =IFERROR((N264/Q264),"-")
J265: =T265 | K265: 0 | L265: =IFERROR(M265/25,"") | M265: =IF(ISNUMBER(P265),Z265,0) | N265: 0 | O265: =IF(ISNUMBER(P265),X265,0) | P265: =_xludf.IFNA(Z265/_xlfn.XLOOKUP(T265,$A$2:$A$624,$B$2:$B$624,""),"") | Q265: =IFERROR(M265/O265,"-") | R265: =IF(ISNUMBER(P265),AE265,0) | S265: =IFERROR((N265/Q265),"-")
C266: 1856 | D266: 13.8 | J266: =T266 | K266: 0 | L266: =IFERROR(M266/25,"") | M266: =IF(ISNUMBER(P266),Z266,0) | N266: 0 | O266: =IF(ISNUMBER(P266),X266,0) | P266: =_xludf.IFNA(Z266/_xlfn.XLOOKUP(T266,$A$2:$A$624,$B$2:$B$624,""),"") | Q266: =IFERROR(M266/O266,"-") | R266: =IF(ISNUMBER(P266),AE266,0) | S266: =IFERROR((N266/Q266),"-")
C267: 1875 | D267: 7.8 | J267: =T267 | K267: 0 | L267: =IFERROR(M267/25,"") | M267: =IF(ISNUMBER(P267),Z267,0) | N267: 0 | O267: =IF(ISNUMBER(P267),X267,0) | P267: =_xludf.IFNA(Z267/_xlfn.XLOOKUP(T267,$A$2:$A$624,$B$2:$B$624,""),"") | Q267: =IFERROR(M267/O267,"-") | R267: =IF(ISNUMBER(P267),AE267,0) | S267: =IFERROR((N267/Q267),"-")
C268: 2101 | D268: 6.9 | J268: =T268 | K268: 0 | L268: =IFERROR(M268/25,"") | M268: =IF(ISNUMBER(P268),Z268,0) | N268: 0 | O268: =IF(ISNUMBER(P268),X268,0) | P268: =_xludf.IFNA(Z268/_xlfn.XLOOKUP(T268,$A$2:$A$624,$B$2:$B$624,""),"") | Q268: =IFERROR(M268/O268,"-") | R268: =IF(ISNUMBER(P268),AE268,0) | S268: =IFERROR((N268/Q268),"-")
C269: 2102 | D269: 6.9 | J269: =T269 | K269: 0 | L269: =IFERROR(M269/25,"") | M269: =IF(ISNUMBER(P269),Z269,0) | N269: 0 | O269: =IF(ISNUMBER(P269),X269,0) | P269: =_xludf.IFNA(Z269/_xlfn.XLOOKUP(T269,$A$2:$A$624,$B$2:$B$624,""),"") | Q269: =IFERROR(M269/O269,"-") | R269: =IF(ISNUMBER(P269),AE269,0) | S269: =IFERROR((N269/Q269),"-")
C270: 2103 | D270: 11.4 | J270: =T270 | K270: 0 | L270: =IFERROR(M270/25,"") | M270: =IF(ISNUMBER(P270),Z270,0) | N270: 0 | O270: =IF(ISNUMBER(P270),X270,0) | P270: =_xludf.IFNA(Z270/_xlfn.XLOOKUP(T270,$A$2:$A$624,$B$2:$B$624,""),"") | Q270: =IFERROR(M270/O270,"-") | R270: =IF(ISNUMBER(P270),AE270,0) | S270: =IFERROR((N270/Q270),"-")
C271: 2104 | D271: 9.6 | J271: =T271 | K271: 0 | L271: =IFERROR(M271/25,"") | M271: =IF(ISNUMBER(P271),Z271,0) | N271: 0 | O271: =IF(ISNUMBER(P271),X271,0) | P271: =_xludf.IFNA(Z271/_xlfn.XLOOKUP(T271,$A$2:$A$624,$B$2:$B$624,""),"") | Q271: =IFERROR(M271/O271,"-") | R271: =IF(ISNUMBER(P271),AE271,0) | S271: =IFERROR((N271/Q271),"-")
C272: 2105 | D272: 4.5 | J272: =T272 | K272: 0 | L272: =IFERROR(M272/25,"") | M272: =IF(ISNUMBER(P272),Z272,0) | N272: 0 | O272: =IF(ISNUMBER(P272),X272,0) | P272: =_xludf.IFNA(Z272/_xlfn.XLOOKUP(T272,$A$2:$A$624,$B$2:$B$624,""),"") | Q272: =IFERROR(M272/O272,"-") | R272: =IF(ISNUMBER(P272),AE272,0) | S272: =IFERROR((N272/Q272),"-")
C273: 2106 | D273: 7.9 | J273: =T273 | K273: 0 | L273: =IFERROR(M273/25,"") | M273: =IF(ISNUMBER(P273),Z273,0) | N273: 0 | O273: =IF(ISNUMBER(P273),X273,0) | P273: =_xludf.IFNA(Z273/_xlfn.XLOOKUP(T273,$A$2:$A$624,$B$2:$B$624,""),"") | Q273: =IFERROR(M273/O273,"-") | R273: =IF(ISNUMBER(P273),AE273,0) | S273: =IFERROR((N273/Q273),"-")
C274: 2107 | D274: 11.9 | J274: =T274 | K274: 0 | L274: =IFERROR(M274/25,"") | M274: =IF(ISNUMBER(P274),Z274,0) | N274: 0 | O274: =IF(ISNUMBER(P274),X274,0) | P274: =_xludf.IFNA(Z274/_xlfn.XLOOKUP(T274,$A$2:$A$624,$B$2:$B$624,""),"") | Q274: =IFERROR(M274/O274,"-") | R274: =IF(ISNUMBER(P274),AE274,0) | S274: =IFERROR((N274/Q274),"-")
C275: 2108 | D275: 12 | J275: =T275 | K275: 0 | L275: =IFERROR(M275/25,"") | M275: =IF(ISNUMBER(P275),Z275,0) | N275: 0 | O275: =IF(ISNUMBER(P275),X275,0) | P275: =_xludf.IFNA(Z275/_xlfn.XLOOKUP(T275,$A$2:$A$624,$B$2:$B$624,""),"") | Q275: =IFERROR(M275/O275,"-") | R275: =IF(ISNUMBER(P275),AE275,0) | S275: =IFERROR((N275/Q275),"-")
C276: 2109 | D276: 10.6 | J276: =T276 | K276: 0 | L276: =IFERROR(M276/25,"") | M276: =IF(ISNUMBER(P276),Z276,0) | N276: 0 | O276: =IF(ISNUMBER(P276),X276,0) | P276: =_xludf.IFNA(Z276/_xlfn.XLOOKUP(T276,$A$2:$A$624,$B$2:$B$624,""),"") | Q276: =IFERROR(M276/O276,"-") | R276: =IF(ISNUMBER(P276),AE276,0) | S276: =IFERROR((N276/Q276),"-")
...

Sheet 08_Chart_Data
N2: wingget | O2: =3.6%*G30
H3: 0.035 | L3: SPLIT WING | M3: =6%*G30*(1-H3) | N3: wingdrum | O3: =4.3%*G30 | Q3: 61087 | R3: =M24 | S3: 25
H4: WING | I4: =9%*G30 | Q4: 61074 | R4: =I18 | S4: 25
L5: TIPS | M5: =1.2%*G30 | Q5: 61076 | R5: =M19 | S5: 25 | U5: 1 | V5: =U5*O2
Q6: 61051 | R6: =M9 | S6: 25
E7: FRONT | F7: =52.8%*G30 | Q7: 61042 | R7: =M13 | S7: 25
L8: BACK | M8: =2.4%*G30 | O8: 1.6 | Q8: 61049 | R8: =M14 | S8: 25
L9: BREAST MEAT | M9: =30.5%*G30 | N9: =M9/2 | O9: =O8*M9 | Q9: 61016 | R9: =M3 | S9: 25
H10: Front Half | I10: =41%*G30 | L10: TENDER | M10: =4.75%*G30 | Q10: 61069 | R10: =M9 | S10: 25
L11: SKIN | M11: 0.04 | Q11: 61070 | R11: =M9 | S11: 25
B12: WHOEL BIRD | C12: 1 | L12: BREAST BONE | Q12: 61079 | R12: =I23 | S12: 25
L13: SKIN ON BR | M13: =38%*G30 | N13: =M13/2 | Q13: 200903 | R13: =N41 | S13: 25
L14: SKINELESS BR | M14: =36%*G30 | N14: =M14/2 | Q14: 203175 | R14: =I23 | S14: 25
L15: BNLS TEN IN | Q15: 61086 | R15: =M24 | S15: 25
Q16: 159 | R16: =N41 | S16: 18
L17: SKIN | Q17: 61072 | R17: =I18 | S17: 25
H18: DRUM | I18: 0.14 | J18: =I18/2 | Q18: 61050 | R18: =M9 | S18: 25
L19: SKINLESS DRUM | M19: =12%*G30 | Q19: 61014 | R19: =M3 | S19: 25
Q20: 61078 | R20: =I23 | S20: 25
E21: SADDLE | F21: =46%*G30 | H21: BACK BONE | I21: =13%*G30 | Q21: 61077F | R21: =I23 | S21: 25
L22: SKIN | M22: =0.058*G30 | Q22: 61072F | R22: =I18 | S22: 25
H23: THIGH | I23: =18.6%*G30 | J23: =I23/2 | L23: BONE | Q23: 61086F | R23: =M24 | S23: 25
L24: THIGH MEAT | M24: =10.5%*G30 | N24: =M24/2 | Q24: 61050F | R24: =M9 | S24: 25
Q25: 203169 | R25: =N32 | S25: 25
L26: Whole Legs | M26: =32%*G30 | Q26: 61077 | R26: =I23 | S26: 25
Q27: 61064 | R27: =M9 | S27: 25
Q28: 868 | R28: =N42 | S28: 18
Q29: 1894 | R29: =N32 | S29: 18
E30: All part will reduce % for reject | G30: 1 | K30: 0.41 | L30: Wetchill | M30: Splitbreast Skinon | N30: =K30*$G$30 | Q30: 61040#2 | R30: =N30 | S30: 25
K31: 0.38 | L31: Wetchill | M31: Splitbreast Skinless | N31: =K31*$G$30 | Q31: 61048 | R31: =N31 | S31: 25
K32: 0.3 | L32: Wetchill | M32: Boneless Breast | N32: =K32*$G$30 | Q32: 61050#2 | R32: =N32 | S32: 25
K33: 0.18 | L33: Wetchill | M33: Boneless Breast WOF | N33: =K33*$G$30 | Q33: 61061 | R33: =N41 | S33: 25
K34: 0.03 | L34: Wetchill | M34: Fillet | N34: =K34*$G$30 | Q34: 61082 | R34: =N38 | S34: 25
D35: Drum | E35: 0.1240304 | F35: x | K35: 0.14 | L35: Wetchill | M35: Drum Bonein | N35: =K35 | Q35: 61086#2 | R35: =N40 | S35: 25
D36: Thigh | E36: 0.18643782 | F36: x | K36: 0.115 | L36: Wetchill | M36: Drum Skinless | N36: =K36*$G$30 | Q36: 61072#2 | R36: =N35 | S36: 25
D37: Thigh meat | E37: 0.10654158 | F37: x | K37: 0.087555955 | L37: Wetchill | M37: Drum Boneless Skinless | N37: =K37*$G$30 | Q37: 61010 | R37: =N46 | S37: 25
K38: 0.19 | L38: Wetchill | M38: Thigh Bonein | N38: =K38*$G$30 | Q38: 904 | R38: =N46 | S38: 18
K39: 0.14833925 | L39: Wetchill | M39: Thigh Skinless | N39: =K39*$G$30 | Q39: 61121 | R39: =N48 | S39: 25
D40: Wing | E40: 0.10229607 | K40: 0.11 | L40: Wetchill | M40: Thigh Boneless Skinless | N40: =K40*$G$30 | Q40: 61014#2 | R40: =N42 | S40: 25
D41: Split Wing | E41: 0.091124469 | F41: x | K41: 0.46 | L41: Wetchill | M41: Leg Quarter | N41: =K41*$G$30 | Q41: 200902 | R41: =N38 | S41: 18
K42: 0.095 | L42: Wetchill | M42: Split Wing | N42: =K42*$G$30 | Q42: 61041 | R42: =M14 | S42: 25
D43: Breast | E43: 0.40980958 | F43: x | K43: 0.036353616 | L43: Wetchill | M43: Winglette | N43: =K43*$G$30*(1-H3) | Q43: 165 | R43: =N32 | S43: 10
D44: Bnls | E44: 0.2937629 | F44: x | K44: 0.043128864 | L44: Wetchill | M44: Drumlette | N44: =K44*$G$30*(1-H3) | Q44: 203033 | R44: =N41 | S44: 23
K45: 0.012677784 | L45: Wetchill | M45: Wing Tip | N45: =K45*$G$30 | Q45: 64 | R45: =N40 | S45: 5
K46: 0.105 | L46: Wetchill | M46: Whole Wing | N46: =K46*$G$30 | Q46: 200064 | R46: =N40 | S46: 5
K47: 1 | L47: Wetchill | M47: Whole Bird | N47: =K47*$G$30 | Q47: 1081 | R47: =M9 | S47: 20
K48: 0.1300104 | L48: Wetchill | M48: Back | N48: =K48*$G$30 | Q48: 160 | R48: =N35 | S48: 18
Q49: 203174 | R49: =N40 | S49: 25
Q50: 203171 | R50: =N35 | S50: 25
Q51: 61061 | R51: =F21 | S51: 25
Q52: 61052 | R52: =F21 | S52: 800
Q53: 61018 | R53: =N46+0.005 | S53: 550
Q54: 61014B | R54: =N42 | S54: 25
Q55: 200083 | R55: =N30 | S55: 600
Q56: 200089 | R56: =I10 | S56: 600
Q57: 1081 | R57: =M9 | S57: 20
Q58: 201894 | R58: =N32 | S58: 18
Q59: 201895 | R59: =N32 | S59: 18
Q60: 1888 | R60: =M13 | S60: 18
Q61: 2233 | R61: =M3 | S61: 18
Q62: 61073 | R62: =N35 | S62: 800
Q63: 895 | R63: =I18 | S63: 18
Q64: 200095 | R64: =N35+0.005 | S64: 18
Q65: 2235 | R65: =I18 | S65: 20
Q66: 1083 | R66: =I18 | S66: 20
Q67: 1887 | R67: =N41 | S67: 18
Q68: 61061F | R68: =N41 | S68: 25
Q69: 203172 | R69: =N46 | S69: 25
Q70: 203173 | R70: =N42 | S70: 25
Q71: 203846 | R71: =N31 | S71: 25
Q72: 65 | R72: =N32 | S72: 5
Q73: 902 | R73: =N38 | S73: 20
Q74: 834 | R74: =N38 | S74: 18
Q75: 200159 | R75: =N41 | S75: 18
Q76: ZH61050F | R76: =M9 | S76: 25
Q77: ZH61072 | R77: =I18 | S77: 25
Q78: ZH61086F | R78: =M24 | S78: 25
Q79: ZH61077 | R79: =I23 | S79: 25
Q80: 61014F | R80: =M3 | S80: 25
Q81: ZH61061 | R81: =F21 | S81: 25
Q82: 2236 | R82: =M9 | S82: 20
Q83: 61075 | R83: =N35 | S83: 800
Q84: 203035 | R84: =M3 | S84: 23
Q85: 161 | R85: =N38 | S85: 20
Q86: 61050C | R86: =M9 | S86: 25
Q87: 61072C | R87: =I18 | S87: 25
Q88: 61086C | R88: =M24 | S88: 25
Q89: 61014C | R89: =M3 | S89: 25
Q90: 203194 | R90: =M3 | S90: 25
Q91: 1412 | R91: =N40 | S91: 18
Q92: 203087 | R92: =M9 | S92: 25
Q93: 420172 | R93: =N32-M10 | S93: 5
Q94: 1446 | R94: =N32 | S94: 10
Q95: 200904 | R95: =N35 | S95: 18
Q96: 203148 | R96: =N40 | S96: 25
Q97: 61062 | R97: =F21 | S97: 800

Sheet 09_Pallet_Space
B1: Pallet space | C1: Each Pallet | D1: Total
A2: 18kg Boxes | B2: 8 | C2: 48 | D2: 384
A3: 18kg Lids | B3: 2 | C3: 288 | D3: 576
A4: 5kg boxes | B4: 1 | C4: 144 | D4: 144
A5: 10kg Boxes | B5: 1 | C5: 105 | D5: 105
A6: TP/Baggging Boxes | B6: 6 | C6: 100 | D6: 800
A7: IFCO baskets | B7: 2
A8: Costco | B8: 20 | C8: 50 | D8: 1200 | F8: Center rack and top of north rack.
A10: Total: | B10: =SUM(B2:B8)
B12: 30 at the north wall rack and 10 at the east of the center rack
Q16: Dumper | R16: 1
Q17: Packer | R17: 7
Q18: Machine Operator | R18: 1
C19: M.O | D19: pack off | E19: Dumper | F19: Box and Basket Maker | G19: Scaler | H19: Picker | I19: P Mover | J19: forklift | K19: Pelletizing | L19: Packer | M19: LH&other | N19: Total | Q19: Pack off | R19: 1
B20: Line 1 | C20: 1 | D20: 1 | E20: 1 | F20: 1 | G20: 2 | H20: 3 | J20: 1 | K20: 2 | L20: 10 | N20: =SUM(C20:M20) | Q20: Scaler | R20: 1
B21: Line 2 | C21: 1 | D21: 1 | E21: 1 | F21: 1 | I21: 2 | J21: 1 | L21: 10 | N21: =SUM(C21:M21)
B22: Line 3 | C22: 2 | D22: 1 | E22: 1 | G22: 1 | L22: 7 | M22: 1 | N22: =SUM(C22:M22)
B23: Line 4 | C23: 1 | D23: 1 | E23: 1 | G23: 1 | L23: 4 | M23: 1 | N23: =SUM(C23:M23)
B24: Line 5 | C24: 1 | D24: 1 | E24: 1 | F24: 1 | L24: 6 | N24: =SUM(C24:M24)
B25: Line 6 | C25: 1 | D25: 1 | E25: 1 | L25: 7 | M25: 3 | N25: =SUM(C25:M25)
B26: Line 9 | C26: 1 | D26: 1 | E26: 1 | G26: 1 | L26: 12 | M26: 2 | N26: =SUM(C26:M26)
B27: Line 8 | C27: 2 | D27: 1 | G27: 1 | I27: 1 | L27: 1 | N27: =SUM(C27:M27)
I29: 5000cases | K29: Packer % | L29: =SUM(L20:L26)/N29 | M29: Total: | N29: =SUM(N20:N27)

Sheet 10_Cone_Line
A1: Code | B1: Code | C1: Form TP Order | D1: Form Cone line order | E1: ORDER | F1: Order check | G1: ShelfLife
A2: 64 | B2: MB BSTHIGH AC BG 5KG | C2: =_xlfn.XLOOKUP(A3,'06_Resource_Plan'!$C$3:$C$136,'06_Resource_Plan'!$F$3:$F$136,"No info") | D2: =_xlfn.XLOOKUP(A3,'03_BulkPack_Order'!$A$2:$A$67,'03_BulkPack_Order'!$H$2:$H$67,"No info") | E2: =MAX(C3:D3) | F2: =IFERROR(VLOOKUP(A3,'01_Cages_Plan'!$C$26:$E$151,3,0),"Missing info") | G2: 10
A3: 65 | B3: 65 | C3: =_xlfn.XLOOKUP(A4,'06_Resource_Plan'!$C$3:$C$136,'06_Resource_Plan'!$F$3:$F$136,"No info") | D3: =_xlfn.XLOOKUP(A4,'03_BulkPack_Order'!$A$2:$A$67,'03_BulkPack_Order'!$H$2:$H$67,"No info") | E3: =MAX(C4:D4) | F3: =IFERROR(VLOOKUP(A4,'01_Cages_Plan'!$C$26:$E$151,3,0),"Missing info") | G3: 10
A4: 71 | B4: FILLET 25KG | C4: =_xlfn.XLOOKUP(A5,'06_Resource_Plan'!$C$3:$C$136,'06_Resource_Plan'!$F$3:$F$136,"No info") | D4: =_xlfn.XLOOKUP(A5,'03_BulkPack_Order'!$A$2:$A$67,'03_BulkPack_Order'!$H$2:$H$67,"No info") | E4: =MAX(C5:D5) | F4: =IFERROR(VLOOKUP(A5,'01_Cages_Plan'!$C$26:$E$151,3,0),"Missing info") | G4: 7
A5: 100 | B5: WING 18KG | C5: =_xlfn.XLOOKUP(A6,'06_Resource_Plan'!$C$3:$C$136,'06_Resource_Plan'!$F$3:$F$136,"No info") | D5: =_xlfn.XLOOKUP(A6,'03_BulkPack_Order'!$A$2:$A$67,'03_BulkPack_Order'!$H$2:$H$67,"No info") | E5: =MAX(C6:D6) | F5: =IFERROR(VLOOKUP(A6,'01_Cages_Plan'!$C$26:$E$151,3,0),"Missing info") | G5: 8
A6: 159 | B6: 159 MS LEG BA 18KG | C6: =_xlfn.XLOOKUP(A7,'06_Resource_Plan'!$C$3:$C$136,'06_Resource_Plan'!$F$3:$F$136,"No info") | D6: =_xlfn.XLOOKUP(A7,'03_BulkPack_Order'!$A$2:$A$67,'03_BulkPack_Order'!$H$2:$H$67,"No info") | E6: =MAX(C7:D7) | F6: =IFERROR(VLOOKUP(A7,'01_Cages_Plan'!$C$26:$E$151,3,0),"Missing info") | G6: 8
A7: 160 | B7: MS DRUM 18KG | C7: =_xlfn.XLOOKUP(A8,'06_Resource_Plan'!$C$3:$C$136,'06_Resource_Plan'!$F$3:$F$136,"No info") | D7: =_xlfn.XLOOKUP(A8,'03_BulkPack_Order'!$A$2:$A$67,'03_BulkPack_Order'!$H$2:$H$67,"No info") | E7: =MAX(C8:D8) | F7: =IFERROR(VLOOKUP(A8,'01_Cages_Plan'!$C$26:$E$151,3,0),"Missing info") | G7: 8
A8: 161 | B8: CHICKEN THIGHS 20KG | C8: =_xlfn.XLOOKUP(A9,'06_Resource_Plan'!$C$3:$C$136,'06_Resource_Plan'!$F$3:$F$136,"No info") | D8: =_xlfn.XLOOKUP(A9,'03_BulkPack_Order'!$A$2:$A$67,'03_BulkPack_Order'!$H$2:$H$67,"No info") | E8: =MAX(C9:D9) | F8: =IFERROR(VLOOKUP(A9,'01_Cages_Plan'!$C$26:$E$151,3,0),"Missing info") | G8: 8
A9: 165 | B9: MB BSHB RND AC 10KG | C9: =_xlfn.XLOOKUP(A10,'06_Resource_Plan'!$C$3:$C$136,'06_Resource_Plan'!$F$3:$F$136,"No info") | D9: =_xlfn.XLOOKUP(A10,'03_BulkPack_Order'!$A$2:$A$67,'03_BulkPack_Order'!$H$2:$H$67,"No info") | E9: =MAX(C10:D10) | F9: =IFERROR(VLOOKUP(A10,'01_Cages_Plan'!$C$26:$E$151,3,0),"Missing info")
A10: 834 | B10: BONE IN THIGH | C10: =_xlfn.XLOOKUP(A11,'06_Resource_Plan'!$C$3:$C$136,'06_Resource_Plan'!$F$3:$F$136,"No info") | D10: =_xlfn.XLOOKUP(A11,'03_BulkPack_Order'!$A$2:$A$67,'03_BulkPack_Order'!$H$2:$H$67,"No info") | E10: =MAX(C11:D11) | F10: =IFERROR(VLOOKUP(A11,'01_Cages_Plan'!$C$26:$E$151,3,0),"Missing info") | G10: 10
A11: 868 | B11: 868 | C11: =_xlfn.XLOOKUP(A12,'06_Resource_Plan'!$C$3:$C$136,'06_Resource_Plan'!$F$3:$F$136,"No info") | D11: =_xlfn.XLOOKUP(A12,'03_BulkPack_Order'!$A$2:$A$67,'03_BulkPack_Order'!$H$2:$H$67,"No info") | E11: =MAX(C12:D12) | F11: =IFERROR(VLOOKUP(A12,'01_Cages_Plan'!$C$26:$E$151,3,0),"Missing info") | G11: 9
A12: 895 | B12: 895 DRUM X 18 KG | C12: =_xlfn.XLOOKUP(A13,'06_Resource_Plan'!$C$3:$C$136,'06_Resource_Plan'!$F$3:$F$136,"No info") | D12: =_xlfn.XLOOKUP(A13,'03_BulkPack_Order'!$A$2:$A$67,'03_BulkPack_Order'!$H$2:$H$67,"No info") | E12: =MAX(C13:D13) | F12: =IFERROR(VLOOKUP(A13,'01_Cages_Plan'!$C$26:$E$151,3,0),"Missing info") | G12: 9
A13: 900 | B13: SPLIT WING 18 KG | C13: =_xlfn.XLOOKUP(A14,'06_Resource_Plan'!$C$3:$C$136,'06_Resource_Plan'!$F$3:$F$136,"No info") | D13: =_xlfn.XLOOKUP(A14,'03_BulkPack_Order'!$A$2:$A$67,'03_BulkPack_Order'!$H$2:$H$67,"No info") | E13: =MAX(C14:D14) | F13: =IFERROR(VLOOKUP(A14,'01_Cages_Plan'!$C$26:$E$151,3,0),"Missing info") | G13: 10
A14: 902 | B14: BONE IN THIGH | C14: =_xlfn.XLOOKUP(A15,'06_Resource_Plan'!$C$3:$C$136,'06_Resource_Plan'!$F$3:$F$136,"No info") | D14: =_xlfn.XLOOKUP(A15,'03_BulkPack_Order'!$A$2:$A$67,'03_BulkPack_Order'!$H$2:$H$67,"No info") | E14: =MAX(C15:D15) | F14: =IFERROR(VLOOKUP(A15,'01_Cages_Plan'!$C$26:$E$151,3,0),"Missing info") | G14: 10
A15: 903 | B15: B/A LEG 18KG | C15: =_xlfn.XLOOKUP(A16,'06_Resource_Plan'!$C$3:$C$136,'06_Resource_Plan'!$F$3:$F$136,"No info") | D15: =_xlfn.XLOOKUP(A16,'03_BulkPack_Order'!$A$2:$A$67,'03_BulkPack_Order'!$H$2:$H$67,"No info") | E15: =MAX(C16:D16) | F15: =IFERROR(VLOOKUP(A16,'01_Cages_Plan'!$C$26:$E$151,3,0),"Missing info") | G15: 10
A16: 904 | C16: =_xlfn.XLOOKUP(A17,'06_Resource_Plan'!$C$3:$C$136,'06_Resource_Plan'!$F$3:$F$136,"No info") | D16: =_xlfn.XLOOKUP(A17,'03_BulkPack_Order'!$A$2:$A$67,'03_BulkPack_Order'!$H$2:$H$67,"No info") | E16: =MAX(C17:D17) | F16: =IFERROR(VLOOKUP(A17,'01_Cages_Plan'!$C$26:$E$151,3,0),"Missing info") | G16: 10
A17: 61018 | B17: 1026 WHOLE WING CAGE | C17: =_xlfn.XLOOKUP(A18,'06_Resource_Plan'!$C$3:$C$136,'06_Resource_Plan'!$F$3:$F$136,"No info") | D17: =_xlfn.XLOOKUP(A18,'03_BulkPack_Order'!$A$2:$A$67,'03_BulkPack_Order'!$H$2:$H$67,"No info") | E17: =MAX(C18:D18) | F17: =IFERROR(VLOOKUP(A18,'01_Cages_Plan'!$C$26:$E$151,3,0),"Missing info") | G17: 8
A18: 61014B | B18: Split wing for Bagging | C18: =_xlfn.XLOOKUP(A19,'06_Resource_Plan'!$C$3:$C$136,'06_Resource_Plan'!$F$3:$F$136,"No info") | D18: =_xlfn.XLOOKUP(A19,'03_BulkPack_Order'!$A$2:$A$67,'03_BulkPack_Order'!$H$2:$H$67,"No info") | E18: =MAX(C19:D19) | F18: =IFERROR(VLOOKUP(A19,'01_Cages_Plan'!$C$26:$E$151,3,0),"Missing info")
A19: 1081 | B19: 1081 RWA BONELESS X20 KG | C19: =_xlfn.XLOOKUP(A20,'06_Resource_Plan'!$C$3:$C$136,'06_Resource_Plan'!$F$3:$F$136,"No info") | D19: =_xlfn.XLOOKUP(A20,'03_BulkPack_Order'!$A$2:$A$67,'03_BulkPack_Order'!$H$2:$H$67,"No info") | E19: =MAX(C20:D20) | F19: =IFERROR(VLOOKUP(A20,'01_Cages_Plan'!$C$26:$E$151,3,0),"Missing info")
A20: 1083 | B20: 1083 RWA DRUM X20 KG | C20: =_xlfn.XLOOKUP(A21,'06_Resource_Plan'!$C$3:$C$136,'06_Resource_Plan'!$F$3:$F$136,"No info") | D20: =_xlfn.XLOOKUP(A21,'03_BulkPack_Order'!$A$2:$A$67,'03_BulkPack_Order'!$H$2:$H$67,"No info") | E20: =MAX(C21:D21) | F20: =IFERROR(VLOOKUP(A21,'01_Cages_Plan'!$C$26:$E$151,3,0),"Missing info")
B21: BONELESS SKINLESS THIGH 18KG | C21: =_xlfn.XLOOKUP(A22,'06_Resource_Plan'!$C$3:$C$136,'06_Resource_Plan'!$F$3:$F$136,"No info") | D21: =_xlfn.XLOOKUP(A22,'03_BulkPack_Order'!$A$2:$A$67,'03_BulkPack_Order'!$H$2:$H$67,"No info") | E21: =MAX(C22:D22) | F21: =IFERROR(VLOOKUP(A22,'01_Cages_Plan'!$C$26:$E$151,3,0),"Missing info") | G21: 8
A22: 1446 | B22: MS BSHB RND 10KG PAGE: 1 OF 2 | C22: =_xlfn.XLOOKUP(A23,'06_Resource_Plan'!$C$3:$C$136,'06_Resource_Plan'!$F$3:$F$136,"No info") | D22: =_xlfn.XLOOKUP(A23,'03_BulkPack_Order'!$A$2:$A$67,'03_BulkPack_Order'!$H$2:$H$67,"No info") | E22: =MAX(C23:D23) | F22: =IFERROR(VLOOKUP(A23,'01_Cages_Plan'!$C$26:$E$151,3,0),"Missing info")
A23: 1887 | B23: 1887 B/A LEG X20 KG | C23: =_xlfn.XLOOKUP(A24,'06_Resource_Plan'!$C$3:$C$136,'06_Resource_Plan'!$F$3:$F$136,"No info") | D23: =_xlfn.XLOOKUP(A24,'03_BulkPack_Order'!$A$2:$A$67,'03_BulkPack_Order'!$H$2:$H$67,"No info") | E23: =MAX(C24:D24) | F23: =IFERROR(VLOOKUP(A24,'01_Cages_Plan'!$C$26:$E$151,3,0),"Missing info") | G23: 12
A24: 40021 | C24: =_xlfn.XLOOKUP(A25,'06_Resource_Plan'!$C$3:$C$136,'06_Resource_Plan'!$F$3:$F$136,"No info") | D24: =_xlfn.XLOOKUP(A25,'03_BulkPack_Order'!$A$2:$A$67,'03_BulkPack_Order'!$H$2:$H$67,"No info") | E24: =MAX(C25:D25) | F24: =IFERROR(VLOOKUP(A25,'01_Cages_Plan'!$C$26:$E$151,3,0),"Missing info") | G24: 12
A25: 2233 | B25: 1889 SPLIT WING X20KG | C25: =_xlfn.XLOOKUP(A26,'06_Resource_Plan'!$C$3:$C$136,'06_Resource_Plan'!$F$3:$F$136,"No info") | D25: =_xlfn.XLOOKUP(A26,'03_BulkPack_Order'!$A$2:$A$67,'03_BulkPack_Order'!$H$2:$H$67,"No info") | E25: =MAX(C26:D26) | F25: =IFERROR(VLOOKUP(A26,'01_Cages_Plan'!$C$26:$E$151,3,0),"Missing info") | G25: 12
A26: 1894 | B26: 1894 | C26: =_xlfn.XLOOKUP(A27,'06_Resource_Plan'!$C$3:$C$136,'06_Resource_Plan'!$F$3:$F$136,"No info") | D26: =_xlfn.XLOOKUP(A27,'03_BulkPack_Order'!$A$2:$A$67,'03_BulkPack_Order'!$H$2:$H$67,"No info") | E26: =MAX(C27:D27) | F26: =IFERROR(VLOOKUP(A27,'01_Cages_Plan'!$C$26:$E$151,3,0),"Missing info") | G26: 9
A27: 2235 | B27: 2231 DRUMS STICK | C27: =_xlfn.XLOOKUP(A28,'06_Resource_Plan'!$C$3:$C$136,'06_Resource_Plan'!$F$3:$F$136,"No info") | D27: =_xlfn.XLOOKUP(A28,'03_BulkPack_Order'!$A$2:$A$67,'03_BulkPack_Order'!$H$2:$H$67,"No info") | E27: =MAX(C28:D28) | F27: =IFERROR(VLOOKUP(A28,'01_Cages_Plan'!$C$26:$E$151,3,0),"Missing info") | G27: 12
A28: 2236 | B28: COSTCO BONELESS | C28: =_xlfn.XLOOKUP(A29,'06_Resource_Plan'!$C$3:$C$136,'06_Resource_Plan'!$F$3:$F$136,"No info") | D28: =_xlfn.XLOOKUP(A29,'03_BulkPack_Order'!$A$2:$A$67,'03_BulkPack_Order'!$H$2:$H$67,"No info") | E28: =MAX(C29:D29) | F28: =IFERROR(VLOOKUP(A29,'01_Cages_Plan'!$C$26:$E$151,3,0),"Missing info") | G28: 12
A29: 7232 | B29: 61069 CUTLET RWA 7232 (PIECES) *5 | C29: =IFERROR(VLOOKUP(A30,'05_Daily_Orders'!$B$3:$G$295,6,0)*VLOOKUP(A30,Tray_Pack,7,0)*5,"") | D29: =_xlfn.XLOOKUP(A30,'03_BulkPack_Order'!$A$2:$A$67,'03_BulkPack_Order'!$H$2:$H$67,"No info") | E29: =MAX(C30:D30) | F29: =IFERROR(VLOOKUP(A30,'01_Cages_Plan'!$C$26:$E$151,3,0),"Missing info")
A30: 7233 | B30: 61070 STRIP RWA 7233 (TRAY)*4 | C30: =IFERROR(VLOOKUP(A31,'05_Daily_Orders'!$B$3:$G$295,6,0)*VLOOKUP(A31,Tray_Pack,7,0)*4,"") | D30: =_xlfn.XLOOKUP(A31,'03_BulkPack_Order'!$A$2:$A$67,'03_BulkPack_Order'!$H$2:$H$67,"No info") | E30: =MAX(C31:D31) | F30: =IFERROR(VLOOKUP(A31,'01_Cages_Plan'!$C$26:$E$151,3,0),"Missing info")
A31: 7243 | B31: 61069 CUTLET RWA 7243 *10 | C31: =IFERROR(VLOOKUP(A32,'05_Daily_Orders'!$B$3:$G$295,6,0)*VLOOKUP(A32,Tray_Pack,7,0)*10,"") | D31: =_xlfn.XLOOKUP(A32,'03_BulkPack_Order'!$A$2:$A$67,'03_BulkPack_Order'!$H$2:$H$67,"No info") | E31: =MAX(C32:D32) | F31: =IFERROR(VLOOKUP(A32,'01_Cages_Plan'!$C$26:$E$151,3,0),"Missing info")
A32: 7314 | B32: MS FFTF BSHB WOF CUTLET AC PP 7314 | C32: =IFERROR(VLOOKUP(A33,'05_Daily_Orders'!$B$3:$G$295,6,0)*VLOOKUP(A33,Tray_Pack,7,0),"") | D32: =_xlfn.XLOOKUP(A33,'03_BulkPack_Order'!$A$2:$A$67,'03_BulkPack_Order'!$H$2:$H$67,"No info") | E32: =MAX(C33:D33) | F32: =IFERROR(VLOOKUP(A33,'01_Cages_Plan'!$C$26:$E$151,3,0),"Missing info")
A33: 7811 | C33: =_xlfn.XLOOKUP(A34,'06_Resource_Plan'!$C$3:$C$136,'06_Resource_Plan'!$F$3:$F$136,"No info") | D33: =_xlfn.XLOOKUP(A34,'03_BulkPack_Order'!$A$2:$A$67,'03_BulkPack_Order'!$H$2:$H$67,"No info") | E33: =MAX(C34:D34) | F33: =IFERROR(VLOOKUP(A34,'01_Cages_Plan'!$C$26:$E$151,3,0),"Missing info")
A34: 7812 | C34: =_xlfn.XLOOKUP(A35,'06_Resource_Plan'!$C$3:$C$136,'06_Resource_Plan'!$F$3:$F$136,"No info") | D34: =_xlfn.XLOOKUP(A35,'03_BulkPack_Order'!$A$2:$A$67,'03_BulkPack_Order'!$H$2:$H$67,"No info") | E34: =MAX(C35:D35) | F34: =IFERROR(VLOOKUP(A35,'01_Cages_Plan'!$C$26:$E$151,3,0),"Missing info")
A35: 7813 | C35: =_xlfn.XLOOKUP(A36,'06_Resource_Plan'!$C$3:$C$136,'06_Resource_Plan'!$F$3:$F$136,"No info") | D35: =_xlfn.XLOOKUP(A36,'03_BulkPack_Order'!$A$2:$A$67,'03_BulkPack_Order'!$H$2:$H$67,"No info") | E35: =MAX(C36:D36) | F35: =IFERROR(VLOOKUP(A36,'01_Cages_Plan'!$C$26:$E$151,3,0),"Missing info")
A36: 7814 | B36: 61064 BUTTERFLY 7814 (TRAY) *2 | C36: =IFERROR(VLOOKUP(A37,'05_Daily_Orders'!$B$3:$G$295,6,0)*VLOOKUP(A37,Tray_Pack,7,0)*4,"") | D36: =_xlfn.XLOOKUP(A37,'03_BulkPack_Order'!$A$2:$A$67,'03_BulkPack_Order'!$H$2:$H$67,"No info") | E36: =MAX(C37:D37) | F36: =IFERROR(VLOOKUP(A37,'01_Cages_Plan'!$C$26:$E$151,3,0),"Missing info")
A37: 40838 | B37: FROZEN WINGS 18KG | C37: =_xlfn.XLOOKUP(A38,'06_Resource_Plan'!$C$3:$C$136,'06_Resource_Plan'!$F$3:$F$136,"No info") | D37: =_xlfn.XLOOKUP(A38,'03_BulkPack_Order'!$A$2:$A$67,'03_BulkPack_Order'!$H$2:$H$67,"No info") | E37: =MAX(C38:D38) | F37: =IFERROR(VLOOKUP(A38,'01_Cages_Plan'!$C$26:$E$151,3,0),"Missing info") | G37: 365
A38: 61010 | B38: 61010 WHOLE WING X25KG | C38: =_xlfn.XLOOKUP(A39,'06_Resource_Plan'!$C$3:$C$136,'06_Resource_Plan'!$F$3:$F$136,"No info") | D38: =_xlfn.XLOOKUP(A39,'03_BulkPack_Order'!$A$2:$A$67,'03_BulkPack_Order'!$H$2:$H$67,"No info") | E38: =MAX(C39:D39) | F38: =IFERROR(VLOOKUP(A39,'01_Cages_Plan'!$C$26:$E$151,3,0),"Missing info")
A39: 61014 | B39: 61014/20 SPLIT WING X25KG | C39: =_xlfn.XLOOKUP(A40,'06_Resource_Plan'!$C$3:$C$136,'06_Resource_Plan'!$F$3:$F$136,"No info") | D39: =_xlfn.XLOOKUP(A40,'03_BulkPack_Order'!$A$2:$A$67,'03_BulkPack_Order'!$H$2:$H$67,"No info") | E39: =MAX(C40:D40) | F39: =IFERROR(VLOOKUP(A40,'01_Cages_Plan'!$C$26:$E$151,3,0),"Missing info")
A40: 61016 | B40: 61016 RWA SPLIT WING | C40: =_xlfn.XLOOKUP(A41,'06_Resource_Plan'!$C$3:$C$136,'06_Resource_Plan'!$F$3:$F$136,"No info") | D40: =_xlfn.XLOOKUP(A41,'03_BulkPack_Order'!$A$2:$A$67,'03_BulkPack_Order'!$H$2:$H$67,"No info") | E40: =MAX(C41:D41) | F40: =IFERROR(VLOOKUP(A41,'01_Cages_Plan'!$C$26:$E$151,3,0),"Missing info")
A41: 61040#2 | B41: 61040 REJECT SPLIT BREAST X25KG | C41: =_xlfn.XLOOKUP(A42,'06_Resource_Plan'!$C$3:$C$136,'06_Resource_Plan'!$F$3:$F$136,"No info") | D41: =_xlfn.XLOOKUP(A42,'03_BulkPack_Order'!$A$2:$A$67,'03_BulkPack_Order'!$H$2:$H$67,"No info") | E41: =MAX(C42:D42) | F41: =IFERROR(VLOOKUP(A42,'01_Cages_Plan'!$C$26:$E$151,3,0),"Missing info")
A42: 61042 | B42: 61042 RWA SKLN ON SPLIT BREAST X25KG | C42: =_xlfn.XLOOKUP(A43,'06_Resource_Plan'!$C$3:$C$136,'06_Resource_Plan'!$F$3:$F$136,"No info") | D42: =_xlfn.XLOOKUP(A43,'03_BulkPack_Order'!$A$2:$A$67,'03_BulkPack_Order'!$H$2:$H$67,"No info") | E42: =MAX(C43:D43) | F42: =IFERROR(VLOOKUP(A43,'01_Cages_Plan'!$C$26:$E$151,3,0),"Missing info")
A43: 61048 | B43: 61048 REJECT SKNLS SPLIT BREAST X25KG | C43: =_xlfn.XLOOKUP(A44,'06_Resource_Plan'!$C$3:$C$136,'06_Resource_Plan'!$F$3:$F$136,"No info") | D43: =_xlfn.XLOOKUP(A44,'03_BulkPack_Order'!$A$2:$A$67,'03_BulkPack_Order'!$H$2:$H$67,"No info") | E43: =MAX(C44:D44) | F43: =IFERROR(VLOOKUP(A44,'01_Cages_Plan'!$C$26:$E$151,3,0),"Missing info")
