Workbook

Sheet 00_SKU_Master
A1: Dept | B1: SKU | C1: RAW_WIP_CODE | D1: Customer | E1: Product_Group | F1: Avg_Case_Weight | G1: Trays_Per_Case | H1: Tray_Type | I1: Tray_Size | J1: SKU_Desc | K1: Tray Pack Speed | L1: Package_Type | M1: STD | N1: Class | O1: Weight | P1: Column1 | R1: ORDER | S1: RAW Request_KG | T1: Yield
A2: Cut_up | B2: 64 | D2: Bulk Pack | E2: ThighMeat | F2: 5 | J2: MB BSTHIGH AC BG 5KG | N2: SILVER | R2: =_xludf.IFNA(_xlfn.XLOOKUP(Table3[[#This Row],[SKU]],'03_BulkPack_Order'!$A$2:$A$67,'03_BulkPack_Order'!C:C),"") -> #NAME? | S2: =IFERROR(R2*1,"") | T2: =_xludf.IFNA(_xlfn.XLOOKUP(Table3[[#This Row],[SKU]],'00_Yield_Rates'!$B$2:$B$17,'00_Yield_Rates'!$E$2:$E$17),"") -> #NAME?
A3: Cut_up | B3: 65 | D3: Bulk Pack | E3: BSB | F3: 5 | J3: MB BSHB AC RND 5KG | N3: SILVER | R3: =_xludf.IFNA(_xlfn.XLOOKUP(Table3[[#This Row],[SKU]],'03_BulkPack_Order'!$A$2:$A$67,'03_BulkPack_Order'!C:C),"") -> #NAME? | S3: =IFERROR(R3*1,"") | T3: =_xludf.IFNA(_xlfn.XLOOKUP(Table3[[#This Row],[SKU]],'00_Yield_Rates'!$B$2:$B$17,'00_Yield_Rates'!$E$2:$E$17),"") -> #NAME?
A4: Cut_up | B4: 159 | D4: Bulk Pack | E4: BA | J4: MS LEG BA 18KG | N4: SILVER | R4: =_xludf.IFNA(_xlfn.XLOOKUP(Table3[[#This Row],[SKU]],'03_BulkPack_Order'!$A$2:$A$67,'03_BulkPack_Order'!C:C),"") -> #NAME? | S4: =IFERROR(R4*1,"") | T4: =_xludf.IFNA(_xlfn.XLOOKUP(Table3[[#This Row],[SKU]],'00_Yield_Rates'!$B$2:$B$17,'00_Yield_Rates'!$E$2:$E$17),"") -> #NAME?
A5: Cut_up | B5: 160 | D5: Bulk Pack | E5: DRUM | J5: MS DRUM 18KG | N5: SILVER | R5: =_xludf.IFNA(_xlfn.XLOOKUP(Table3[[#This Row],[SKU]],'03_BulkPack_Order'!$A$2:$A$67,'03_BulkPack_Order'!C:C),"") -> #NAME? | S5: =IFERROR(R5*1,"") | T5: =_xludf.IFNA(_xlfn.XLOOKUP(Table3[[#This Row],[SKU]],'00_Yield_Rates'!$B$2:$B$17,'00_Yield_Rates'!$E$2:$E$17),"") -> #NAME?
A6: Cut_up | B6: 161 | D6: Bulk Pack | E6: Thigh | J6: MB THIGH 20KG | N6: SILVER | R6: =_xludf.IFNA(_xlfn.XLOOKUP(Table3[[#This Row],[SKU]],'03_BulkPack_Order'!$A$2:$A$67,'03_BulkPack_Order'!C:C),"") -> #NAME? | S6: =IFERROR(R6*1,"") | T6: =_xludf.IFNA(_xlfn.XLOOKUP(Table3[[#This Row],[SKU]],'00_Yield_Rates'!$B$2:$B$17,'00_Yield_Rates'!$E$2:$E$17),"") -> #NAME?
A7: Cut_up | B7: 165 | D7: Bulk Pack | E7: BSB | F7: 10 | J7: MB BSHB AC RND 10KG | N7: SILVER | R7: =_xludf.IFNA(_xlfn.XLOOKUP(Table3[[#This Row],[SKU]],'03_BulkPack_Order'!$A$2:$A$67,'03_BulkPack_Order'!C:C),"") -> #NAME? | S7: =IFERROR(R7*1,"") | T7: =_xludf.IFNA(_xlfn.XLOOKUP(Table3[[#This Row],[SKU]],'00_Yield_Rates'!$B$2:$B$17,'00_Yield_Rates'!$E$2:$E$17),"") -> #NAME?
A8: Cut_up | B8: 834 | D8: Bulk Pack | E8: Thigh | F8: 18 | J8: THIGH 18KG | N8: SILVER | R8: =_xludf.IFNA(_xlfn.XLOOKUP(Table3[[#This Row],[SKU]],'03_BulkPack_Order'!$A$2:$A$67,'03_BulkPack_Order'!C:C),"") -> #NAME? | S8: =IFERROR(R8*1,"") | T8: =_xludf.IFNA(_xlfn.XLOOKUP(Table3[[#This Row],[SKU]],'00_Yield_Rates'!$B$2:$B$17,'00_Yield_Rates'!$E$2:$E$17),"") -> #NAME?
A9: Cut_up | B9: 868 | D9: Bulk Pack | E9: SplitWing | F9: 18 | J9: MB SPL WING 18KG | N9: SILVER | R9: =_xludf.IFNA(_xlfn.XLOOKUP(Table3[[#This Row],[SKU]],'03_BulkPack_Order'!$A$2:$A$67,'03_BulkPack_Order'!C:C),"") -> #NAME? | S9: =IFERROR(R9*1,"") | T9: =_xludf.IFNA(_xlfn.XLOOKUP(Table3[[#This Row],[SKU]],'00_Yield_Rates'!$B$2:$B$17,'00_Yield_Rates'!$E$2:$E$17),"") -> #NAME?
A10: Cut_up | B10: 895 | D10: Bulk Pack | E10: DRUM | J10: MB DRUM AC 18KG | N10: GOLD | R10: =_xludf.IFNA(_xlfn.XLOOKUP(Table3[[#This Row],[SKU]],'03_BulkPack_Order'!$A$2:$A$67,'03_BulkPack_Order'!C:C),"") -> #NAME? | S10: =IFERROR(R10*1,"") | T10: =_xludf.IFNA(_xlfn.XLOOKUP(Table3[[#This Row],[SKU]],'00_Yield_Rates'!$B$2:$B$17,'00_Yield_Rates'!$E$2:$E$17),"") -> #NAME?
A11: Cut_up | B11: 902 | D11: Bulk Pack | E11: Thigh | N11: SILVER | R11: =_xludf.IFNA(_xlfn.XLOOKUP(Table3[[#This Row],[SKU]],'03_BulkPack_Order'!$A$2:$A$67,'03_BulkPack_Order'!C:C),"") -> #NAME? | S11: =IFERROR(R11*1,"") | T11: =_xludf.IFNA(_xlfn.XLOOKUP(Table3[[#This Row],[SKU]],'00_Yield_Rates'!$B$2:$B$17,'00_Yield_Rates'!$E$2:$E$17),"") -> #NAME?
A12: Cut_up | B12: 904 | D12: Bulk Pack | E12: WING | F12: 18 | J12: MB WING AC 18KG | N12: SILVER | R12: =_xludf.IFNA(_xlfn.XLOOKUP(Table3[[#This Row],[SKU]],'03_BulkPack_Order'!$A$2:$A$67,'03_BulkPack_Order'!C:C),"") -> #NAME? | S12: =IFERROR(R12*1,"") | T12: =_xludf.IFNA(_xlfn.XLOOKUP(Table3[[#This Row],[SKU]],'00_Yield_Rates'!$B$2:$B$17,'00_Yield_Rates'!$E$2:$E$17),"") -> #NAME?
A13: Cut_up | B13: 1026 | D13: Bulk Pack | E13: WING | N13: SILVER | R13: =_xludf.IFNA(_xlfn.XLOOKUP(Table3[[#This Row],[SKU]],'03_BulkPack_Order'!$A$2:$A$67,'03_BulkPack_Order'!C:C),"") -> #NAME? | S13: =IFERROR(R13*1,"") | T13: =_xludf.IFNA(_xlfn.XLOOKUP(Table3[[#This Row],[SKU]],'00_Yield_Rates'!$B$2:$B$17,'00_Yield_Rates'!$E$2:$E$17),"") -> #NAME?
A14: Cut_up | B14: 1081 | D14: Bulk Pack | E14: BSB | N14: SILVER | R14: =_xludf.IFNA(_xlfn.XLOOKUP(Table3[[#This Row],[SKU]],'03_BulkPack_Order'!$A$2:$A$67,'03_BulkPack_Order'!C:C),"") -> #NAME? | S14: =IFERROR(R14*1,"") | T14: =_xludf.IFNA(_xlfn.XLOOKUP(Table3[[#This Row],[SKU]],'00_Yield_Rates'!$B$2:$B$17,'00_Yield_Rates'!$E$2:$E$17),"") -> #NAME?
A15: Cut_up | B15: 1446 | D15: Bulk Pack | E15: BSB | N15: SILVER | R15: =_xludf.IFNA(_xlfn.XLOOKUP(Table3[[#This Row],[SKU]],'03_BulkPack_Order'!$A$2:$A$67,'03_BulkPack_Order'!C:C),"") -> #NAME? | S15: =IFERROR(R15*1,"") | T15: =_xludf.IFNA(_xlfn.XLOOKUP(Table3[[#This Row],[SKU]],'00_Yield_Rates'!$B$2:$B$17,'00_Yield_Rates'!$E$2:$E$17),"") -> #NAME?
A16: Cut_up | B16: 1887 | D16: Bulk Pack | E16: BA | N16: GOLD | R16: =_xludf.IFNA(_xlfn.XLOOKUP(Table3[[#This Row],[SKU]],'03_BulkPack_Order'!$A$2:$A$67,'03_BulkPack_Order'!C:C),"") -> #NAME? | S16: =IFERROR(R16*1,"") | T16: =_xludf.IFNA(_xlfn.XLOOKUP(Table3[[#This Row],[SKU]],'00_Yield_Rates'!$B$2:$B$17,'00_Yield_Rates'!$E$2:$E$17),"") -> #NAME?
A17: Cut_up | B17: 1888 | D17: Bulk Pack | E17: SplitBreast | N17: GOLD | R17: =_xludf.IFNA(_xlfn.XLOOKUP(Table3[[#This Row],[SKU]],'03_BulkPack_Order'!$A$2:$A$67,'03_BulkPack_Order'!C:C),"") -> #NAME? | S17: =IFERROR(R17*1,"") | T17: =_xludf.IFNA(_xlfn.XLOOKUP(Table3[[#This Row],[SKU]],'00_Yield_Rates'!$B$2:$B$17,'00_Yield_Rates'!$E$2:$E$17),"") -> #NAME?
A18: Cut_up | B18: 1894 | D18: Bulk Pack | E18: BSB | J18: MB BSHB RND AC 18KG | N18: SILVER | R18: =_xludf.IFNA(_xlfn.XLOOKUP(Table3[[#This Row],[SKU]],'03_BulkPack_Order'!$A$2:$A$67,'03_BulkPack_Order'!C:C),"") -> #NAME? | S18: =IFERROR(R18*1,"") | T18: =_xludf.IFNA(_xlfn.XLOOKUP(Table3[[#This Row],[SKU]],'00_Yield_Rates'!$B$2:$B$17,'00_Yield_Rates'!$E$2:$E$17),"") -> #NAME?
A19: Cut_up | B19: 2233 | D19: Bulk Pack | E19: SplitWing | J19: 24839 MB COS SPL WING AC | N19: GOLD | R19: =_xludf.IFNA(_xlfn.XLOOKUP(Table3[[#This Row],[SKU]],'03_BulkPack_Order'!$A$2:$A$67,'03_BulkPack_Order'!C:C),"") -> #NAME? | S19: =IFERROR(R19*1,"") | T19: =_xludf.IFNA(_xlfn.XLOOKUP(Table3[[#This Row],[SKU]],'00_Yield_Rates'!$B$2:$B$17,'00_Yield_Rates'!$E$2:$E$17),"") -> #NAME?
A20: Cut_up | B20: 2235 | D20: Bulk Pack | E20: DRUM | N20: GOLD | R20: =_xludf.IFNA(_xlfn.XLOOKUP(Table3[[#This Row],[SKU]],'03_BulkPack_Order'!$A$2:$A$67,'03_BulkPack_Order'!C:C),"") -> #NAME? | S20: =IFERROR(R20*1,"") | T20: =_xludf.IFNA(_xlfn.XLOOKUP(Table3[[#This Row],[SKU]],'00_Yield_Rates'!$B$2:$B$17,'00_Yield_Rates'!$E$2:$E$17),"") -> #NAME?
A21: Cut_up | B21: 2236 | D21: Bulk Pack | E21: BSB | F21: 20 | J21: 17219 MB COS BSHB AC | N21: PLATINUM | R21: =_xludf.IFNA(_xlfn.XLOOKUP(Table3[[#This Row],[SKU]],'03_BulkPack_Order'!$A$2:$A$67,'03_BulkPack_Order'!C:C),"") -> #NAME? | S21: =IFERROR(R21*1,"") | T21: =_xludf.IFNA(_xlfn.XLOOKUP(Table3[[#This Row],[SKU]],'00_Yield_Rates'!$B$2:$B$17,'00_Yield_Rates'!$E$2:$E$17),"") -> #NAME?
A22: Cut_up | B22: 200064 | D22: Bulk Pack | E22: ThighMeat | F22: 5 | J22: MB HA BSTHIGH AC BG 5KG | N22: SILVER | R22: =_xludf.IFNA(_xlfn.XLOOKUP(Table3[[#This Row],[SKU]],'03_BulkPack_Order'!$A$2:$A$67,'03_BulkPack_Order'!C:C),"") -> #NAME? | S22: =IFERROR(R22*1,"") | T22: =_xludf.IFNA(_xlfn.XLOOKUP(Table3[[#This Row],[SKU]],'00_Yield_Rates'!$B$2:$B$17,'00_Yield_Rates'!$E$2:$E$17),"") -> #NAME?
A23: Cut_up | B23: 200083 | D23: Bulk Pack | E23: SplitBreast | J23: MB HA FB BA AC COMBO | N23: SILVER | R23: =_xludf.IFNA(_xlfn.XLOOKUP(Table3[[#This Row],[SKU]],'03_BulkPack_Order'!$A$2:$A$67,'03_BulkPack_Order'!C:C),"") -> #NAME? | S23: =IFERROR(R23*1,"") | T23: =_xludf.IFNA(_xlfn.XLOOKUP(Table3[[#This Row],[SKU]],'00_Yield_Rates'!$B$2:$B$17,'00_Yield_Rates'!$E$2:$E$17),"") -> #NAME?
A24: Cut_up | B24: 200089 | D24: Bulk Pack | E24: SplitBreast | F24: 585 | J24: MB HA FB AC COMBO | N24: SILVER | R24: =_xludf.IFNA(_xlfn.XLOOKUP(Table3[[#This Row],[SKU]],'03_BulkPack_Order'!$A$2:$A$67,'03_BulkPack_Order'!C:C),"") -> #NAME? | S24: =IFERROR(R24*1,"") | T24: =_xludf.IFNA(_xlfn.XLOOKUP(Table3[[#This Row],[SKU]],'00_Yield_Rates'!$B$2:$B$17,'00_Yield_Rates'!$E$2:$E$17),"") -> #NAME?
A25: Cut_up | B25: 200095 | D25: Bulk Pack | E25: DRUM | J25: MS HA DRUM 18KG | N25: SILVER | R25: =_xludf.IFNA(_xlfn.XLOOKUP(Table3[[#This Row],[SKU]],'03_BulkPack_Order'!$A$2:$A$67,'03_BulkPack_Order'!C:C),"") -> #NAME? | S25: =IFERROR(R25*1,"") | T25: =_xludf.IFNA(_xlfn.XLOOKUP(Table3[[#This Row],[SKU]],'00_Yield_Rates'!$B$2:$B$17,'00_Yield_Rates'!$E$2:$E$17),"") -> #NAME?
A26: Cut_up | B26: 200159 | D26: Bulk Pack | E26: BA | J26: MS HA LEG BA 18KG | N26: SILVER | R26: =_xludf.IFNA(_xlfn.XLOOKUP(Table3[[#This Row],[SKU]],'03_BulkPack_Order'!$A$2:$A$67,'03_BulkPack_Order'!C:C),"") -> #NAME? | S26: =IFERROR(R26*1,"") | T26: =_xludf.IFNA(_xlfn.XLOOKUP(Table3[[#This Row],[SKU]],'00_Yield_Rates'!$B$2:$B$17,'00_Yield_Rates'!$E$2:$E$17),"") -> #NAME?
A27: Cut_up | B27: 200902 | D27: Bulk Pack | E27: Thigh | J27: HA THIGH AC 18KG | N27: SILVER | R27: =_xludf.IFNA(_xlfn.XLOOKUP(Table3[[#This Row],[SKU]],'03_BulkPack_Order'!$A$2:$A$67,'03_BulkPack_Order'!C:C),"") -> #NAME? | S27: =IFERROR(R27*1,"") | T27: =_xludf.IFNA(_xlfn.XLOOKUP(Table3[[#This Row],[SKU]],'00_Yield_Rates'!$B$2:$B$17,'00_Yield_Rates'!$E$2:$E$17),"") -> #NAME?
A28: Cut_up | B28: 200903 | D28: Bulk Pack | E28: BA | J28: HA LEG BA AC 18KG | N28: SILVER | R28: =_xludf.IFNA(_xlfn.XLOOKUP(Table3[[#This Row],[SKU]],'03_BulkPack_Order'!$A$2:$A$67,'03_BulkPack_Order'!C:C),"") -> #NAME? | S28: =IFERROR(R28*1,"") | T28: =_xludf.IFNA(_xlfn.XLOOKUP(Table3[[#This Row],[SKU]],'00_Yield_Rates'!$B$2:$B$17,'00_Yield_Rates'!$E$2:$E$17),"") -> #NAME?
A29: Cut_up | B29: 200904 | D29: Bulk Pack | E29: WING | F29: 18 | J29: MB HA WING AC 18KG | N29: SILVER | R29: =_xludf.IFNA(_xlfn.XLOOKUP(Table3[[#This Row],[SKU]],'03_BulkPack_Order'!$A$2:$A$67,'03_BulkPack_Order'!C:C),"") -> #NAME? | S29: =IFERROR(R29*1,"") | T29: =_xludf.IFNA(_xlfn.XLOOKUP(Table3[[#This Row],[SKU]],'00_Yield_Rates'!$B$2:$B$17,'00_Yield_Rates'!$E$2:$E$17),"") -> #NAME?
A30: Cut_up | B30: 201894 | D30: Bulk Pack | E30: BSB | F30: 18 | J30: MB HA BSHB RND AC 18KG | N30: SILVER | R30: =_xludf.IFNA(_xlfn.XLOOKUP(Table3[[#This Row],[SKU]],'03_BulkPack_Order'!$A$2:$A$67,'03_BulkPack_Order'!C:C),"") -> #NAME? | S30: =IFERROR(R30*1,"") | T30: =_xludf.IFNA(_xlfn.XLOOKUP(Table3[[#This Row],[SKU]],'00_Yield_Rates'!$B$2:$B$17,'00_Yield_Rates'!$E$2:$E$17),"") -> #NAME?
A31: Cut_up | B31: 201895 | D31: Bulk Pack | E31: BSB | F31: 18 | J31: MB HA BSHB RND AC 18KG FFF | N31: SILVER | R31: =_xludf.IFNA(_xlfn.XLOOKUP(Table3[[#This Row],[SKU]],'03_BulkPack_Order'!$A$2:$A$67,'03_BulkPack_Order'!C:C),"") -> #NAME? | S31: =IFERROR(R31*1,"") | T31: =_xludf.IFNA(_xlfn.XLOOKUP(Table3[[#This Row],[SKU]],'00_Yield_Rates'!$B$2:$B$17,'00_Yield_Rates'!$E$2:$E$17),"") -> #NAME?
A32: Cut_up | B32: 201899 | D32: Bulk Pack | E32: BSB | F32: 10 | J32: MB HA BSHB 2ND 10KG | N32: SILVER | R32: =_xludf.IFNA(_xlfn.XLOOKUP(Table3[[#This Row],[SKU]],'03_BulkPack_Order'!$A$2:$A$67,'03_BulkPack_Order'!C:C),"") -> #NAME? | S32: =IFERROR(R32*1,"") | T32: =_xludf.IFNA(_xlfn.XLOOKUP(Table3[[#This Row],[SKU]],'00_Yield_Rates'!$B$2:$B$17,'00_Yield_Rates'!$E$2:$E$17),"") -> #NAME?
A33: Cut_up | B33: 203033 | D33: Bulk Pack | E33: BA | N33: SILVER | R33: =_xludf.IFNA(_xlfn.XLOOKUP(Table3[[#This Row],[SKU]],'03_BulkPack_Order'!$A$2:$A$67,'03_BulkPack_Order'!C:C),"") -> #NAME? | S33: =IFERROR(R33*1,"") | T33: =_xludf.IFNA(_xlfn.XLOOKUP(Table3[[#This Row],[SKU]],'00_Yield_Rates'!$B$2:$B$17,'00_Yield_Rates'!$E$2:$E$17),"") -> #NAME?
A34: Cut_up | B34: 203035 | D34: Bulk Pack | E34: SplitWing | F34: 23 | J34: MB HA SPL WING AC RET 23KG | N34: PLATINUM | R34: =_xludf.IFNA(_xlfn.XLOOKUP(Table3[[#This Row],[SKU]],'03_BulkPack_Order'!$A$2:$A$67,'03_BulkPack_Order'!C:C),"") -> #NAME? | S34: =IFERROR(R34*1,"") | T34: =_xludf.IFNA(_xlfn.XLOOKUP(Table3[[#This Row],[SKU]],'00_Yield_Rates'!$B$2:$B$17,'00_Yield_Rates'!$E$2:$E$17),"") -> #NAME?
A35: Cut_up | B35: 203087 | D35: Bulk Pack | E35: BSB | N35: PLATINUM | R35: =_xludf.IFNA(_xlfn.XLOOKUP(Table3[[#This Row],[SKU]],'03_BulkPack_Order'!$A$2:$A$67,'03_BulkPack_Order'!C:C),"") -> #NAME? | S35: =IFERROR(R35*1,"") | T35: =_xludf.IFNA(_xlfn.XLOOKUP(Table3[[#This Row],[SKU]],'00_Yield_Rates'!$B$2:$B$17,'00_Yield_Rates'!$E$2:$E$17),"") -> #NAME?
A36: Cut_up | B36: 203169 | D36: Bulk Pack | E36: BSB | N36: SILVER | R36: =_xludf.IFNA(_xlfn.XLOOKUP(Table3[[#This Row],[SKU]],'03_BulkPack_Order'!$A$2:$A$67,'03_BulkPack_Order'!C:C),"") -> #NAME? | S36: =IFERROR(R36*1,"") | T36: =_xludf.IFNA(_xlfn.XLOOKUP(Table3[[#This Row],[SKU]],'00_Yield_Rates'!$B$2:$B$17,'00_Yield_Rates'!$E$2:$E$17),"") -> #NAME?
A37: Cut_up | B37: 203171 | D37: Bulk Pack | E37: DRUM | N37: SILVER | R37: =_xludf.IFNA(_xlfn.XLOOKUP(Table3[[#This Row],[SKU]],'03_BulkPack_Order'!$A$2:$A$67,'03_BulkPack_Order'!C:C),"") -> #NAME? | S37: =IFERROR(R37*1,"") | T37: =_xludf.IFNA(_xlfn.XLOOKUP(Table3[[#This Row],[SKU]],'00_Yield_Rates'!$B$2:$B$17,'00_Yield_Rates'!$E$2:$E$17),"") -> #NAME?
A38: Cut_up | B38: 203172 | D38: Bulk Pack | E38: WING | F38: 25 | J38: MS HA WING RET 25KG | N38: SILVER | R38: =_xludf.IFNA(_xlfn.XLOOKUP(Table3[[#This Row],[SKU]],'03_BulkPack_Order'!$A$2:$A$67,'03_BulkPack_Order'!C:C),"") -> #NAME? | S38: =IFERROR(R38*1,"") | T38: =_xludf.IFNA(_xlfn.XLOOKUP(Table3[[#This Row],[SKU]],'00_Yield_Rates'!$B$2:$B$17,'00_Yield_Rates'!$E$2:$E$17),"") -> #NAME?
A39: Cut_up | B39: 203173 | D39: Bulk Pack | E39: SplitWing | J39: MS HA SPL WING RET 25KG | N39: SILVER | R39: =_xludf.IFNA(_xlfn.XLOOKUP(Table3[[#This Row],[SKU]],'03_BulkPack_Order'!$A$2:$A$67,'03_BulkPack_Order'!C:C),"") -> #NAME? | S39: =IFERROR(R39*1,"") | T39: =_xludf.IFNA(_xlfn.XLOOKUP(Table3[[#This Row],[SKU]],'00_Yield_Rates'!$B$2:$B$17,'00_Yield_Rates'!$E$2:$E$17),"") -> #NAME?
A40: Cut_up | B40: 203174 | D40: Bulk Pack | E40: ThighMeat | N40: SILVER | R40: =_xludf.IFNA(_xlfn.XLOOKUP(Table3[[#This Row],[SKU]],'03_BulkPack_Order'!$A$2:$A$67,'03_BulkPack_Order'!C:C),"") -> #NAME? | S40: =IFERROR(R40*1,"") | T40: =_xludf.IFNA(_xlfn.XLOOKUP(Table3[[#This Row],[SKU]],'00_Yield_Rates'!$B$2:$B$17,'00_Yield_Rates'!$E$2:$E$17),"") -> #NAME?
A41: Cut_up | B41: 203175 | D41: Bulk Pack | E41: Thigh | N41: SILVER | R41: =_xludf.IFNA(_xlfn.XLOOKUP(Table3[[#This Row],[SKU]],'03_BulkPack_Order'!$A$2:$A$67,'03_BulkPack_Order'!C:C),"") -> #NAME? | S41: =IFERROR(R41*1,"") | T41: =_xludf.IFNA(_xlfn.XLOOKUP(Table3[[#This Row],[SKU]],'00_Yield_Rates'!$B$2:$B$17,'00_Yield_Rates'!$E$2:$E$17),"") -> #NAME?
A42: Cut_up | B42: 203193 | D42: Bulk Pack | E42: SplitWing | F42: 25 | J42: MB HA WINGLET AC 25 KG RET | N42: SILVER | R42: =_xludf.IFNA(_xlfn.XLOOKUP(Table3[[#This Row],[SKU]],'03_BulkPack_Order'!$A$2:$A$67,'03_BulkPack_Order'!C:C),"") -> #NAME? | S42: =IFERROR(R42*1,"") | T42: =_xludf.IFNA(_xlfn.XLOOKUP(Table3[[#This Row],[SKU]],'00_Yield_Rates'!$B$2:$B$17,'00_Yield_Rates'!$E$2:$E$17),"") -> #NAME?
A43: Cut_up | B43: 203194 | D43: Bulk Pack | E43: SplitWing | F43: 25 | J43: MB HA DRUMETTE AC 25 KG RET | N43: SILVER | R43: =_xludf.IFNA(_xlfn.XLOOKUP(Table3[[#This Row],[SKU]],'03_BulkPack_Order'!$A$2:$A$67,'03_BulkPack_Order'!C:C),"") -> #NAME? | S43: =IFERROR(R43*1,"") | T43: =_xludf.IFNA(_xlfn.XLOOKUP(Table3[[#This Row],[SKU]],'00_Yield_Rates'!$B$2:$B$17,'00_Yield_Rates'!$E$2:$E$17),"") -> #NAME?
A44: Cut_up | B44: 203624 | D44: Bulk Pack | E44: FAT | F44: 25 | J44: MS HA FFP FAT RET 25KG | N44: SILVER | R44: =_xludf.IFNA(_xlfn.XLOOKUP(Table3[[#This Row],[SKU]],'03_BulkPack_Order'!$A$2:$A$67,'03_BulkPack_Order'!C:C),"") -> #NAME? | S44: =IFERROR(R44*1,"") | T44: =_xludf.IFNA(_xlfn.XLOOKUP(Table3[[#This Row],[SKU]],'00_Yield_Rates'!$B$2:$B$17,'00_Yield_Rates'!$E$2:$E$17),"") -> #NAME?
A45: Cut_up | B45: 203839 | D45: Bulk Pack | E45: ThighMeat | N45: SILVER | R45: =_xludf.IFNA(_xlfn.XLOOKUP(Table3[[#This Row],[SKU]],'03_BulkPack_Order'!$A$2:$A$67,'03_BulkPack_Order'!C:C),"") -> #NAME? | S45: =IFERROR(R45*1,"") | T45: =_xludf.IFNA(_xlfn.XLOOKUP(Table3[[#This Row],[SKU]],'00_Yield_Rates'!$B$2:$B$17,'00_Yield_Rates'!$E$2:$E$17),"") -> #NAME?
A46: Cut_up | B46: 203846 | D46: Bulk Pack | E46: SplitBreast | N46: SILVER | R46: =_xludf.IFNA(_xlfn.XLOOKUP(Table3[[#This Row],[SKU]],'03_BulkPack_Order'!$A$2:$A$67,'03_BulkPack_Order'!C:C),"") -> #NAME? | S46: =IFERROR(R46*1,"") | T46: =_xludf.IFNA(_xlfn.XLOOKUP(Table3[[#This Row],[SKU]],'00_Yield_Rates'!$B$2:$B$17,'00_Yield_Rates'!$E$2:$E$17),"") -> #NAME?
A47: Cut_up | B47: 61010 | D47: WIP | E47: WING | J47: MS WIP AC WINGS WHOLE | N47: SILVER | R47: =_xludf.IFNA(_xlfn.XLOOKUP(Table3[[#This Row],[SKU]],'03_BulkPack_Order'!$A$2:$A$67,'03_BulkPack_Order'!C:C),"") -> #NAME? | S47: =_xludf.IFNA(_xlfn.XLOOKUP(Table3[[#This Row],[SKU]],'06_Resource_Plan'!$C$2:$C$58,'06_Resource_Plan'!F:F),"") -> #NAME? | T47: =_xludf.IFNA(_xlfn.XLOOKUP(Table3[[#This Row],[SKU]],'00_Yield_Rates'!$B$2:$B$17,'00_Yield_Rates'!$E$2:$E$17),"") -> #NAME?
A48: Cut_up | B48: 61014 | D48: WIP | E48: SplitWing | J48: MS WIP AC WINGS SPLIT | N48: PLATINUM | R48: =_xludf.IFNA(_xlfn.XLOOKUP(Table3[[#This Row],[SKU]],'03_BulkPack_Order'!$A$2:$A$67,'03_BulkPack_Order'!C:C),"") -> #NAME? | S48: =_xludf.IFNA(_xlfn.XLOOKUP(Table3[[#This Row],[SKU]],'06_Resource_Plan'!$C$2:$C$58,'06_Resource_Plan'!F:F),"") -> #NAME? | T48: =_xludf.IFNA(_xlfn.XLOOKUP(Table3[[#This Row],[SKU]],'00_Yield_Rates'!$B$2:$B$17,'00_Yield_Rates'!$E$2:$E$17),"") -> #NAME?
A49: Cut_up | B49: 61016 | D49: WIP | E49: SplitWing | J49: MS WIP AC RWA SPLIT WINGS | N49: PLATINUM | R49: =_xludf.IFNA(_xlfn.XLOOKUP(Table3[[#This Row],[SKU]],'03_BulkPack_Order'!$A$2:$A$67,'03_BulkPack_Order'!C:C),"") -> #NAME? | S49: =_xludf.IFNA(_xlfn.XLOOKUP(Table3[[#This Row],[SKU]],'06_Resource_Plan'!$C$2:$C$58,'06_Resource_Plan'!F:F),"") -> #NAME? | T49: =_xludf.IFNA(_xlfn.XLOOKUP(Table3[[#This Row],[SKU]],'00_Yield_Rates'!$B$2:$B$17,'00_Yield_Rates'!$E$2:$E$17),"") -> #NAME?
A50: Cut_up | B50: 61018 | D50: WIP | E50: WING | J50: MS WIP AC WINGS WHOLE CAGE | N50: SILVER | R50: =_xludf.IFNA(_xlfn.XLOOKUP(Table3[[#This Row],[SKU]],'03_BulkPack_Order'!$A$2:$A$67,'03_BulkPack_Order'!C:C),"") -> #NAME? | T50: =_xludf.IFNA(_xlfn.XLOOKUP(Table3[[#This Row],[SKU]],'00_Yield_Rates'!$B$2:$B$17,'00_Yield_Rates'!$E$2:$E$17),"") -> #NAME?
A51: Cut_up | B51: 61040 | D51: WIP | E51: SplitBreast | J51: MS WIP AC BREAST BACK OFF SPLIT | N51: SILVER | R51: =_xludf.IFNA(_xlfn.XLOOKUP(Table3[[#This Row],[SKU]],'03_BulkPack_Order'!$A$2:$A$67,'03_BulkPack_Order'!C:C),"") -> #NAME? | S51: =_xludf.IFNA(_xlfn.XLOOKUP(Table3[[#This Row],[SKU]],'06_Resource_Plan'!$C$2:$C$58,'06_Resource_Plan'!F:F),"") -> #NAME? | T51: =_xludf.IFNA(_xlfn.XLOOKUP(Table3[[#This Row],[SKU]],'00_Yield_Rates'!$B$2:$B$17,'00_Yield_Rates'!$E$2:$E$17),"") -> #NAME?
A52: Cut_up | B52: 61042 | D52: WIP | E52: SplitBreast | J52: MS WIP AC RWA BREAST BACK OFF SPLIT | N52: PLATINUM | R52: =_xludf.IFNA(_xlfn.XLOOKUP(Table3[[#This Row],[SKU]],'03_BulkPack_Order'!$A$2:$A$67,'03_BulkPack_Order'!C:C),"") -> #NAME? | S52: =_xludf.IFNA(_xlfn.XLOOKUP(Table3[[#This Row],[SKU]],'06_Resource_Plan'!$C$2:$C$58,'06_Resource_Plan'!F:F),"") -> #NAME? | T52: =_xludf.IFNA(_xlfn.XLOOKUP(Table3[[#This Row],[SKU]],'00_Yield_Rates'!$B$2:$B$17,'00_Yield_Rates'!$E$2:$E$17),"") -> #NAME?
A53: Cut_up | B53: 61048 | D53: WIP | E53: SplitBreast | J53: MS WIP AC BREAST BACK OFF SPLIT SKNLS | N53: SILVER | R53: =_xludf.IFNA(_xlfn.XLOOKUP(Table3[[#This Row],[SKU]],'03_BulkPack_Order'!$A$2:$A$67,'03_BulkPack_Order'!C:C),"") -> #NAME? | S53: =_xludf.IFNA(_xlfn.XLOOKUP(Table3[[#This Row],[SKU]],'06_Resource_Plan'!$C$2:$C$58,'06_Resource_Plan'!F:F),"") -> #NAME? | T53: =_xludf.IFNA(_xlfn.XLOOKUP(Table3[[#This Row],[SKU]],'00_Yield_Rates'!$B$2:$B$17,'00_Yield_Rates'!$E$2:$E$17),"") -> #NAME?
A54: Cut_up | B54: 61049 | D54: WIP | E54: SplitBreast | J54: MS WIP AC RWA BREAST BACK SKNLS OFF SPLIT | N54: PLATINUM | R54: =_xludf.IFNA(_xlfn.XLOOKUP(Table3[[#This Row],[SKU]],'03_BulkPack_Order'!$A$2:$A$67,'03_BulkPack_Order'!C:C),"") -> #NAME? | S54: =_xludf.IFNA(_xlfn.XLOOKUP(Table3[[#This Row],[SKU]],'06_Resource_Plan'!$C$2:$C$58,'06_Resource_Plan'!F:F),"") -> #NAME? | T54: =_xludf.IFNA(_xlfn.XLOOKUP(Table3[[#This Row],[SKU]],'00_Yield_Rates'!$B$2:$B$17,'00_Yield_Rates'!$E$2:$E$17),"") -> #NAME?
A55: Cut_up | B55: 61050 | D55: WIP | E55: BSB | J55: MS WIP AC BREAST MEAT W/FILLET | N55: PLATINUM | R55: =_xludf.IFNA(_xlfn.XLOOKUP(Table3[[#This Row],[SKU]],'03_BulkPack_Order'!$A$2:$A$67,'03_BulkPack_Order'!C:C),"") -> #NAME? | S55: =_xludf.IFNA(_xlfn.XLOOKUP(Table3[[#This Row],[SKU]],'06_Resource_Plan'!$C$2:$C$58,'06_Resource_Plan'!F:F),"") -> #NAME? | T55: =_xludf.IFNA(_xlfn.XLOOKUP(Table3[[#This Row],[SKU]],'00_Yield_Rates'!$B$2:$B$17,'00_Yield_Rates'!$E$2:$E$17),"") -> #NAME?
A56: Cut_up | B56: 61051 | D56: WIP | E56: BSB | J56: MS WIP AC RWA BREAST MEAT W/FILLET | N56: PLATINUM | R56: =_xludf.IFNA(_xlfn.XLOOKUP(Table3[[#This Row],[SKU]],'03_BulkPack_Order'!$A$2:$A$67,'03_BulkPack_Order'!C:C),"") -> #NAME? | S56: =_xludf.IFNA(_xlfn.XLOOKUP(Table3[[#This Row],[SKU]],'06_Resource_Plan'!$C$2:$C$58,'06_Resource_Plan'!F:F),"") -> #NAME? | T56: =_xludf.IFNA(_xlfn.XLOOKUP(Table3[[#This Row],[SKU]],'00_Yield_Rates'!$B$2:$B$17,'00_Yield_Rates'!$E$2:$E$17),"") -> #NAME?
A57: Cut_up | B57: 61054 | D57: WIP | E57: FILLET | J57: MS WIP AC FILLET | N57: PLATINUM | R57: =_xludf.IFNA(_xlfn.XLOOKUP(Table3[[#This Row],[SKU]],'03_BulkPack_Order'!$A$2:$A$67,'03_BulkPack_Order'!C:C),"") -> #NAME? | S57: =_xludf.IFNA(_xlfn.XLOOKUP(Table3[[#This Row],[SKU]],'06_Resource_Plan'!$C$2:$C$58,'06_Resource_Plan'!F:F),"") -> #NAME? | T57: =_xludf.IFNA(_xlfn.XLOOKUP(Table3[[#This Row],[SKU]],'00_Yield_Rates'!$B$2:$B$17,'00_Yield_Rates'!$E$2:$E$17),"") -> #NAME?
A58: Cut_up | B58: 61055 | D58: WIP | E58: WOF | J58: MS WIP AC BREAST MEAT WOF LCL | N58: SILVER | R58: =_xludf.IFNA(_xlfn.XLOOKUP(Table3[[#This Row],[SKU]],'03_BulkPack_Order'!$A$2:$A$67,'03_BulkPack_Order'!C:C),"") -> #NAME? | S58: =_xludf.IFNA(_xlfn.XLOOKUP(Table3[[#This Row],[SKU]],'06_Resource_Plan'!$C$2:$C$58,'06_Resource_Plan'!F:F),"") -> #NAME? | T58: =_xludf.IFNA(_xlfn.XLOOKUP(Table3[[#This Row],[SKU]],'00_Yield_Rates'!$B$2:$B$17,'00_Yield_Rates'!$E$2:$E$17),"") -> #NAME?
A59: Cut_up | B59: 61061 | D59: WIP | E59: BA | J59: MS WIP AC LEG BA | N59: SILVER | S59: =_xludf.IFNA(_xlfn.XLOOKUP(Table3[[#This Row],[SKU]],'06_Resource_Plan'!$C$2:$C$58,'06_Resource_Plan'!F:F),"") -> #NAME? | T59: =_xludf.IFNA(_xlfn.XLOOKUP(Table3[[#This Row],[SKU]],'00_Yield_Rates'!$B$2:$B$17,'00_Yield_Rates'!$E$2:$E$17),"") -> #NAME?
A60: Cut_up | B60: 61062 | D60: WIP | E60: BA | J60: MS WIP AC LEG BA CAGE | N60: SILVER | S60: =_xludf.IFNA(_xlfn.XLOOKUP(Table3[[#This Row],[SKU]],'06_Resource_Plan'!$C$2:$C$58,'06_Resource_Plan'!F:F),"") -> #NAME? | T60: =_xludf.IFNA(_xlfn.XLOOKUP(Table3[[#This Row],[SKU]],'00_Yield_Rates'!$B$2:$B$17,'00_Yield_Rates'!$E$2:$E$17),"") -> #NAME?
A61: Cut_up | B61: 61064 | D61: WIP | E61: BSB | J61: MS WIP ACCUTLET | N61: PLATINUM | S61: =_xludf.IFNA(_xlfn.XLOOKUP(Table3[[#This Row],[SKU]],'06_Resource_Plan'!$C$2:$C$58,'06_Resource_Plan'!F:F),"") -> #NAME? | T61: =_xludf.IFNA(_xlfn.XLOOKUP(Table3[[#This Row],[SKU]],'00_Yield_Rates'!$B$2:$B$17,'00_Yield_Rates'!$E$2:$E$17),"") -> #NAME?
A62: Cut_up | B62: 61069 | D62: WIP | E62: BSB | J62: MS WIP AC RWA CUTLET | N62: PLATINUM | S62: =_xludf.IFNA(_xlfn.XLOOKUP(Table3[[#This Row],[SKU]],'06_Resource_Plan'!$C$2:$C$58,'06_Resource_Plan'!F:F),"") -> #NAME? | T62: =_xludf.IFNA(_xlfn.XLOOKUP(Table3[[#This Row],[SKU]],'00_Yield_Rates'!$B$2:$B$17,'00_Yield_Rates'!$E$2:$E$17),"") -> #NAME?
A63: Cut_up | B63: 61070 | D63: WIP | E63: BSB | N63: PLATINUM | S63: =_xludf.IFNA(_xlfn.XLOOKUP(Table3[[#This Row],[SKU]],'06_Resource_Plan'!$C$2:$C$58,'06_Resource_Plan'!F:F),"") -> #NAME? | T63: =_xludf.IFNA(_xlfn.XLOOKUP(Table3[[#This Row],[SKU]],'00_Yield_Rates'!$B$2:$B$17,'00_Yield_Rates'!$E$2:$E$17),"") -> #NAME?
A64: Cut_up | B64: 61072 | D64: WIP | E64: DRUM | J64: MS WIP AC DRUM TRIMMED | N64: PLATINUM | S64: =_xludf.IFNA(_xlfn.XLOOKUP(Table3[[#This Row],[SKU]],'06_Resource_Plan'!$C$2:$C$58,'06_Resource_Plan'!F:F),"") -> #NAME? | T64: =_xludf.IFNA(_xlfn.XLOOKUP(Table3[[#This Row],[SKU]],'00_Yield_Rates'!$B$2:$B$17,'00_Yield_Rates'!$E$2:$E$17),"") -> #NAME?
A65: Cut_up | B65: 61073 | D65: WIP | E65: DRUM | J65: MS WIP AC DRUM TRIMMED CAGE | N65: SILVER | S65: =_xludf.IFNA(_xlfn.XLOOKUP(Table3[[#This Row],[SKU]],'06_Resource_Plan'!$C$2:$C$58,'06_Resource_Plan'!F:F),"") -> #NAME? | T65: =_xludf.IFNA(_xlfn.XLOOKUP(Table3[[#This Row],[SKU]],'00_Yield_Rates'!$B$2:$B$17,'00_Yield_Rates'!$E$2:$E$17),"") -> #NAME?
A66: Cut_up | B66: 61074 | D66: WIP | E66: DRUM | J66: MS WIP AC RWA DRUM TRIMMED | N66: PLATINUM | S66: =_xludf.IFNA(_xlfn.XLOOKUP(Table3[[#This Row],[SKU]],'06_Resource_Plan'!$C$2:$C$58,'06_Resource_Plan'!F:F),"") -> #NAME? | T66: =_xludf.IFNA(_xlfn.XLOOKUP(Table3[[#This Row],[SKU]],'00_Yield_Rates'!$B$2:$B$17,'00_Yield_Rates'!$E$2:$E$17),"") -> #NAME?
A67: Cut_up | B67: 61075 | D67: WIP | E67: DRUM | J67: MS WIP AC RWA DRUM TRIMMED CAGE | N67: SILVER | S67: =_xludf.IFNA(_xlfn.XLOOKUP(Table3[[#This Row],[SKU]],'06_Resource_Plan'!$C$2:$C$58,'06_Resource_Plan'!F:F),"") -> #NAME? | T67: =_xludf.IFNA(_xlfn.XLOOKUP(Table3[[#This Row],[SKU]],'00_Yield_Rates'!$B$2:$B$17,'00_Yield_Rates'!$E$2:$E$17),"") -> #NAME?
A68: Cut_up | B68: 61076 | D68: WIP | E68: DRUM | N68: PLATINUM | S68: =_xludf.IFNA(_xlfn.XLOOKUP(Table3[[#This Row],[SKU]],'06_Resource_Plan'!$C$2:$C$58,'06_Resource_Plan'!F:F),"") -> #NAME? | T68: =_xludf.IFNA(_xlfn.XLOOKUP(Table3[[#This Row],[SKU]],'00_Yield_Rates'!$B$2:$B$17,'00_Yield_Rates'!$E$2:$E$17),"") -> #NAME?
A69: Cut_up | B69: 61077 | D69: WIP | E69: Thigh | J69: MS WIP AC THIGH PC TRIM | N69: PLATINUM | S69: =_xludf.IFNA(_xlfn.XLOOKUP(Table3[[#This Row],[SKU]],'06_Resource_Plan'!$C$2:$C$58,'06_Resource_Plan'!F:F),"") -> #NAME? | T69: =_xludf.IFNA(_xlfn.XLOOKUP(Table3[[#This Row],[SKU]],'00_Yield_Rates'!$B$2:$B$17,'00_Yield_Rates'!$E$2:$E$17),"") -> #NAME?
A70: Cut_up | B70: 61078 | D70: WIP | E70: Thigh | J70: MS WIP AC THIGH COSTCO TRIM | N70: GOLD | S70: =_xludf.IFNA(_xlfn.XLOOKUP(Table3[[#This Row],[SKU]],'06_Resource_Plan'!$C$2:$C$58,'06_Resource_Plan'!F:F),"") -> #NAME? | T70: =_xludf.IFNA(_xlfn.XLOOKUP(Table3[[#This Row],[SKU]],'00_Yield_Rates'!$B$2:$B$17,'00_Yield_Rates'!$E$2:$E$17),"") -> #NAME?
A71: Cut_up | B71: 61079 | D71: WIP | E71: Thigh | J71: MS WIP RWA THIGH TRIM - PC | N71: PLATINUM | S71: =_xludf.IFNA(_xlfn.XLOOKUP(Table3[[#This Row],[SKU]],'06_Resource_Plan'!$C$2:$C$58,'06_Resource_Plan'!F:F),"") -> #NAME? | T71: =_xludf.IFNA(_xlfn.XLOOKUP(Table3[[#This Row],[SKU]],'00_Yield_Rates'!$B$2:$B$17,'00_Yield_Rates'!$E$2:$E$17),"") -> #NAME?
A72: Cut_up | B72: 61082 | D72: WIP | E72: Thigh | J72: MS WIP AC THIGHS | N72: SILVER | S72: =_xludf.IFNA(_xlfn.XLOOKUP(Table3[[#This Row],[SKU]],'06_Resource_Plan'!$C$2:$C$58,'06_Resource_Plan'!F:F),"") -> #NAME? | T72: =_xludf.IFNA(_xlfn.XLOOKUP(Table3[[#This Row],[SKU]],'00_Yield_Rates'!$B$2:$B$17,'00_Yield_Rates'!$E$2:$E$17),"") -> #NAME?
A73: Cut_up | B73: 61086 | D73: WIP | E73: ThighMeat | J73: MS WIP AC THIGH MEAT | N73: PLATINUM | S73: =_xludf.IFNA(_xlfn.XLOOKUP(Table3[[#This Row],[SKU]],'06_Resource_Plan'!$C$2:$C$58,'06_Resource_Plan'!F:F),"") -> #NAME? | T73: =_xludf.IFNA(_xlfn.XLOOKUP(Table3[[#This Row],[SKU]],'00_Yield_Rates'!$B$2:$B$17,'00_Yield_Rates'!$E$2:$E$17),"") -> #NAME?
A74: Cut_up | B74: 61087 | D74: WIP | E74: ThighMeat | J74: MS WIP AC RWA THIGH MEAT | N74: PLATINUM | S74: =_xludf.IFNA(_xlfn.XLOOKUP(Table3[[#This Row],[SKU]],'06_Resource_Plan'!$C$2:$C$58,'06_Resource_Plan'!F:F),"") -> #NAME? | T74: =_xludf.IFNA(_xlfn.XLOOKUP(Table3[[#This Row],[SKU]],'00_Yield_Rates'!$B$2:$B$17,'00_Yield_Rates'!$E$2:$E$17),"") -> #NAME?
A75: Cut_up | B75: 61104 | D75: WIP | E75: BSB | J75: MS WIP AC CHUNK MEAT | N75: SILVER | S75: =_xludf.IFNA(_xlfn.XLOOKUP(Table3[[#This Row],[SKU]],'06_Resource_Plan'!$C$2:$C$58,'06_Resource_Plan'!F:F),"") -> #NAME? | T75: =_xludf.IFNA(_xlfn.XLOOKUP(Table3[[#This Row],[SKU]],'00_Yield_Rates'!$B$2:$B$17,'00_Yield_Rates'!$E$2:$E$17),"") -> #NAME?
A76: Cut_up | B76: 61121 | D76: WIP | E76: BACKBONE | J76: MS WIP AC BACKS | N76: SILVER | S76: =_xludf.IFNA(_xlfn.XLOOKUP(Table3[[#This Row],[SKU]],'06_Resource_Plan'!$C$2:$C$58,'06_Resource_Plan'!F:F),"") -> #NAME? | T76: =_xludf.IFNA(_xlfn.XLOOKUP(Table3[[#This Row],[SKU]],'00_Yield_Rates'!$B$2:$B$17,'00_Yield_Rates'!$E$2:$E$17),"") -> #NAME?
A77: Cut_up | B77: 61014#2 | D77: WIP | E77: SplitWing | J77: MS WIP AC WINGS SPLIT | N77: SILVER | S77: =_xludf.IFNA(_xlfn.XLOOKUP(Table3[[#This Row],[SKU]],'06_Resource_Plan'!$C$2:$C$58,'06_Resource_Plan'!F:F),"") -> #NAME? | T77: =_xludf.IFNA(_xlfn.XLOOKUP(Table3[[#This Row],[SKU]],'00_Yield_Rates'!$B$2:$B$17,'00_Yield_Rates'!$E$2:$E$17),"") -> #NAME?
A78: Cut_up | B78: 61014C | D78: WIP | E78: SplitWing | J78: MS WIP AC WINGS SPLIT | N78: GOLD | S78: =_xludf.IFNA(_xlfn.XLOOKUP(Table3[[#This Row],[SKU]],'06_Resource_Plan'!$C$2:$C$58,'06_Resource_Plan'!F:F),"") -> #NAME? | T78: =_xludf.IFNA(_xlfn.XLOOKUP(Table3[[#This Row],[SKU]],'00_Yield_Rates'!$B$2:$B$17,'00_Yield_Rates'!$E$2:$E$17),"") -> #NAME?
A79: Cut_up | B79: 61014F | D79: WIP | E79: SplitWing | J79: MS WIP AC WINGS SPLIT FFF | N79: PLATINUM | S79: =_xludf.IFNA(_xlfn.XLOOKUP(Table3[[#This Row],[SKU]],'06_Resource_Plan'!$C$2:$C$58,'06_Resource_Plan'!F:F),"") -> #NAME? | T79: =_xludf.IFNA(_xlfn.XLOOKUP(Table3[[#This Row],[SKU]],'00_Yield_Rates'!$B$2:$B$17,'00_Yield_Rates'!$E$2:$E$17),"") -> #NAME?
A80: Cut_up | B80: 61014B | D80: WIP | E80: SplitWing | J80: MS WIP AC WINGS SPLIT | N80: SILVER | S80: =_xludf.IFNA(_xlfn.XLOOKUP(Table3[[#This Row],[SKU]],'06_Resource_Plan'!$C$2:$C$58,'06_Resource_Plan'!F:F),"") -> #NAME? | T80: =_xludf.IFNA(_xlfn.XLOOKUP(Table3[[#This Row],[SKU]],'00_Yield_Rates'!$B$2:$B$17,'00_Yield_Rates'!$E$2:$E$17),"") -> #NAME?
A81: Cut_up | B81: 61040#2 | D81: WIP | E81: SplitBreast | J81: MS WIP AC BREAST BACK OFF SPLIT | N81: SILVER | S81: =_xludf.IFNA(_xlfn.XLOOKUP(Table3[[#This Row],[SKU]],'06_Resource_Plan'!$C$2:$C$58,'06_Resource_Plan'!F:F),"") -> #NAME? | T81: =_xludf.IFNA(_xlfn.XLOOKUP(Table3[[#This Row],[SKU]],'00_Yield_Rates'!$B$2:$B$17,'00_Yield_Rates'!$E$2:$E$17),"") -> #NAME?
A82: Cut_up | B82: 61048#2 | D82: WIP | E82: SplitBreast | J82: MS WIP AC BREAST BACK OFF SPLIT SKNLS | N82: SILVER | S82: =_xludf.IFNA(_xlfn.XLOOKUP(Table3[[#This Row],[SKU]],'06_Resource_Plan'!$C$2:$C$58,'06_Resource_Plan'!F:F),"") -> #NAME? | T82: =_xludf.IFNA(_xlfn.XLOOKUP(Table3[[#This Row],[SKU]],'00_Yield_Rates'!$B$2:$B$17,'00_Yield_Rates'!$E$2:$E$17),"") -> #NAME?
A83: Cut_up | B83: 61050#2 | D83: WIP | E83: BSB | J83: MS WIP AC BREAST MEAT W/FILLET SILVER | N83: SILVER | S83: =_xludf.IFNA(_xlfn.XLOOKUP(Table3[[#This Row],[SKU]],'06_Resource_Plan'!$C$2:$C$58,'06_Resource_Plan'!F:F),"") -> #NAME? | T83: =_xludf.IFNA(_xlfn.XLOOKUP(Table3[[#This Row],[SKU]],'00_Yield_Rates'!$B$2:$B$17,'00_Yield_Rates'!$E$2:$E$17),"") -> #NAME?
A84: Cut_up | B84: 61050C | D84: WIP | E84: BSB | J84: MS WIP AC BREAST MEAT W/FILLET COSTCO | N84: PLATINUM | S84: =_xludf.IFNA(_xlfn.XLOOKUP(Table3[[#This Row],[SKU]],'06_Resource_Plan'!$C$2:$C$58,'06_Resource_Plan'!F:F),"") -> #NAME? | T84: =_xludf.IFNA(_xlfn.XLOOKUP(Table3[[#This Row],[SKU]],'00_Yield_Rates'!$B$2:$B$17,'00_Yield_Rates'!$E$2:$E$17),"") -> #NAME?
A85: Cut_up | B85: 61050F | D85: WIP | E85: BSB | J85: MS WIP AC BREAST MEAT W/FILLET FFF | N85: PLATINUM | S85: =_xludf.IFNA(_xlfn.XLOOKUP(Table3[[#This Row],[SKU]],'06_Resource_Plan'!$C$2:$C$58,'06_Resource_Plan'!F:F),"") -> #NAME? | T85: =_xludf.IFNA(_xlfn.XLOOKUP(Table3[[#This Row],[SKU]],'00_Yield_Rates'!$B$2:$B$17,'00_Yield_Rates'!$E$2:$E$17),"") -> #NAME?
A86: Cut_up | B86: 61061F | D86: WIP | E86: BA | J86: ZH LCL LEG BA FFF | N86: PLATINUM | S86: =_xludf.IFNA(_xlfn.XLOOKUP(Table3[[#This Row],[SKU]],'06_Resource_Plan'!$C$2:$C$58,'06_Resource_Plan'!F:F),"") -> #NAME? | T86: =_xludf.IFNA(_xlfn.XLOOKUP(Table3[[#This Row],[SKU]],'00_Yield_Rates'!$B$2:$B$17,'00_Yield_Rates'!$E$2:$E$17),"") -> #NAME?
A87: Cut_up | B87: 61072#2 | D87: WIP | E87: DRUM | J87: WetChill Drums | N87: SILVER | S87: =_xludf.IFNA(_xlfn.XLOOKUP(Table3[[#This Row],[SKU]],'06_Resource_Plan'!$C$2:$C$58,'06_Resource_Plan'!F:F),"") -> #NAME? | T87: =_xludf.IFNA(_xlfn.XLOOKUP(Table3[[#This Row],[SKU]],'00_Yield_Rates'!$B$2:$B$17,'00_Yield_Rates'!$E$2:$E$17),"") -> #NAME?
A88: Cut_up | B88: 61072C | D88: WIP | E88: DRUM | J88: MS COS DRUMS | N88: GOLD | S88: =_xludf.IFNA(_xlfn.XLOOKUP(Table3[[#This Row],[SKU]],'06_Resource_Plan'!$C$2:$C$58,'06_Resource_Plan'!F:F),"") -> #NAME? | T88: =_xludf.IFNA(_xlfn.XLOOKUP(Table3[[#This Row],[SKU]],'00_Yield_Rates'!$B$2:$B$17,'00_Yield_Rates'!$E$2:$E$17),"") -> #NAME?
... A92: Cut_up | B92: 61086C | D92: WIP | E92: ThighMeat | J92: MS WIP AC THIGH MEAT COSTCO | N92: GOLD | S92: =_xludf.IFNA(_xlfn.XLOOKUP(Table3[[#This Row],[SKU]],'06_Resource_Plan'!$C$2:$C$58,'06_Resource_Plan'!F:F),"") -> #NAME? | T92: =_xludf.IFNA(_xlfn.XLOOKUP(Table3[[#This Row],[SKU]],'00_Yield_Rates'!$B$2:$B$17,'00_Yield_Rates'!$E$2:$E$17),"") -> #NAME?
A93: Cut_up | B93: 61086F | D93: WIP | E93: ThighMeat | J93: MS WIP AC THIGH MEAT FFF | N93: PLATINUM | T93: =_xludf.IFNA(_xlfn.XLOOKUP(Table3[[#This Row],[SKU]],'00_Yield_Rates'!$B$2:$B$17,'00_Yield_Rates'!$E$2:$E$17),"") -> #NAME?
A94: Tray_Pack | B94: 260 | C94: 61050#2 | D94: LCL | E94: BSB | G94: 8 | H94: PET 8 | I94: Small | J94: MS LCL BSHB PET8 PP | K94: Fast | L94: BOX | M94: 109.6 | N94: SILVER | O94: 25 | P94: 61050#2 | R94: =_xlfn.XLOOKUP(Table3[[#This Row],[SKU]],'05_Daily_Orders'!$B$2:$B$328,'05_Daily_Orders'!G:G) -> #VALUE! | S94: =IFERROR(R94*1,"") | T94: =_xludf.IFNA(_xlfn.XLOOKUP(Table3[[#This Row],[SKU]],'00_Yield_Rates'!$B$2:$B$17,'00_Yield_Rates'!$E$2:$E$17),"") -> #NAME?
A95: Tray_Pack | B95: 331 | C95: 61061 | D95: METRO | E95: BA | F95: 10.008899 | G95: 16 | H95: ST 3XP | I95: Small | J95: MS LEG BA ST | K95: Fast | L95: 6.5 BOX | M95: 32.31 | N95: SILVER | O95: 25 | P95: 61061 | R95: =_xlfn.XLOOKUP(Table3[[#This Row],[SKU]],'05_Daily_Orders'!$B$2:$B$328,'05_Daily_Orders'!G:G) -> #VALUE! | S95: =IFERROR(R95*1,"") | T95: =_xludf.IFNA(_xlfn.XLOOKUP(Table3[[#This Row],[SKU]],'00_Yield_Rates'!$B$2:$B$17,'00_Yield_Rates'!$E$2:$E$17),"") -> #NAME?
A96: Tray_Pack | B96: 349 | C96: 61040#2 | D96: FB | E96: SplitBreast | G96: 16 | H96: ST 3XP | I96: Small | J96: PB HB ST | K96: Fast | L96: 6.5 BOX | M96: 48.8 | N96: SILVER | O96: 25 | P96: 61040#2 | R96: =_xlfn.XLOOKUP(Table3[[#This Row],[SKU]],'05_Daily_Orders'!$B$2:$B$328,'05_Daily_Orders'!G:G) -> #VALUE! | S96: =IFERROR(R96*1,"") | T96: =_xludf.IFNA(_xlfn.XLOOKUP(Table3[[#This Row],[SKU]],'00_Yield_Rates'!$B$2:$B$17,'00_Yield_Rates'!$E$2:$E$17),"") -> #NAME?
A97: Tray_Pack | B97: 484 | C97: 61121 | D97: FB | E97: BackBone | F97: 9.4150185 | G97: 16 | H97: ST 3XP | I97: Small | J97: MS BACK ST PP | K97: Fast | L97: 6.5 BOX | M97: 47.38 | N97: SILVER | O97: 25 | P97: 61121 | R97: =_xlfn.XLOOKUP(Table3[[#This Row],[SKU]],'05_Daily_Orders'!$B$2:$B$328,'05_Daily_Orders'!G:G) -> #VALUE! | S97: =IFERROR(R97*1,"") | T97: =_xludf.IFNA(_xlfn.XLOOKUP(Table3[[#This Row],[SKU]],'00_Yield_Rates'!$B$2:$B$17,'00_Yield_Rates'!$E$2:$E$17),"") -> #NAME?
A98: Tray_Pack | B98: 784 | C98: 61086#2 | D98: FB | E98: ThighMeat | F98: 8.2634387 | G98: 8 | H98: LT 8XP | I98: Large | J98: MS BSC BSTHIGH LT PP | K98: Slow | L98: BOX | M98: 17.92 | N98: SILVER | O98: 25 | P98: 61086#2 | R98: =_xlfn.XLOOKUP(Table3[[#This Row],[SKU]],'05_Daily_Orders'!$B$2:$B$328,'05_Daily_Orders'!G:G) -> #VALUE! | S98: =IFERROR(R98*1,"") | T98: =_xludf.IFNA(_xlfn.XLOOKUP(Table3[[#This Row],[SKU]],'00_Yield_Rates'!$B$2:$B$17,'00_Yield_Rates'!$E$2:$E$17),"") -> #NAME?
A99: Tray_Pack | B99: 946 | C99: 61040#2 | D99: FB | E99: SplitBreast | G99: 6 | H99: LT 14D | I99: Clubpack | J99: PB BSC HB FT PP 8/BOX | K99: Fast | L99: 6.5 BOX | M99: 55.73 | N99: SILVER | O99: 25 | P99: 61040#2 | R99: =_xlfn.XLOOKUP(Table3[[#This Row],[SKU]],'05_Daily_Orders'!$B$2:$B$328,'05_Daily_Orders'!G:G) -> #VALUE! | S99: =IFERROR(R99*1,"") | T99: =_xludf.IFNA(_xlfn.XLOOKUP(Table3[[#This Row],[SKU]],'00_Yield_Rates'!$B$2:$B$17,'00_Yield_Rates'!$E$2:$E$17),"") -> #NAME?
A100: Tray_Pack | B100: 956 | C100: 61072#2 | D100: FB | E100: Drum | G100: 6 | H100: LT 14D | I100: Clubpack | J100: PB BSC DRUM FT PP | K100: Fast | L100: 6.5 BOX | M100: 72.73 | O100: 25 | P100: 61072#2 | R100: =_xlfn.XLOOKUP(Table3[[#This Row],[SKU]],'05_Daily_Orders'!$B$2:$B$328,'05_Daily_Orders'!G:G) -> #VALUE! | S100: =IFERROR(R100*1,"") | T100: =_xludf.IFNA(_xlfn.XLOOKUP(Table3[[#This Row],[SKU]],'00_Yield_Rates'!$B$2:$B$17,'00_Yield_Rates'!$E$2:$E$17),"") -> #NAME?
A101: Tray_Pack | B101: 957 | C101: 61082 | D101: FB | E101: Thigh | G101: 6 | H101: LT 14D | I101: Clubpack | J101: PB BSC THIGH FT PP | K101: Fast | L101: 6.5 BOX | M101: 57.23 | O101: 25 | P101: 61082 | R101: =_xlfn.XLOOKUP(Table3[[#This Row],[SKU]],'05_Daily_Orders'!$B$2:$B$328,'05_Daily_Orders'!G:G) -> #VALUE! | S101: =IFERROR(R101*1,"") | T101: =_xludf.IFNA(_xlfn.XLOOKUP(Table3[[#This Row],[SKU]],'00_Yield_Rates'!$B$2:$B$17,'00_Yield_Rates'!$E$2:$E$17),"") -> #NAME?
A102: Tray_Pack | B102: 1023 | C102: 61121 | D102: METRO | E102: Backbone | F102: 9.3701256 | G102: 16 | H102: ST 3XP | I102: Small | J102: PB BACK ST | K102: Fast | L102: 6.5 BOX | M102: 47.38 | N102: SILVER | O102: 25 | P102: 61121 | R102: =_xlfn.XLOOKUP(Table3[[#This Row],[SKU]],'05_Daily_Orders'!$B$2:$B$328,'05_Daily_Orders'!G:G) -> #VALUE! | S102: =IFERROR(R102*1,"") | T102: =_xludf.IFNA(_xlfn.XLOOKUP(Table3[[#This Row],[SKU]],'00_Yield_Rates'!$B$2:$B$17,'00_Yield_Rates'!$E$2:$E$17),"") -> #NAME?
A103: Tray_Pack | B103: 1830 | C103: 61050F | D103: FB | E103: BSB | F103: 3.5867374 | G103: 8 | H103: ST 3D | I103: Small | J103: MS BSC FFTF BSHB AC 3D PP | K103: Fast | L103: BOX | M103: 56.51 | N103: PLATINUM | O103: 25 | P103: 61050F | R103: =_xlfn.XLOOKUP(Table3[[#This Row],[SKU]],'05_Daily_Orders'!$B$2:$B$328,'05_Daily_Orders'!G:G) -> #VALUE! | S103: =IFERROR(R103*1,"") | T103: =_xludf.IFNA(_xlfn.XLOOKUP(Table3[[#This Row],[SKU]],'00_Yield_Rates'!$B$2:$B$17,'00_Yield_Rates'!$E$2:$E$17),"") -> #NAME?
...

Sheet 01_Cages_Plan
B2: Cut up Plan | G2: 0.27083333
B3: Total Cages | C3: ='03_BulkPack_Order'!C2 -> 265 | E3: RWA | G3: =(F3/C8*1/24) -> 0 | O3: Flock # 1 | P3: Big Bird | Q3: 200141
B4: Total Cages Request | C4: ='03_BulkPack_Order'!C2-F7 -> 160 | E4: MLF | F4: =SUM(K7:K11) -> 105 | G4: =G3+(F4/C7*1/24) -> 0.26947464 | H4: =F4/C7*1/24 -> 0.26947464 | O4: Flock # 2 | P4: Small Bird | Q4: 200140
B5: Avg Cage weight | C5: 680 | E5: St. Fran | F5: =K12 -> 0 | G5: =G4+(F5/C7*1/24) -> 0.26947464 | H5: =F5/C7*1/24 -> 0 | O5: Flock # 3 | P5: Small Bird | Q5: 200015
B6: Avg Bird weight | C6: 1.6 | E6: EVP | F6: =K13 -> 0 | O6: Flock # 4 | Q6: St Francois
B7: Cages/Hour | C7: =60/(C5/C6/C9) -> 16.235294 | E7: Total: | F7: =SUM(F3:F6) -> 105 | J7: 200190/191 | K7: 7 | L7: =K7/$C$7 -> 0.43115942 | O7: Flock # 5 | Q7: Eden Valley
B8: Brids/cage | C8: 410 | J8: 200140 | K8: 35 | L8: =K8/$C$7 -> 2.1557971 | M8: 1.3-1.6 | O8: Flock # 6 | P8: Mix Bird | Q8: 200023
B9: Machine Speed (BPM) | C9: 115 | J9: 200141 | K9: 62 | L9: =K9/$C$7 -> 3.8188406 | M9: 1.6-2.3 | O9: Flock # 7 | P9: Big Bird | Q9: 200017
B10: RWA | C10: Bnls | D10: Split wing | E10: Thigh | F10: Drum | J10: 200150 | K10: 1 | L10: =K10/$C$7 -> 0.061594203 | M10: 1.6-2.3 | O10: Flock # 19 | P10: Mix Bird | Q10: 200190
B11: =MAX(C11:F11) -> 0 | C11: =B27 -> 0 | D11: =B33 -> 0 | E11: =B34 -> 0 | F11: =B36 -> 0 | J11: 200151 | K11: 0 | L11: =K11/$C$7 -> 0 | M11: 1.3-1.6
B12: EXTRA Case/25KG | C12: =(F3-C11)*C5*D26/25 -> 0 | D12: =(F3-D11)*C5*D33/25 -> 0 | E12: =(F3-E11)*C5*D34/25 -> 0 | F12: =(F3-F11)*C5*D36/25 -> 0 | J12: Saint Francois | K12: 0 | L12: =K12/$C$7 -> 0 | M12: 1.8
F13: Need | H13: Cases left over | J13: Eden Valley | K13: 0 | L13: =K13/$C$7 -> 0
B14: Breast | C14: =B43 -> 365.85366 | E14: =IF(C11>F3,F3,C11) -> 0 | F14: =C14+E14 -> 365.85366 | G14: Bnls | H14: =(C3-F14)*C5*'08_Chart_Data'!M9/25 -> -836.68195
B16: WINGS | C16: =B62 -> 1.7647059 | E16: =IF(D11>F3,F3,D11) -> 0 | F16: =C16+E16 -> 1.7647059 | G16: Wings | H16: =(C3-F16)*C5*'08_Chart_Data'!M3/25 -> 414.564
B18: THIGH | C18: =B76 -> 62.55418 | E18: =IF(E11>F3,F3,E11) -> 0 | F18: =C18+E18 -> 62.55418 | G18: Thigh | H18: =(C3-F22-F18)*C5*'08_Chart_Data'!I23/25 -> 957.8685
B20: DRUM | C20: =B95 -> 1.5756303 | E20: =IF(F11>F3,F3,F11) -> 0 | F20: =C20+E20 -> 1.5756303 | G20: Drums | H20: =(C3-F20-F22)*C5*'08_Chart_Data'!I18/25 -> 953.18261
B22: B.A LEG | C22: =B108 -> 13.113811 | F22: =C22 -> 13.113811
C25: Code | D25: % | E25: Cases | F25: Weight | G25: Cages | H25: Bird | I25: Time
B26: RWA | C26: 61051 | D26: =_xlfn.IFNA(_xlfn.XLOOKUP(C26,'08_Chart_Data'!$Q$3:$Q$104,'08_Chart_Data'!$R$3:$R$104,0),"") -> 0.305 | E26: =_xlfn.IFNA(_xlfn.XLOOKUP(C26,'10_Cone_Line'!$A$3:$A$136,'10_Cone_Line'!$E$3:$E$136,0),"") -> 0 | F26: =_xlfn.IFNA(E26*_xlfn.XLOOKUP(C26,'08_Chart_Data'!$Q$3:$Q$104,'08_Chart_Data'!$S$3:$S$104,0)/D26,"") -> 0 | G26: =IFERROR(F26/$C$5,"0") -> 0 | H26: =IFERROR(F26/$C$6,"-") -> 0 | I26: =IFERROR(IF(H26<0,"",(H26/$C$9)/1440),"") -> 0
B27: =SUMIF(G26:G32,">0") -> 0 | C27: 61049 | D27: =_xlfn.IFNA(_xlfn.XLOOKUP(C27,'08_Chart_Data'!$Q$3:$Q$104,'08_Chart_Data'!$R$3:$R$104,0),"") -> 0.36 | E27: =_xlfn.IFNA(_xlfn.XLOOKUP(C27,'10_Cone_Line'!$A$3:$A$136,'10_Cone_Line'!$E$3:$E$136,0),"") -> 0 | F27: =_xlfn.IFNA(E27*_xlfn.XLOOKUP(C27,'08_Chart_Data'!$Q$3:$Q$104,'08_Chart_Data'!$S$3:$S$104,0)/D27,"") -> 0 | G27: =IFERROR(F27/$C$5,"0") -> 0 | H27: =IFERROR(F27/$C$6,"-") -> 0 | I27: =IFERROR(IF(H27<0,"",(H27/$C$9)/1440),"") -> 0
C28: 61042 | D28: =_xlfn.IFNA(_xlfn.XLOOKUP(C28,'08_Chart_Data'!$Q$3:$Q$104,'08_Chart_Data'!$R$3:$R$104,0),"") -> 0.38 | E28: =_xlfn.IFNA(_xlfn.XLOOKUP(C28,'10_Cone_Line'!$A$3:$A$136,'10_Cone_Line'!$E$3:$E$136,0),"") -> 0 | F28: =_xlfn.IFNA(E28*_xlfn.XLOOKUP(C28,'08_Chart_Data'!$Q$3:$Q$104,'08_Chart_Data'!$S$3:$S$104,0)/D28,"") -> 0 | G28: =IFERROR(F28/$C$5,"0") -> 0 | H28: =IFERROR(F28/$C$6,"-") -> 0 | I28: =IFERROR(IF(H28<0,"",(H28/$C$9)/1440),"") -> 0
C29: 1081 | D29: =_xlfn.IFNA(_xlfn.XLOOKUP(C29,'08_Chart_Data'!$Q$3:$Q$104,'08_Chart_Data'!$R$3:$R$104,0),"") -> 0.305 | E29: =_xlfn.IFNA(_xlfn.XLOOKUP(C29,'10_Cone_Line'!$A$3:$A$136,'10_Cone_Line'!$E$3:$E$136,0),"") -> 0 | F29: =_xlfn.IFNA(E29*_xlfn.XLOOKUP(C29,'08_Chart_Data'!$Q$3:$Q$104,'08_Chart_Data'!$S$3:$S$104,0)/D29,"") -> 0 | G29: =IFERROR(F29/$C$5,"0") -> 0 | H29: =IFERROR(F29/$C$6,"-") -> 0 | I29: =IFERROR(IF(H29<0,"",(H29/$C$9)/1440),"") -> 0
C30: 61070 | D30: =_xlfn.IFNA(_xlfn.XLOOKUP(C30,'08_Chart_Data'!$Q$3:$Q$104,'08_Chart_Data'!$R$3:$R$104,0),"") -> 0.305 | E30: =_xlfn.IFNA(_xlfn.XLOOKUP(C30,'10_Cone_Line'!$A$3:$A$136,'10_Cone_Line'!$E$3:$E$136,0),"") -> 0 | F30: =_xlfn.IFNA(E30*_xlfn.XLOOKUP(C30,'08_Chart_Data'!$Q$3:$Q$104,'08_Chart_Data'!$S$3:$S$104,0)/D30,"") -> 0 | G30: =IFERROR(F30/$C$5,"0") -> 0 | H30: =IFERROR(F30/$C$6,"-") -> 0 | I30: =IFERROR(IF(H30<0,"",(H30/$C$9)/1440),"") -> 0
D31: =_xlfn.IFNA(_xlfn.XLOOKUP(C31,'08_Chart_Data'!$Q$3:$Q$104,'08_Chart_Data'!$R$3:$R$104,0),"") -> 0 | E31: =_xlfn.IFNA(_xlfn.XLOOKUP(C31,'10_Cone_Line'!$A$3:$A$136,'10_Cone_Line'!$E$3:$E$136,0),"") -> 0 | F31: =_xlfn.IFNA(E31*_xlfn.XLOOKUP(C31,'08_Chart_Data'!$Q$3:$Q$104,'08_Chart_Data'!$S$3:$S$104,0)/D31,"") -> #DIV/0! | G31: =IFERROR(F31/$C$5,"0") -> 0 | H31: =IFERROR(F31/$C$6,"-") -> - | I31: =IFERROR(IF(H31<0,"",(H31/$C$9)/1440),"")
C32: 61069 | D32: =_xlfn.IFNA(_xlfn.XLOOKUP(C32,'08_Chart_Data'!$Q$3:$Q$104,'08_Chart_Data'!$R$3:$R$104,0),"") -> 0.305 | E32: =_xlfn.IFNA(_xlfn.XLOOKUP(C32,'10_Cone_Line'!$A$3:$A$136,'10_Cone_Line'!$E$3:$E$136,0),"") -> 0 | F32: =_xlfn.IFNA(E32*_xlfn.XLOOKUP(C32,'08_Chart_Data'!$Q$3:$Q$104,'08_Chart_Data'!$S$3:$S$104,0)/D32,"") -> 0 | G32: =IFERROR(F32/$C$5,"0") -> 0 | H32: =IFERROR(F32/$C$6,"-") -> 0 | I32: =IFERROR(IF(H32<0,"",(H32/$C$9)/1440),"") -> 0
B33: =SUMIF(G33,">0") -> 0 | C33: 61016 | D33: =_xlfn.IFNA(_xlfn.XLOOKUP(C33,'08_Chart_Data'!$Q$3:$Q$104,'08_Chart_Data'!$R$3:$R$104,0),"") -> 0.0579 | E33: =_xlfn.IFNA(_xlfn.XLOOKUP(C33,'10_Cone_Line'!$A$3:$A$136,'10_Cone_Line'!$E$3:$E$136,0),"") -> 0 | F33: =_xlfn.IFNA(E33*_xlfn.XLOOKUP(C33,'08_Chart_Data'!$Q$3:$Q$104,'08_Chart_Data'!$S$3:$S$104,0)/D33,"") -> 0 | G33: =IFERROR(F33/$C$5,"0") -> 0 | H33: =IFERROR(F33/$C$6,"-") -> 0 | I33: =IFERROR(IF(H33<0,"",(H33/$C$9)/1440),"") -> 0
B34: =SUMIF(G34:G35,">0") -> 0 | C34: 61079 | D34: =_xlfn.IFNA(_xlfn.XLOOKUP(C34,'08_Chart_Data'!$Q$3:$Q$104,'08_Chart_Data'!$R$3:$R$104,0),"") -> 0.186 | E34: =_xlfn.IFNA(_xlfn.XLOOKUP(C34,'10_Cone_Line'!$A$3:$A$136,'10_Cone_Line'!$E$3:$E$136,0),"") -> -22 | F34: =_xlfn.IFNA(E34*_xlfn.XLOOKUP(C34,'08_Chart_Data'!$Q$3:$Q$104,'08_Chart_Data'!$S$3:$S$104,0)/D34,"") -> -2956.9892 | G34: =IFERROR(F34/$C$5,"0") -> -4.3485136 | H34: =IFERROR(F34/$C$6,"-") -> -1848.1183 | I34: =IFERROR(IF(H34<0,"",(H34/$C$9)/1440),"")
C35: 61087 | D35: =_xlfn.IFNA(_xlfn.XLOOKUP(C35,'08_Chart_Data'!$Q$3:$Q$104,'08_Chart_Data'!$R$3:$R$104,0),"") -> 0.105 | E35: =_xlfn.IFNA(_xlfn.XLOOKUP(C35,'10_Cone_Line'!$A$3:$A$136,'10_Cone_Line'!$E$3:$E$136,0),"") -> 0 | F35: =_xlfn.IFNA(E35*_xlfn.XLOOKUP(C35,'08_Chart_Data'!$Q$3:$Q$104,'08_Chart_Data'!$S$3:$S$104,0)/D35,"") -> 0 | G35: =IFERROR(F35/$C$5,"0") -> 0 | H35: =IFERROR(F35/$C$6,"-") -> 0 | I35: =IFERROR(IF(H35<0,"",(H35/$C$9)/1440),"") -> 0
B36: =SUMIF(G36:G37,">0") -> 0 | C36: 61074 | D36: =_xlfn.IFNA(_xlfn.XLOOKUP(C36,'08_Chart_Data'!$Q$3:$Q$104,'08_Chart_Data'!$R$3:$R$104,0),"") -> 0.14 | E36: =_xlfn.IFNA(_xlfn.XLOOKUP(C36,'10_Cone_Line'!$A$3:$A$136,'10_Cone_Line'!$E$3:$E$136,0),"") -> 0 | F36: =_xlfn.IFNA(E36*_xlfn.XLOOKUP(C36,'08_Chart_Data'!$Q$3:$Q$104,'08_Chart_Data'!$S$3:$S$104,0)/D36,"") -> 0 | G36: =IFERROR(F36/$C$5,"0") -> 0 | H36: =IFERROR(F36/$C$6,"-") -> 0 | I36: =IFERROR(IF(H36<0,"",(H36/$C$9)/1440),"") -> 0
C37: 61076 | D37: =_xlfn.IFNA(_xlfn.XLOOKUP(C37,'08_Chart_Data'!$Q$3:$Q$104,'08_Chart_Data'!$R$3:$R$104,0),"") -> 0.12 | E37: =_xlfn.IFNA(_xlfn.XLOOKUP(C37,'10_Cone_Line'!$A$3:$A$136,'10_Cone_Line'!$E$3:$E$136,0),"") -> -125 | F37: =_xlfn.IFNA(E37*_xlfn.XLOOKUP(C37,'08_Chart_Data'!$Q$3:$Q$104,'08_Chart_Data'!$S$3:$S$104,0)/D37,"") -> -26041.667 | G37: =IFERROR(F37/$C$5,"0") -> -38.296569 | H37: =IFERROR(F37/$C$6,"-") -> -16276.042 | I37: =IFERROR(IF(H37<0,"",(H37/$C$9)/1440),"")
D38: =_xlfn.IFNA(_xlfn.XLOOKUP(C38,'08_Chart_Data'!$Q$3:$Q$104,'08_Chart_Data'!$R$3:$R$104,0),"") -> 0 | E38: =_xlfn.IFNA(_xlfn.XLOOKUP(C38,'10_Cone_Line'!$A$3:$A$136,'10_Cone_Line'!$E$3:$E$136,0),"") -> 0 | F38: =_xlfn.IFNA(E38*_xlfn.XLOOKUP(C38,'08_Chart_Data'!$Q$3:$Q$104,'08_Chart_Data'!$S$3:$S$104,0)/D38,"") -> #DIV/0! | G38: =IFERROR(F38/$C$5,"0") -> 0 | H38: =IFERROR(F38/$C$6,"-") -> - | I38: =IFERROR(IF(H38<0,"",(H38/$C$9)/1440),"")
D39: =_xlfn.IFNA(_xlfn.XLOOKUP(C39,'08_Chart_Data'!$Q$3:$Q$104,'08_Chart_Data'!$R$3:$R$104,0),"") -> 0 | E39: =_xlfn.IFNA(_xlfn.XLOOKUP(C39,'10_Cone_Line'!$A$3:$A$136,'10_Cone_Line'!$E$3:$E$136,0),"") -> 0 | F39: =_xlfn.IFNA(E39*_xlfn.XLOOKUP(C39,'08_Chart_Data'!$Q$3:$Q$104,'08_Chart_Data'!$S$3:$S$104,0)/D39,"") -> #DIV/0! | G39: =IFERROR(F39/$C$5,"0") -> 0 | H39: =IFERROR(F39/$C$6,"-") -> - | I39: =IFERROR(IF(H39<0,"",(H39/$C$9)/1440),"")
D40: =_xlfn.IFNA(_xlfn.XLOOKUP(C40,'08_Chart_Data'!$Q$3:$Q$104,'08_Chart_Data'!$R$3:$R$104,0),"") -> 0 | E40: =_xlfn.IFNA(_xlfn.XLOOKUP(C40,'10_Cone_Line'!$A$3:$A$136,'10_Cone_Line'!$E$3:$E$136,0),"") -> 0 | F40: =_xlfn.IFNA(E40*_xlfn.XLOOKUP(C40,'08_Chart_Data'!$Q$3:$Q$104,'08_Chart_Data'!$S$3:$S$104,0)/D40,"") -> #DIV/0! | G40: =IFERROR(F40/$C$5,"0") -> 0 | H40: =IFERROR(F40/$C$6,"-") -> - | I40: =IFERROR(IF(H40<0,"",(H40/$C$9)/1440),"")
B41: Breast | C41: 61050F | D41: =_xlfn.IFNA(_xlfn.XLOOKUP(C41,'08_Chart_Data'!$Q$3:$Q$104,'08_Chart_Data'!$R$3:$R$104,0),"") -> 0.305 | E41: =_xlfn.IFNA(_xlfn.XLOOKUP(C41,'10_Cone_Line'!$A$3:$A$136,'10_Cone_Line'!$E$3:$E$136,0),"") -> 0 | F41: =_xlfn.IFNA(E41*_xlfn.XLOOKUP(C41,'08_Chart_Data'!$Q$3:$Q$104,'08_Chart_Data'!$S$3:$S$104,0)/D41,"") -> 0 | G41: =IFERROR(F41/$C$5,"0") -> 0 | H41: =IFERROR(F41/$C$6,"-") -> 0 | I41: =IFERROR(IF(H41<0,"",(H41/$C$9)/1440),"") -> 0
C42: 61050 | D42: =_xlfn.IFNA(_xlfn.XLOOKUP(C42,'08_Chart_Data'!$Q$3:$Q$104,'08_Chart_Data'!$R$3:$R$104,0),"") -> 0.305 | E42: =_xlfn.IFNA(_xlfn.XLOOKUP(C42,'10_Cone_Line'!$A$3:$A$136,'10_Cone_Line'!$E$3:$E$136,0),"") -> 0 | F42: =_xlfn.IFNA(E42*_xlfn.XLOOKUP(C42,'08_Chart_Data'!$Q$3:$Q$104,'08_Chart_Data'!$S$3:$S$104,0)/D42,"") -> 0 | G42: =IFERROR(F42/$C$5,"0") -> 0 | H42: =IFERROR(F42/$C$6,"-") -> 0 | I42: =IFERROR(IF(H42<0,"",(H42/$C$9)/1440),"") -> 0
B43: =SUMIF(G41:G59,">0") -> 365.85366 | C43: 1888 | D43: =_xlfn.IFNA(_xlfn.XLOOKUP(C43,'08_Chart_Data'!$Q$3:$Q$104,'08_Chart_Data'!$R$3:$R$104,0),"") -> 0.38 | E43: =_xlfn.IFNA(_xlfn.XLOOKUP(C43,'10_Cone_Line'!$A$3:$A$136,'10_Cone_Line'!$E$3:$E$136,0),"") -> 0 | F43: =_xlfn.IFNA(E43*_xlfn.XLOOKUP(C43,'08_Chart_Data'!$Q$3:$Q$104,'08_Chart_Data'!$S$3:$S$104,0)/D43,"") -> 0 | G43: =IFERROR(F43/$C$5,"0") -> 0 | H43: =IFERROR(F43/$C$6,"-") -> 0 | I43: =IFERROR(IF(H43<0,"",(H43/$C$9)/1440),"") -> 0
C44: 61040#2 | D44: =_xlfn.IFNA(_xlfn.XLOOKUP(C44,'08_Chart_Data'!$Q$3:$Q$104,'08_Chart_Data'!$R$3:$R$104,0),"") -> 0.41 | E44: =_xlfn.IFNA(_xlfn.XLOOKUP(C44,'10_Cone_Line'!$A$3:$A$136,'10_Cone_Line'!$E$3:$E$136,0),"") -> 0 | F44: =_xlfn.IFNA(E44*_xlfn.XLOOKUP(C44,'08_Chart_Data'!$Q$3:$Q$104,'08_Chart_Data'!$S$3:$S$104,0)/D44,"") -> 0 | G44: =IFERROR(F44/$C$5,"0") -> 0 | H44: =IFERROR(F44/$C$6,"-") -> 0 | I44: =IFERROR(IF(H44<0,"",(H44/$C$9)/1440),"") -> 0
B45: FFF | C45: 61048 | D45: =_xlfn.IFNA(_xlfn.XLOOKUP(C45,'08_Chart_Data'!$Q$3:$Q$104,'08_Chart_Data'!$R$3:$R$104,0),"") -> 0.38 | E45: =_xlfn.IFNA(_xlfn.XLOOKUP(C45,'10_Cone_Line'!$A$3:$A$136,'10_Cone_Line'!$E$3:$E$136,0),"") -> -127 | F45: =_xlfn.IFNA(E45*_xlfn.XLOOKUP(C45,'08_Chart_Data'!$Q$3:$Q$104,'08_Chart_Data'!$S$3:$S$104,0)/D45,"") -> -8355.2632 | G45: =IFERROR(F45/$C$5,"0") -> -12.287152 | H45: =IFERROR(F45/$C$6,"-") -> -5222.0395 | I45: =IFERROR(IF(H45<0,"",(H45/$C$9)/1440),"")
B46: =G41 -> 0 | C46: 61052 | D46: =_xlfn.IFNA(_xlfn.XLOOKUP(C46,'08_Chart_Data'!$Q$3:$Q$104,'08_Chart_Data'!$R$3:$R$104,0),"") -> 0.46 | E46: =_xlfn.IFNA(_xlfn.XLOOKUP(C46,'10_Cone_Line'!$A$3:$A$136,'10_Cone_Line'!$E$3:$E$136,0),"") -> 0 | F46: =_xlfn.IFNA(E46*_xlfn.XLOOKUP(C46,'08_Chart_Data'!$Q$3:$Q$104,'08_Chart_Data'!$S$3:$S$104,0)/D46,"") -> 0 | G46: =IFERROR(F46/$C$5,"0") -> 0 | H46: =IFERROR(F46/$C$6,"-") -> 0 | I46: =IFERROR(IF(H46<0,"",(H46/$C$9)/1440),"") -> 0
C47: 200083 | D47: =_xlfn.IFNA(_xlfn.XLOOKUP(C47,'08_Chart_Data'!$Q$3:$Q$104,'08_Chart_Data'!$R$3:$R$104,0),"") -> 0.41 | E47: =_xlfn.IFNA(_xlfn.XLOOKUP(C47,'10_Cone_Line'!$A$3:$A$136,'10_Cone_Line'!$E$3:$E$136,0),"") -> 0 | F47: =_xlfn.IFNA(E47*_xlfn.XLOOKUP(C47,'08_Chart_Data'!$Q$3:$Q$104,'08_Chart_Data'!$S$3:$S$104,0)/D47,"") -> 0 | G47: =IFERROR(F47/$C$5,"0") -> 0 | H47: =IFERROR(F47/$C$6,"-") -> 0 | I47: =IFERROR(IF(H47<0,"",(H47/$C$9)/1440),"") -> 0
C48: 200089 | D48: =_xlfn.IFNA(_xlfn.XLOOKUP(C48,'08_Chart_Data'!$Q$3:$Q$104,'08_Chart_Data'!$R$3:$R$104,0),"") -> 0.41 | E48: =_xlfn.IFNA(_xlfn.XLOOKUP(C48,'10_Cone_Line'!$A$3:$A$136,'10_Cone_Line'!$E$3:$E$136,0),"") -> 170 | F48: =_xlfn.IFNA(E48*_xlfn.XLOOKUP(C48,'08_Chart_Data'!$Q$3:$Q$104,'08_Chart_Data'!$S$3:$S$104,0)/D48,"") -> 248780.49 | G48: =IFERROR(F48/$C$5,"0") -> 365.85366 | H48: =IFERROR(F48/$C$6,"-") -> 155487.8 | I48: =IFERROR(IF(H48<0,"",(H48/$C$9)/1440),"") -> 0.93893602
C49: 1894 | D49: =_xlfn.IFNA(_xlfn.XLOOKUP(C49,'08_Chart_Data'!$Q$3:$Q$104,'08_Chart_Data'!$R$3:$R$104,0),"") -> 0.3 | E49: =_xlfn.IFNA(_xlfn.XLOOKUP(C49,'10_Cone_Line'!$A$3:$A$136,'10_Cone_Line'!$E$3:$E$136,0),"") -> 0 | F49: =_xlfn.IFNA(E49*_xlfn.XLOOKUP(C49,'08_Chart_Data'!$Q$3:$Q$104,'08_Chart_Data'!$S$3:$S$104,0)/D49,"") -> 0 | G49: =IFERROR(F49/$C$5,"0") -> 0 | H49: =IFERROR(F49/$C$6,"-") -> 0 | I49: =IFERROR(IF(H49<0,"",(H49/$C$9)/1440),"") -> 0
C50: 61050#2 | D50: =_xlfn.IFNA(_xlfn.XLOOKUP(C50,'08_Chart_Data'!$Q$3:$Q$104,'08_Chart_Data'!$R$3:$R$104,0),"") -> 0.3 | E50: =_xlfn.IFNA(_xlfn.XLOOKUP(C50,'10_Cone_Line'!$A$3:$A$136,'10_Cone_Line'!$E$3:$E$136,0),"") -> -67 | F50: =_xlfn.IFNA(E50*_xlfn.XLOOKUP(C50,'08_Chart_Data'!$Q$3:$Q$104,'08_Chart_Data'!$S$3:$S$104,0)/D50,"") -> -5583.3333 | G50: =IFERROR(F50/$C$5,"0") -> -8.2107843 | H50: =IFERROR(F50/$C$6,"-") -> -3489.5833 | I50: =IFERROR(IF(H50<0,"",(H50/$C$9)/1440),"")
C51: 165 | D51: =_xlfn.IFNA(_xlfn.XLOOKUP(C51,'08_Chart_Data'!$Q$3:$Q$104,'08_Chart_Data'!$R$3:$R$104,0),"") -> 0.3 | E51: =_xlfn.IFNA(_xlfn.XLOOKUP(C51,'10_Cone_Line'!$A$3:$A$136,'10_Cone_Line'!$E$3:$E$136,0),"") -> 0 | F51: =_xlfn.IFNA(E51*_xlfn.XLOOKUP(C51,'08_Chart_Data'!$Q$3:$Q$104,'08_Chart_Data'!$S$3:$S$104,0)/D51,"") -> 0 | G51: =IFERROR(F51/$C$5,"0") -> 0 | H51: =IFERROR(F51/$C$6,"-") -> 0 | I51: =IFERROR(IF(H51<0,"",(H51/$C$9)/1440),"") -> 0
C52: 203169 | D52: =_xlfn.IFNA(_xlfn.XLOOKUP(C52,'08_Chart_Data'!$Q$3:$Q$104,'08_Chart_Data'!$R$3:$R$104,0),"") -> 0.3 | E52: =_xlfn.IFNA(_xlfn.XLOOKUP(C52,'10_Cone_Line'!$A$3:$A$136,'10_Cone_Line'!$E$3:$E$136,0),"") -> 0 | F52: =_xlfn.IFNA(E52*_xlfn.XLOOKUP(C52,'08_Chart_Data'!$Q$3:$Q$104,'08_Chart_Data'!$S$3:$S$104,0)/D52,"") -> 0 | G52: =IFERROR(F52/$C$5,"0") -> 0 | H52: =IFERROR(F52/$C$6,"-") -> 0 | I52: =IFERROR(IF(H52<0,"",(H52/$C$9)/1440),"") -> 0
C53: 61048#2 | D53: =_xlfn.IFNA(_xlfn.XLOOKUP(C53,'08_Chart_Data'!$Q$3:$Q$104,'08_Chart_Data'!$R$3:$R$104,0),"") -> 0 | E53: =_xlfn.IFNA(_xlfn.XLOOKUP(C53,'10_Cone_Line'!$A$3:$A$136,'10_Cone_Line'!$E$3:$E$136,0),"") -> 0 | F53: =_xlfn.IFNA(E53*_xlfn.XLOOKUP(C53,'08_Chart_Data'!$Q$3:$Q$104,'08_Chart_Data'!$S$3:$S$104,0)/D53,"") -> #DIV/0! | G53: =IFERROR(F53/$C$5,"0") -> 0 | H53: =IFERROR(F53/$C$6,"-") -> - | I53: =IFERROR(IF(H53<0,"",(H53/$C$9)/1440),"")
C54: 65 | D54: =_xlfn.IFNA(_xlfn.XLOOKUP(C54,'08_Chart_Data'!$Q$3:$Q$104,'08_Chart_Data'!$R$3:$R$104,0),"") -> 0.3 | E54: =_xlfn.IFNA(_xlfn.XLOOKUP(C54,'10_Cone_Line'!$A$3:$A$136,'10_Cone_Line'!$E$3:$E$136,0),"") -> 0 | F54: =_xlfn.IFNA(E54*_xlfn.XLOOKUP(C54,'08_Chart_Data'!$Q$3:$Q$104,'08_Chart_Data'!$S$3:$S$104,0)/D54,"") -> 0 | G54: =IFERROR(F54/$C$5,"0") -> 0 | H54: =IFERROR(F54/$C$6,"-") -> 0 | I54: =IFERROR(IF(H54<0,"",(H54/$C$9)/1440),"") -> 0
C55: 2236 | D55: =_xlfn.IFNA(_xlfn.XLOOKUP(C55,'08_Chart_Data'!$Q$3:$Q$104,'08_Chart_Data'!$R$3:$R$104,0),"") -> 0.305 | E55: =_xlfn.IFNA(_xlfn.XLOOKUP(C55,'10_Cone_Line'!$A$3:$A$136,'10_Cone_Line'!$E$3:$E$136,0),"") -> 0 | F55: =_xlfn.IFNA(E55*_xlfn.XLOOKUP(C55,'08_Chart_Data'!$Q$3:$Q$104,'08_Chart_Data'!$S$3:$S$104,0)/D55,"") -> 0 | G55: =IFERROR(F55/$C$5,"0") -> 0 | H55: =IFERROR(F55/$C$6,"-") -> 0 | I55: =IFERROR(IF(H55<0,"",(H55/$C$9)/1440),"") -> 0
C56: 201894 | D56: =_xlfn.IFNA(_xlfn.XLOOKUP(C56,'08_Chart_Data'!$Q$3:$Q$104,'08_Chart_Data'!$R$3:$R$104,0),"") -> 0.3 | E56: =_xlfn.IFNA(_xlfn.XLOOKUP(C56,'10_Cone_Line'!$A$3:$A$136,'10_Cone_Line'!$E$3:$E$136,0),"") -> 0 | F56: =_xlfn.IFNA(E56*_xlfn.XLOOKUP(C56,'08_Chart_Data'!$Q$3:$Q$104,'08_Chart_Data'!$S$3:$S$104,0)/D56,"") -> 0 | G56: =IFERROR(F56/$C$5,"0") -> 0 | H56: =IFERROR(F56/$C$6,"-") -> 0 | I56: =IFERROR(IF(H56<0,"",(H56/$C$9)/1440),"") -> 0
C57: 201895 | D57: =_xlfn.IFNA(_xlfn.XLOOKUP(C57,'08_Chart_Data'!$Q$3:$Q$104,'08_Chart_Data'!$R$3:$R$104,0),"") -> 0.3 | E57: =_xlfn.IFNA(_xlfn.XLOOKUP(C57,'10_Cone_Line'!$A$3:$A$136,'10_Cone_Line'!$E$3:$E$136,0),"") -> 0 | F57: =_xlfn.IFNA(E57*_xlfn.XLOOKUP(C57,'08_Chart_Data'!$Q$3:$Q$104,'08_Chart_Data'!$S$3:$S$104,0)/D57,"") -> 0 | G57: =IFERROR(F57/$C$5,"0") -> 0 | H57: =IFERROR(F57/$C$6,"-") -> 0 | I57: =IFERROR(IF(H57<0,"",(H57/$C$9)/1440),"") -> 0
C58: 61050C | D58: =_xlfn.IFNA(_xlfn.XLOOKUP(C58,'08_Chart_Data'!$Q$3:$Q$104,'08_Chart_Data'!$R$3:$R$104,0),"") -> 0.305 | E58: =_xlfn.IFNA(_xlfn.XLOOKUP(C58,'10_Cone_Line'!$A$3:$A$136,'10_Cone_Line'!$E$3:$E$136,0),"") -> 0 | F58: =_xlfn.IFNA(E58*_xlfn.XLOOKUP(C58,'08_Chart_Data'!$Q$3:$Q$104,'08_Chart_Data'!$S$3:$S$104,0)/D58,"") -> 0 | G58: =IFERROR(F58/$C$5,"0") -> 0 | H58: =IFERROR(F58/$C$6,"-") -> 0 | I58: =IFERROR(IF(H58<0,"",(H58/$C$9)/1440),"") -> 0
C59: 61055 | D59: =_xlfn.IFNA(_xlfn.XLOOKUP(C59,'08_Chart_Data'!$Q$3:$Q$104,'08_Chart_Data'!$R$3:$R$104,0),"") -> 0 | E59: =_xlfn.IFNA(_xlfn.XLOOKUP(C59,'10_Cone_Line'!$A$3:$A$136,'10_Cone_Line'!$E$3:$E$136,0),"") -> 0 | F59: =_xlfn.IFNA(E59*_xlfn.XLOOKUP(C59,'08_Chart_Data'!$Q$3:$Q$104,'08_Chart_Data'!$S$3:$S$104,0)/D59,"") -> #DIV/0! | G59: =IFERROR(F59/$C$5,"0") -> 0 | H59: =IFERROR(F59/$C$6,"-") -> - | I59: =IFERROR(IF(H59<0,"",(H59/$C$9)/1440),"")
B60: Wings | C60: 2233 | D60: =_xlfn.IFNA(_xlfn.XLOOKUP(C60,'08_Chart_Data'!$Q$3:$Q$104,'08_Chart_Data'!$R$3:$R$104,0),"") -> 0.0579 | E60: =_xlfn.IFNA(_xlfn.XLOOKUP(C60,'10_Cone_Line'!$A$3:$A$136,'10_Cone_Line'!$E$3:$E$136,0),"") -> 0 | F60: =_xlfn.IFNA(E60*_xlfn.XLOOKUP(C60,'08_Chart_Data'!$Q$3:$Q$104,'08_Chart_Data'!$S$3:$S$104,0)/D60,"") -> 0 | G60: =IFERROR(F60/$C$5,"0") -> 0 | H60: =IFERROR(F60/$C$6,"-") -> 0 | I60: =IFERROR(IF(H60<0,"",(H60/$C$9)/1440),"") -> 0
C61: 61014 | D61: =_xlfn.IFNA(_xlfn.XLOOKUP(C61,'08_Chart_Data'!$Q$3:$Q$104,'08_Chart_Data'!$R$3:$R$104,0),"") -> 0.0579 | E61: =_xlfn.IFNA(_xlfn.XLOOKUP(C61,'10_Cone_Line'!$A$3:$A$136,'10_Cone_Line'!$E$3:$E$136,0),"") -> 0 | F61: =_xlfn.IFNA(E61*_xlfn.XLOOKUP(C61,'08_Chart_Data'!$Q$3:$Q$104,'08_Chart_Data'!$S$3:$S$104,0)/D61,"") -> 0 | G61: =IFERROR(F61/$C$5,"0") -> 0 | H61: =IFERROR(F61/$C$6,"-") -> 0 | I61: =IFERROR(IF(H61<0,"",(H61/$C$9)/1440),"") -> 0
B62: =SUMIF(G60:G73,">0") -> 1.7647059 | C62: 61018 | D62: =_xlfn.IFNA(_xlfn.XLOOKUP(C62,'08_Chart_Data'!$Q$3:$Q$104,'08_Chart_Data'!$R$3:$R$104,0),"") -> 0.11 | E62: =_xlfn.IFNA(_xlfn.XLOOKUP(C62,'10_Cone_Line'!$A$3:$A$136,'10_Cone_Line'!$E$3:$E$136,0),"") -> 0 | F62: =_xlfn.IFNA(E62*_xlfn.XLOOKUP(C62,'08_Chart_Data'!$Q$3:$Q$104,'08_Chart_Data'!$S$3:$S$104,0)/D62,"") -> 0 | G62: =IFERROR(F62/$C$5,"0") -> 0 | H62: =IFERROR(F62/$C$6,"-") -> 0 | I62: =IFERROR(IF(H62<0,"",(H62/$C$9)/1440),"") -> 0
C63: 61010 | D63: =_xlfn.IFNA(_xlfn.XLOOKUP(C63,'08_Chart_Data'!$Q$3:$Q$104,'08_Chart_Data'!$R$3:$R$104,0),"") -> 0.105 | E63: =_xlfn.IFNA(_xlfn.XLOOKUP(C63,'10_Cone_Line'!$A$3:$A$136,'10_Cone_Line'!$E$3:$E$136,0),"") -> 0 | F63: =_xlfn.IFNA(E63*_xlfn.XLOOKUP(C63,'08_Chart_Data'!$Q$3:$Q$104,'08_Chart_Data'!$S$3:$S$104,0)/D63,"") -> 0 | G63: =IFERROR(F63/$C$5,"0") -> 0 | H63: =IFERROR(F63/$C$6,"-") -> 0 | I63: =IFERROR(IF(H63<0,"",(H63/$C$9)/1440),"") -> 0
B64: FFF | C64: 904 | D64: =_xlfn.IFNA(_xlfn.XLOOKUP(C64,'08_Chart_Data'!$Q$3:$Q$104,'08_Chart_Data'!$R$3:$R$104,0),"") -> 0.105 | E64: =_xlfn.IFNA(_xlfn.XLOOKUP(C64,'10_Cone_Line'!$A$3:$A$136,'10_Cone_Line'!$E$3:$E$136,0),"") -> 7 | F64: =_xlfn.IFNA(E64*_xlfn.XLOOKUP(C64,'08_Chart_Data'!$Q$3:$Q$104,'08_Chart_Data'!$S$3:$S$104,0)/D64,"") -> 1200 | G64: =IFERROR(F64/$C$5,"0") -> 1.7647059 | H64: =IFERROR(F64/$C$6,"-") -> 750 | I64: =IFERROR(IF(H64<0,"",(H64/$C$9)/1440),"") -> 0.0045289855
B65: =G73 -> -106.67479 | C65: 868 | D65: =_xlfn.IFNA(_xlfn.XLOOKUP(C65,'08_Chart_Data'!$Q$3:$Q$104,'08_Chart_Data'!$R$3:$R$104,0),"") -> 0.095 | E65: =_xlfn.IFNA(_xlfn.XLOOKUP(C65,'10_Cone_Line'!$A$3:$A$136,'10_Cone_Line'!$E$3:$E$136,0),"") -> 0 | F65: =_xlfn.IFNA(E65*_xlfn.XLOOKUP(C65,'08_Chart_Data'!$Q$3:$Q$104,'08_Chart_Data'!$S$3:$S$104,0)/D65,"") -> 0 | G65: =IFERROR(F65/$C$5,"0") -> 0 | H65: =IFERROR(F65/$C$6,"-") -> 0 | I65: =IFERROR(IF(H65<0,"",(H65/$C$9)/1440),"") -> 0
C66: 203172 | D66: =_xlfn.IFNA(_xlfn.XLOOKUP(C66,'08_Chart_Data'!$Q$3:$Q$104,'08_Chart_Data'!$R$3:$R$104,0),"") -> 0.105 | E66: =_xlfn.IFNA(_xlfn.XLOOKUP(C66,'10_Cone_Line'!$A$3:$A$136,'10_Cone_Line'!$E$3:$E$136,0),"") -> 0 | F66: =_xlfn.IFNA(E66*_xlfn.XLOOKUP(C66,'08_Chart_Data'!$Q$3:$Q$104,'08_Chart_Data'!$S$3:$S$104,0)/D66,"") -> 0 | G66: =IFERROR(F66/$C$5,"0") -> 0 | H66: =IFERROR(F66/$C$6,"-") -> 0 | I66: =IFERROR(IF(H66<0,"",(H66/$C$9)/1440),"") -> 0
C67: 203173 | D67: =_xlfn.IFNA(_xlfn.XLOOKUP(C67,'08_Chart_Data'!$Q$3:$Q$104,'08_Chart_Data'!$R$3:$R$104,0),"") -> 0.095 | E67: =_xlfn.IFNA(_xlfn.XLOOKUP(C67,'10_Cone_Line'!$A$3:$A$136,'10_Cone_Line'!$E$3:$E$136,0),"") -> 0 | F67: =_xlfn.IFNA(E67*_xlfn.XLOOKUP(C67,'08_Chart_Data'!$Q$3:$Q$104,'08_Chart_Data'!$S$3:$S$104,0)/D67,"") -> 0 | G67: =IFERROR(F67/$C$5,"0") -> 0 | H67: =IFERROR(F67/$C$6,"-") -> 0 | I67: =IFERROR(IF(H67<0,"",(H67/$C$9)/1440),"") -> 0
C68: 61014#2 | D68: =_xlfn.IFNA(_xlfn.XLOOKUP(C68,'08_Chart_Data'!$Q$3:$Q$104,'08_Chart_Data'!$R$3:$R$104,0),"") -> 0.095 | E68: =_xlfn.IFNA(_xlfn.XLOOKUP(C68,'10_Cone_Line'!$A$3:$A$136,'10_Cone_Line'!$E$3:$E$136,0),"") -> 0 | F68: =_xlfn.IFNA(E68*_xlfn.XLOOKUP(C68,'08_Chart_Data'!$Q$3:$Q$104,'08_Chart_Data'!$S$3:$S$104,0)/D68,"") -> 0 | G68: =IFERROR(F68/$C$5,"0") -> 0 | H68: =IFERROR(F68/$C$6,"-") -> 0 | I68: =IFERROR(IF(H68<0,"",(H68/$C$9)/1440),"") -> 0
C69: 61014B | D69: =_xlfn.IFNA(_xlfn.XLOOKUP(C69,'08_Chart_Data'!$Q$3:$Q$104,'08_Chart_Data'!$R$3:$R$104,0),"") -> 0.095 | E69: =_xlfn.IFNA(_xlfn.XLOOKUP(C69,'10_Cone_Line'!$A$3:$A$136,'10_Cone_Line'!$E$3:$E$136,0),"") -> 0 | F69: =_xlfn.IFNA(E69*_xlfn.XLOOKUP(C69,'08_Chart_Data'!$Q$3:$Q$104,'08_Chart_Data'!$S$3:$S$104,0)/D69,"") -> 0 | G69: =IFERROR(F69/$C$5,"0") -> 0 | H69: =IFERROR(F69/$C$6,"-") -> 0 | I69: =IFERROR(IF(H69<0,"",(H69/$C$9)/1440),"") -> 0
C70: 203035 | D70: =_xlfn.IFNA(_xlfn.XLOOKUP(C70,'08_Chart_Data'!$Q$3:$Q$104,'08_Chart_Data'!$R$3:$R$104,0),"") -> 0.0579 | E70: =_xlfn.IFNA(_xlfn.XLOOKUP(C70,'10_Cone_Line'!$A$3:$A$136,'10_Cone_Line'!$E$3:$E$136,0),"") -> 0 | F70: =_xlfn.IFNA(E70*_xlfn.XLOOKUP(C70,'08_Chart_Data'!$Q$3:$Q$104,'08_Chart_Data'!$S$3:$S$104,0)/D70,"") -> 0 | G70: =IFERROR(F70/$C$5,"0") -> 0 | H70: =IFERROR(F70/$C$6,"-") -> 0 | I70: =IFERROR(IF(H70<0,"",(H70/$C$9)/1440),"") -> 0
C71: 61014C | D71: =_xlfn.IFNA(_xlfn.XLOOKUP(C71,'08_Chart_Data'!$Q$3:$Q$104,'08_Chart_Data'!$R$3:$R$104,0),"") -> 0.0579 | E71: =_xlfn.IFNA(_xlfn.XLOOKUP(C71,'10_Cone_Line'!$A$3:$A$136,'10_Cone_Line'!$E$3:$E$136,0),"") -> -24 | F71: =_xlfn.IFNA(E71*_xlfn.XLOOKUP(C71,'08_Chart_Data'!$Q$3:$Q$104,'08_Chart_Data'!$S$3:$S$104,0)/D71,"") -> -10362.694 | G71: =IFERROR(F71/$C$5,"0") -> -15.239256 | H71: =IFERROR(F71/$C$6,"-") -> -6476.6839 | I71: =IFERROR(IF(H71<0,"",(H71/$C$9)/1440),"")
C72: 203194 | D72: =_xlfn.IFNA(_xlfn.XLOOKUP(C72,'08_Chart_Data'!$Q$3:$Q$104,'08_Chart_Data'!$R$3:$R$104,0),"") -> 0.0579 | E72: =_xlfn.IFNA(_xlfn.XLOOKUP(C72,'10_Cone_Line'!$A$3:$A$136,'10_Cone_Line'!$E$3:$E$136,0),"") -> 0 | F72: =_xlfn.IFNA(E72*_xlfn.XLOOKUP(C72,'08_Chart_Data'!$Q$3:$Q$104,'08_Chart_Data'!$S$3:$S$104,0)/D72,"") -> 0 | G72: =IFERROR(F72/$C$5,"0") -> 0 | H72: =IFERROR(F72/$C$6,"-") -> 0 | I72: =IFERROR(IF(H72<0,"",(H72/$C$9)/1440),"") -> 0
C73: 61014F | D73: =_xlfn.IFNA(_xlfn.XLOOKUP(C73,'08_Chart_Data'!$Q$3:$Q$104,'08_Chart_Data'!$R$3:$R$104,0),"") -> 0.0579 | E73: =_xlfn.IFNA(_xlfn.XLOOKUP(C73,'10_Cone_Line'!$A$3:$A$136,'10_Cone_Line'!$E$3:$E$136,0),"") -> -168 | F73: =_xlfn.IFNA(E73*_xlfn.XLOOKUP(C73,'08_Chart_Data'!$Q$3:$Q$104,'08_Chart_Data'!$S$3:$S$104,0)/D73,"") -> -72538.86 | G73: =IFERROR(F73/$C$5,"0") -> -106.67479 | H73: =IFERROR(F73/$C$6,"-") -> -45336.788 | I73: =IFERROR(IF(H73<0,"",(H73/$C$9)/1440),"")
B74: THIGH | C74: 61077 | D74: =_xlfn.IFNA(_xlfn.XLOOKUP(C74,'08_Chart_Data'!$Q$3:$Q$104,'08_Chart_Data'!$R$3:$R$104,0),"") -> 0.186 | E74: =_xlfn.IFNA(_xlfn.XLOOKUP(C74,'10_Cone_Line'!$A$3:$A$136,'10_Cone_Line'!$E$3:$E$136,0),"") -> -25 | F74: =_xlfn.IFNA(E74*_xlfn.XLOOKUP(C74,'08_Chart_Data'!$Q$3:$Q$104,'08_Chart_Data'!$S$3:$S$104,0)/D74,"") -> -3360.2151 | G74: =IFERROR(F74/$C$5,"0") -> -4.9414927 | H74: =IFERROR(F74/$C$6,"-") -> -2100.1344 | I74: =IFERROR(IF(H74<0,"",(H74/$C$9)/1440),"")
C75: 61077F | D75: =_xlfn.IFNA(_xlfn.XLOOKUP(C75,'08_Chart_Data'!$Q$3:$Q$104,'08_Chart_Data'!$R$3:$R$104,0),"") -> 0.186 | E75: =_xlfn.IFNA(_xlfn.XLOOKUP(C75,'10_Cone_Line'!$A$3:$A$136,'10_Cone_Line'!$E$3:$E$136,0),"") -> 0 | F75: =_xlfn.IFNA(E75*_xlfn.XLOOKUP(C75,'08_Chart_Data'!$Q$3:$Q$104,'08_Chart_Data'!$S$3:$S$104,0)/D75,"") -> 0 | G75: =IFERROR(F75/$C$5,"0") -> 0 | H75: =IFERROR(F75/$C$6,"-") -> 0 | I75: =IFERROR(IF(H75<0,"",(H75/$C$9)/1440),"") -> 0
B76: =SUMIF(G74:G92,">0") -> 62.55418 | C76: 61078 | D76: =_xlfn.IFNA(_xlfn.XLOOKUP(C76,'08_Chart_Data'!$Q$3:$Q$104,'08_Chart_Data'!$R$3:$R$104,0),"") -> 0.186 | E76: =_xlfn.IFNA(_xlfn.XLOOKUP(C76,'10_Cone_Line'!$A$3:$A$136,'10_Cone_Line'!$E$3:$E$136,0),"") -> 0 | F76: =_xlfn.IFNA(E76*_xlfn.XLOOKUP(C76,'08_Chart_Data'!$Q$3:$Q$104,'08_Chart_Data'!$S$3:$S$104,0)/D76,"") -> 0 | G76: =IFERROR(F76/$C$5,"0") -> 0 | H76: =IFERROR(F76/$C$6,"-") -> 0 | I76: =IFERROR(IF(H76<0,"",(H76/$C$9)/1440),"") -> 0
C77: 200902 | D77: =_xlfn.IFNA(_xlfn.XLOOKUP(C77,'08_Chart_Data'!$Q$3:$Q$104,'08_Chart_Data'!$R$3:$R$104,0),"") -> 0.19 | E77: =_xlfn.IFNA(_xlfn.XLOOKUP(C77,'10_Cone_Line'!$A$3:$A$136,'10_Cone_Line'!$E$3:$E$136,0),"") -> 449 | F77: =_xlfn.IFNA(E77*_xlfn.XLOOKUP(C77,'08_Chart_Data'!$Q$3:$Q$104,'08_Chart_Data'!$S$3:$S$104,0)/D77,"") -> 42536.842 | G77: =IFERROR(F77/$C$5,"0") -> 62.55418 | H77: =IFERROR(F77/$C$6,"-") -> 26585.526 | I77: =IFERROR(IF(H77<0,"",(H77/$C$9)/1440),"") -> 0.16054062
B78: FFF | C78: 61082 | D78: =_xlfn.IFNA(_xlfn.XLOOKUP(C78,'08_Chart_Data'!$Q$3:$Q$104,'08_Chart_Data'!$R$3:$R$104,0),"") -> 0.19 | E78: =_xlfn.IFNA(_xlfn.XLOOKUP(C78,'10_Cone_Line'!$A$3:$A$136,'10_Cone_Line'!$E$3:$E$136,0),"") -> -48 | F78: =_xlfn.IFNA(E78*_xlfn.XLOOKUP(C78,'08_Chart_Data'!$Q$3:$Q$104,'08_Chart_Data'!$S$3:$S$104,0)/D78,"") -> -6315.7895 | G78: =IFERROR(F78/$C$5,"0") -> -9.2879257 | H78: =IFERROR(F78/$C$6,"-") -> -3947.3684 | I78: =IFERROR(IF(H78<0,"",(H78/$C$9)/1440),"")
B79: =SUM(G80,G75) -> 0 | C79: 61086 | D79: =_xlfn.IFNA(_xlfn.XLOOKUP(C79,'08_Chart_Data'!$Q$3:$Q$104,'08_Chart_Data'!$R$3:$R$104,0),"") -> 0.105 | E79: =_xlfn.IFNA(_xlfn.XLOOKUP(C79,'10_Cone_Line'!$A$3:$A$136,'10_Cone_Line'!$E$3:$E$136,0),"") -> 0 | F79: =_xlfn.IFNA(E79*_xlfn.XLOOKUP(C79,'08_Chart_Data'!$Q$3:$Q$104,'08_Chart_Data'!$S$3:$S$104,0)/D79,"") -> 0 | G79: =IFERROR(F79/$C$5,"0") -> 0 | H79: =IFERROR(F79/$C$6,"-") -> 0 | I79: =IFERROR(IF(H79<0,"",(H79/$C$9)/1440),"") -> 0
C80: 61086F | D80: =_xlfn.IFNA(_xlfn.XLOOKUP(C80,'08_Chart_Data'!$Q$3:$Q$104,'08_Chart_Data'!$R$3:$R$104,0),"") -> 0.105 | E80: =_xlfn.IFNA(_xlfn.XLOOKUP(C80,'10_Cone_Line'!$A$3:$A$136,'10_Cone_Line'!$E$3:$E$136,0),"") -> 0 | F80: =_xlfn.IFNA(E80*_xlfn.XLOOKUP(C80,'08_Chart_Data'!$Q$3:$Q$104,'08_Chart_Data'!$S$3:$S$104,0)/D80,"") -> 0 | G80: =IFERROR(F80/$C$5,"0") -> 0 | H80: =IFERROR(F80/$C$6,"-") -> 0 | I80: =IFERROR(IF(H80<0,"",(H80/$C$9)/1440),"") -> 0
C81: 203174 | D81: =_xlfn.IFNA(_xlfn.XLOOKUP(C81,'08_Chart_Data'!$Q$3:$Q$104,'08_Chart_Data'!$R$3:$R$104,0),"") -> 0.11 | E81: =_xlfn.IFNA(_xlfn.XLOOKUP(C81,'10_Cone_Line'!$A$3:$A$136,'10_Cone_Line'!$E$3:$E$136,0),"") -> 0 | F81: =_xlfn.IFNA(E81*_xlfn.XLOOKUP(C81,'08_Chart_Data'!$Q$3:$Q$104,'08_Chart_Data'!$S$3:$S$104,0)/D81,"") -> 0 | G81: =IFERROR(F81/$C$5,"0") -> 0 | H81: =IFERROR(F81/$C$6,"-") -> 0 | I81: =IFERROR(IF(H81<0,"",(H81/$C$9)/1440),"") -> 0
C82: 203175 | D82: =_xlfn.IFNA(_xlfn.XLOOKUP(C82,'08_Chart_Data'!$Q$3:$Q$104,'08_Chart_Data'!$R$3:$R$104,0),"") -> 0.186 | E82: =_xlfn.IFNA(_xlfn.XLOOKUP(C82,'10_Cone_Line'!$A$3:$A$136,'10_Cone_Line'!$E$3:$E$136,0),"") -> 0 | F82: =_xlfn.IFNA(E82*_xlfn.XLOOKUP(C82,'08_Chart_Data'!$Q$3:$Q$104,'08_Chart_Data'!$S$3:$S$104,0)/D82,"") -> 0 | G82: =IFERROR(F82/$C$5,"0") -> 0 | H82: =IFERROR(F82/$C$6,"-") -> 0 | I82: =IFERROR(IF(H82<0,"",(H82/$C$9)/1440),"") -> 0
C83: 61086#2 | D83: =_xlfn.IFNA(_xlfn.XLOOKUP(C83,'08_Chart_Data'!$Q$3:$Q$104,'08_Chart_Data'!$R$3:$R$104,0),"") -> 0.11 | E83: =_xlfn.IFNA(_xlfn.XLOOKUP(C83,'10_Cone_Line'!$A$3:$A$136,'10_Cone_Line'!$E$3:$E$136,0),"") -> -128 | F83: =_xlfn.IFNA(E83*_xlfn.XLOOKUP(C83,'08_Chart_Data'!$Q$3:$Q$104,'08_Chart_Data'!$S$3:$S$104,0)/D83,"") -> -29090.909 | G83: =IFERROR(F83/$C$5,"0") -> -42.780749 | H83: =IFERROR(F83/$C$6,"-") -> -18181.818 | I83: =IFERROR(IF(H83<0,"",(H83/$C$9)/1440),"")
C84: 64 | D84: =_xlfn.IFNA(_xlfn.XLOOKUP(C84,'08_Chart_Data'!$Q$3:$Q$104,'08_Chart_Data'!$R$3:$R$104,0),"") -> 0.11 | E84: =_xlfn.IFNA(_xlfn.XLOOKUP(C84,'10_Cone_Line'!$A$3:$A$136,'10_Cone_Line'!$E$3:$E$136,0),"") -> 0 | F84: =_xlfn.IFNA(E84*_xlfn.XLOOKUP(C84,'08_Chart_Data'!$Q$3:$Q$104,'08_Chart_Data'!$S$3:$S$104,0)/D84,"") -> 0 | G84: =IFERROR(F84/$C$5,"0") -> 0 | H84: =IFERROR(F84/$C$6,"-") -> 0 | I84: =IFERROR(IF(H84<0,"",(H84/$C$9)/1440),"") -> 0
C85: 200064 | D85: =_xlfn.IFNA(_xlfn.XLOOKUP(C85,'08_Chart_Data'!$Q$3:$Q$104,'08_Chart_Data'!$R$3:$R$104,0),"") -> 0.11 | E85: =_xlfn.IFNA(_xlfn.XLOOKUP(C85,'10_Cone_Line'!$A$3:$A$136,'10_Cone_Line'!$E$3:$E$136,0),"") -> 0 | F85: =_xlfn.IFNA(E85*_xlfn.XLOOKUP(C85,'08_Chart_Data'!$Q$3:$Q$104,'08_Chart_Data'!$S$3:$S$104,0)/D85,"") -> 0 | G85: =IFERROR(F85/$C$5,"0") -> 0 | H85: =IFERROR(F85/$C$6,"-") -> 0 | I85: =IFERROR(IF(H85<0,"",(H85/$C$9)/1440),"") -> 0
C86: 902 | D86: =_xlfn.IFNA(_xlfn.XLOOKUP(C86,'08_Chart_Data'!$Q$3:$Q$104,'08_Chart_Data'!$R$3:$R$104,0),"") -> 0.19 | E86: =_xlfn.IFNA(_xlfn.XLOOKUP(C86,'10_Cone_Line'!$A$3:$A$136,'10_Cone_Line'!$E$3:$E$136,0),"") -> 0 | F86: =_xlfn.IFNA(E86*_xlfn.XLOOKUP(C86,'08_Chart_Data'!$Q$3:$Q$104,'08_Chart_Data'!$S$3:$S$104,0)/D86,"") -> 0 | G86: =IFERROR(F86/$C$5,"0") -> 0 | H86: =IFERROR(F86/$C$6,"-") -> 0 | I86: =IFERROR(IF(H86<0,"",(H86/$C$9)/1440),"") -> 0
C87: 834 | D87: =_xlfn.IFNA(_xlfn.XLOOKUP(C87,'08_Chart_Data'!$Q$3:$Q$104,'08_Chart_Data'!$R$3:$R$104,0),"") -> 0.19 | E87: =_xlfn.IFNA(_xlfn.XLOOKUP(C87,'10_Cone_Line'!$A$3:$A$136,'10_Cone_Line'!$E$3:$E$136,0),"") -> 0 | F87: =_xlfn.IFNA(E87*_xlfn.XLOOKUP(C87,'08_Chart_Data'!$Q$3:$Q$104,'08_Chart_Data'!$S$3:$S$104,0)/D87,"") -> 0 | G87: =IFERROR(F87/$C$5,"0") -> 0 | H87: =IFERROR(F87/$C$6,"-") -> 0 | I87: =IFERROR(IF(H87<0,"",(H87/$C$9)/1440),"") -> 0
C88: ZH61086F | D88: =_xlfn.IFNA(_xlfn.XLOOKUP(C88,'08_Chart_Data'!$Q$3:$Q$104,'08_Chart_Data'!$R$3:$R$104,0),"") -> 0.105 | E88: =_xlfn.IFNA(_xlfn.XLOOKUP(C88,'10_Cone_Line'!$A$3:$A$136,'10_Cone_Line'!$E$3:$E$136,0),"") -> 0 | F88: =_xlfn.IFNA(E88*_xlfn.XLOOKUP(C88,'08_Chart_Data'!$Q$3:$Q$104,'08_Chart_Data'!$S$3:$S$104,0)/D88,"") -> 0 | G88: =IFERROR(F88/$C$5,"0") -> 0 | H88: =IFERROR(F88/$C$6,"-") -> 0 | I88: =IFERROR(IF(H88<0,"",(H88/$C$9)/1440),"") -> 0
C89: 1412 | D89: =_xlfn.IFNA(_xlfn.XLOOKUP(C89,'08_Chart_Data'!$Q$3:$Q$104,'08_Chart_Data'!$R$3:$R$104,0),"") -> 0.11 | E89: =_xlfn.IFNA(_xlfn.XLOOKUP(C89,'10_Cone_Line'!$A$3:$A$136,'10_Cone_Line'!$E$3:$E$136,0),"") -> 0 | F89: =_xlfn.IFNA(E89*_xlfn.XLOOKUP(C89,'08_Chart_Data'!$Q$3:$Q$104,'08_Chart_Data'!$S$3:$S$104,0)/D89,"") -> 0 | G89: =IFERROR(F89/$C$5,"0") -> 0 | H89: =IFERROR(F89/$C$6,"-") -> 0 | I89: =IFERROR(IF(H89<0,"",(H89/$C$9)/1440),"") -> 0
C90: 161 | D90: =_xlfn.IFNA(_xlfn.XLOOKUP(C90,'08_Chart_Data'!$Q$3:$Q$104,'08_Chart_Data'!$R$3:$R$104,0),"") -> 0.19 | E90: =_xlfn.IFNA(_xlfn.XLOOKUP(C90,'10_Cone_Line'!$A$3:$A$136,'10_Cone_Line'!$E$3:$E$136,0),"") -> 0 | F90: =_xlfn.IFNA(E90*_xlfn.XLOOKUP(C90,'08_Chart_Data'!$Q$3:$Q$104,'08_Chart_Data'!$S$3:$S$104,0)/D90,"") -> 0 | G90: =IFERROR(F90/$C$5,"0") -> 0 | H90: =IFERROR(F90/$C$6,"-") -> 0 | I90: =IFERROR(IF(H90<0,"",(H90/$C$9)/1440),"") -> 0
C91: 61086C | D91: =_xlfn.IFNA(_xlfn.XLOOKUP(C91,'08_Chart_Data'!$Q$3:$Q$104,'08_Chart_Data'!$R$3:$R$104,0),"") -> 0.105 | E91: =_xlfn.IFNA(_xlfn.XLOOKUP(C91,'10_Cone_Line'!$A$3:$A$136,'10_Cone_Line'!$E$3:$E$136,0),"") -> 0 | F91: =_xlfn.IFNA(E91*_xlfn.XLOOKUP(C91,'08_Chart_Data'!$Q$3:$Q$104,'08_Chart_Data'!$S$3:$S$104,0)/D91,"") -> 0 | G91: =IFERROR(F91/$C$5,"0") -> 0 | H91: =IFERROR(F91/$C$6,"-") -> 0 | I91: =IFERROR(IF(H91<0,"",(H91/$C$9)/1440),"") -> 0
B92: Manual | C92: 203148 | D92: =_xlfn.IFNA(_xlfn.XLOOKUP(C92,'08_Chart_Data'!$Q$3:$Q$104,'08_Chart_Data'!$R$3:$R$104,0),"") -> 0.11 | E92: =_xlfn.IFNA(_xlfn.XLOOKUP(C92,'10_Cone_Line'!$A$3:$A$136,'10_Cone_Line'!$E$3:$E$136,0),"") -> 0 | F92: =_xlfn.IFNA(E92*_xlfn.XLOOKUP(C92,'08_Chart_Data'!$Q$3:$Q$104,'08_Chart_Data'!$S$3:$S$104,0)/D92,"") -> 0 | G92: =IFERROR(F92/$C$5,"0") -> 0 | H92: =IFERROR(F92/$C$6,"-") -> 0 | I92: =IFERROR(IF(H92<0,"",(H92/$C$9)/1440),"") -> 0
B93: DRUM | C93: 61072 | D93: =_xlfn.IFNA(_xlfn.XLOOKUP(C93,'08_Chart_Data'!$Q$3:$Q$104,'08_Chart_Data'!$R$3:$R$104,0),"") -> 0.14 | E93: =_xlfn.IFNA(_xlfn.XLOOKUP(C93,'10_Cone_Line'!$A$3:$A$136,'10_Cone_Line'!$E$3:$E$136,0),"") -> 6 | F93: =_xlfn.IFNA(E93*_xlfn.XLOOKUP(C93,'08_Chart_Data'!$Q$3:$Q$104,'08_Chart_Data'!$S$3:$S$104,0)/D93,"") -> 1071.4286 | G93: =IFERROR(F93/$C$5,"0") -> 1.5756303 | H93: =IFERROR(F93/$C$6,"-") -> 669.64286 | I93: =IFERROR(IF(H93<0,"",(H93/$C$9)/1440),"") -> 0.0040437371
C94: 61072F | D94: =_xlfn.IFNA(_xlfn.XLOOKUP(C94,'08_Chart_Data'!$Q$3:$Q$104,'08_Chart_Data'!$R$3:$R$104,0),"") -> 0.14 | E94: =_xlfn.IFNA(_xlfn.XLOOKUP(C94,'10_Cone_Line'!$A$3:$A$136,'10_Cone_Line'!$E$3:$E$136,0),"") -> -13 | F94: =_xlfn.IFNA(E94*_xlfn.XLOOKUP(C94,'08_Chart_Data'!$Q$3:$Q$104,'08_Chart_Data'!$S$3:$S$104,0)/D94,"") -> -2321.4286 | G94: =IFERROR(F94/$C$5,"0") -> -3.4138655 | H94: =IFERROR(F94/$C$6,"-") -> -1450.8929 | I94: =IFERROR(IF(H94<0,"",(H94/$C$9)/1440),"")
B95: =SUMIF(G93:G105,">0") -> 1.5756303 | C95: 203171 | D95: =_xlfn.IFNA(_xlfn.XLOOKUP(C95,'08_Chart_Data'!$Q$3:$Q$104,'08_Chart_Data'!$R$3:$R$104,0),"") -> 0.14 | E95: =_xlfn.IFNA(_xlfn.XLOOKUP(C95,'10_Cone_Line'!$A$3:$A$136,'10_Cone_Line'!$E$3:$E$136,0),"") -> 0 | F95: =_xlfn.IFNA(E95*_xlfn.XLOOKUP(C95,'08_Chart_Data'!$Q$3:$Q$104,'08_Chart_Data'!$S$3:$S$104,0)/D95,"") -> 0 | G95: =IFERROR(F95/$C$5,"0") -> 0 | H95: =IFERROR(F95/$C$6,"-") -> 0 | I95: =IFERROR(IF(H95<0,"",(H95/$C$9)/1440),"") -> 0
C96: 61072#2 | D96: =_xlfn.IFNA(_xlfn.XLOOKUP(C96,'08_Chart_Data'!$Q$3:$Q$104,'08_Chart_Data'!$R$3:$R$104,0),"") -> 0.14 | E96: =_xlfn.IFNA(_xlfn.XLOOKUP(C96,'10_Cone_Line'!$A$3:$A$136,'10_Cone_Line'!$E$3:$E$136,0),"") -> -144 | F96: =_xlfn.IFNA(E96*_xlfn.XLOOKUP(C96,'08_Chart_Data'!$Q$3:$Q$104,'08_Chart_Data'!$S$3:$S$104,0)/D96,"") -> -25714.286 | G96: =IFERROR(F96/$C$5,"0") -> -37.815126 | H96: =IFERROR(F96/$C$6,"-") -> -16071.429 | I96: =IFERROR(IF(H96<0,"",(H96/$C$9)/1440),"")
B97: FFF | D97: =_xlfn.IFNA(_xlfn.XLOOKUP(C97,'08_Chart_Data'!$Q$3:$Q$104,'08_Chart_Data'!$R$3:$R$104,0),"") -> 0 | E97: =_xlfn.IFNA(_xlfn.XLOOKUP(C97,'10_Cone_Line'!$A$3:$A$136,'10_Cone_Line'!$E$3:$E$136,0),"") -> 0 | F97: =_xlfn.IFNA(E97*_xlfn.XLOOKUP(C97,'08_Chart_Data'!$Q$3:$Q$104,'08_Chart_Data'!$S$3:$S$104,0)/D97,"") -> #DIV/0! | G97: =IFERROR(F97/$C$5,"0") -> 0 | H97: =IFERROR(F97/$C$6,"-") -> - | I97: =IFERROR(IF(H97<0,"",(H97/$C$9)/1440),"")
B98: =G94 -> -3.4138655 | C98: 895 | D98: =_xlfn.IFNA(_xlfn.XLOOKUP(C98,'08_Chart_Data'!$Q$3:$Q$104,'08_Chart_Data'!$R$3:$R$104,0),"") -> 0.14 | E98: =_xlfn.IFNA(_xlfn.XLOOKUP(C98,'10_Cone_Line'!$A$3:$A$136,'10_Cone_Line'!$E$3:$E$136,0),"") -> 0 | F98: =_xlfn.IFNA(E98*_xlfn.XLOOKUP(C98,'08_Chart_Data'!$Q$3:$Q$104,'08_Chart_Data'!$S$3:$S$104,0)/D98,"") -> 0 | G98: =IFERROR(F98/$C$5,"0") -> 0 | H98: =IFERROR(F98/$C$6,"-") -> 0 | I98: =IFERROR(IF(H98<0,"",(H98/$C$9)/1440),"") -> 0
C99: 200095 | D99: =_xlfn.IFNA(_xlfn.XLOOKUP(C99,'08_Chart_Data'!$Q$3:$Q$104,'08_Chart_Data'!$R$3:$R$104,0),"") -> 0.145 | E99: =_xlfn.IFNA(_xlfn.XLOOKUP(C99,'10_Cone_Line'!$A$3:$A$136,'10_Cone_Line'!$E$3:$E$136,0),"") -> 0 | F99: =_xlfn.IFNA(E99*_xlfn.XLOOKUP(C99,'08_Chart_Data'!$Q$3:$Q$104,'08_Chart_Data'!$S$3:$S$104,0)/D99,"") -> 0 | G99: =IFERROR(F99/$C$5,"0") -> 0 | H99: =IFERROR(F99/$C$6,"-") -> 0 | I99: =IFERROR(IF(H99<0,"",(H99/$C$9)/1440),"") -> 0
C100: 61073 | D100: =_xlfn.IFNA(_xlfn.XLOOKUP(C100,'08_Chart_Data'!$Q$3:$Q$104,'08_Chart_Data'!$R$3:$R$104,0),"") -> 0.14 | E100: =_xlfn.IFNA(_xlfn.XLOOKUP(C100,'10_Cone_Line'!$A$3:$A$136,'10_Cone_Line'!$E$3:$E$136,0),"") -> 0 | F100: =_xlfn.IFNA(E100*_xlfn.XLOOKUP(C100,'08_Chart_Data'!$Q$3:$Q$104,'08_Chart_Data'!$S$3:$S$104,0)/D100,"") -> 0 | G100: =IFERROR(F100/$C$5,"0") -> 0 | H100: =IFERROR(F100/$C$6,"-") -> 0 | I100: =IFERROR(IF(H100<0,"",(H100/$C$9)/1440),"") -> 0
C101: 2235 | D101: =_xlfn.IFNA(_xlfn.XLOOKUP(C101,'08_Chart_Data'!$Q$3:$Q$104,'08_Chart_Data'!$R$3:$R$104,0),"") -> 0.14 | E101: =_xlfn.IFNA(_xlfn.XLOOKUP(C101,'10_Cone_Line'!$A$3:$A$136,'10_Cone_Line'!$E$3:$E$136,0),"") -> 0 | F101: =_xlfn.IFNA(E101*_xlfn.XLOOKUP(C101,'08_Chart_Data'!$Q$3:$Q$104,'08_Chart_Data'!$S$3:$S$104,0)/D101,"") -> 0 | G101: =IFERROR(F101/$C$5,"0") -> 0 | H101: =IFERROR(F101/$C$6,"-") -> 0 | I101: =IFERROR(IF(H101<0,"",(H101/$C$9)/1440),"") -> 0
C102: 160 | D102: =_xlfn.IFNA(_xlfn.XLOOKUP(C102,'08_Chart_Data'!$Q$3:$Q$104,'08_Chart_Data'!$R$3:$R$104,0),"") -> 0.14 | E102: =_xlfn.IFNA(_xlfn.XLOOKUP(C102,'10_Cone_Line'!$A$3:$A$136,'10_Cone_Line'!$E$3:$E$136,0),"") -> 0 | F102: =_xlfn.IFNA(E102*_xlfn.XLOOKUP(C102,'08_Chart_Data'!$Q$3:$Q$104,'08_Chart_Data'!$S$3:$S$104,0)/D102,"") -> 0 | G102: =IFERROR(F102/$C$5,"0") -> 0 | H102: =IFERROR(F102/$C$6,"-") -> 0 | I102: =IFERROR(IF(H102<0,"",(H102/$C$9)/1440),"") -> 0
C103: 1083 | D103: =_xlfn.IFNA(_xlfn.XLOOKUP(C103,'08_Chart_Data'!$Q$3:$Q$104,'08_Chart_Data'!$R$3:$R$104,0),"") -> 0.14 | E103: =_xlfn.IFNA(_xlfn.XLOOKUP(C103,'10_Cone_Line'!$A$3:$A$136,'10_Cone_Line'!$E$3:$E$136,0),"") -> 0 | F103: =_xlfn.IFNA(E103*_xlfn.XLOOKUP(C103,'08_Chart_Data'!$Q$3:$Q$104,'08_Chart_Data'!$S$3:$S$104,0)/D103,"") -> 0 | G103: =IFERROR(F103/$C$5,"0") -> 0 | H103: =IFERROR(F103/$C$6,"-") -> 0 | I103: =IFERROR(IF(H103<0,"",(H103/$C$9)/1440),"") -> 0
C104: ZH61072 | D104: =_xlfn.IFNA(_xlfn.XLOOKUP(C104,'08_Chart_Data'!$Q$3:$Q$104,'08_Chart_Data'!$R$3:$R$104,0),"") -> 0.14 | E104: =_xlfn.IFNA(_xlfn.XLOOKUP(C104,'10_Cone_Line'!$A$3:$A$136,'10_Cone_Line'!$E$3:$E$136,0),"") -> 0 | F104: =_xlfn.IFNA(E104*_xlfn.XLOOKUP(C104,'08_Chart_Data'!$Q$3:$Q$104,'08_Chart_Data'!$S$3:$S$104,0)/D104,"") -> 0 | G104: =IFERROR(F104/$C$5,"0") -> 0 | H104: =IFERROR(F104/$C$6,"-") -> 0 | I104: =IFERROR(IF(H104<0,"",(H104/$C$9)/1440),"") -> 0
C105: 61072C | D105: =_xlfn.IFNA(_xlfn.XLOOKUP(C105,'08_Chart_Data'!$Q$3:$Q$104,'08_Chart_Data'!$R$3:$R$104,0),"") -> 0.14 | E105: =_xlfn.IFNA(_xlfn.XLOOKUP(C105,'10_Cone_Line'!$A$3:$A$136,'10_Cone_Line'!$E$3:$E$136,0),"") -> 0 | F105: =_xlfn.IFNA(E105*_xlfn.XLOOKUP(C105,'08_Chart_Data'!$Q$3:$Q$104,'08_Chart_Data'!$S$3:$S$104,0)/D105,"") -> 0 | G105: =IFERROR(F105/$C$5,"0") -> 0 | H105: =IFERROR(F105/$C$6,"-") -> 0 | I105: =IFERROR(IF(H105<0,"",(H105/$C$9)/1440),"") -> 0
B106: B.A LEG | C106: 61061 | D106: =_xlfn.IFNA(_xlfn.XLOOKUP(C106,'08_Chart_Data'!$Q$3:$Q$104,'08_Chart_Data'!$R$3:$R$104,0),"") -> 0.46 | E106: =_xlfn.IFNA(_xlfn.XLOOKUP(C106,'10_Cone_Line'!$A$3:$A$136,'10_Cone_Line'!$E$3:$E$136,0),"") -> 4 | F106: =_xlfn.IFNA(E106*_xlfn.XLOOKUP(C106,'08_Chart_Data'!$Q$3:$Q$104,'08_Chart_Data'!$S$3:$S$104,0)/D106,"") -> 217.3913 | G106: =IFERROR(F106/$C$5,"0") -> 0.31969309 | H106: =IFERROR(F106/$C$6,"-") -> 135.86957 | I106: =IFERROR(IF(H106<0,"",(H106/$C$9)/1440),"") -> 0.00082046839
C107: 1887 | D107: =_xlfn.IFNA(_xlfn.XLOOKUP(C107,'08_Chart_Data'!$Q$3:$Q$104,'08_Chart_Data'!$R$3:$R$104,0),"") -> 0.46 | E107: =_xlfn.IFNA(_xlfn.XLOOKUP(C107,'10_Cone_Line'!$A$3:$A$136,'10_Cone_Line'!$E$3:$E$136,0),"") -> 0 | F107: =_xlfn.IFNA(E107*_xlfn.XLOOKUP(C107,'08_Chart_Data'!$Q$3:$Q$104,'08_Chart_Data'!$S$3:$S$104,0)/D107,"") -> 0 | G107: =IFERROR(F107/$C$5,"0") -> 0 | H107: =IFERROR(F107/$C$6,"-") -> 0 | I107: =IFERROR(IF(H107<0,"",(H107/$C$9)/1440),"") -> 0
...

Sheet 02_TrayPack_Order
A1: Code | B1: Extra Cases Produced | C1: Cases Remaining To Be Produced | E1: N | L1: Total | M1: WIP CODE | T1: Total | U1: Category
A2: ='05_Daily_Orders'!B2 -> 260 | B2: 0 | C2: 0 | F2: 0 | L2: =IF($E$1="n",0,(SUM(F2:K2)-B2)) -> 0 | M2: =_xlfn.IFNA(_xlfn.XLOOKUP(A2,'00_SKU_Master'!$B$2:$B$378,'00_SKU_Master'!$C$2:$C$378,0),"") -> 61050#2 | N2: =_xlfn.IFNA(_xlfn.XLOOKUP(A2,'00_SKU_Master'!$B$2:$B$378,'00_SKU_Master'!$F$2:$F$378,0)*F2/_xlfn.XLOOKUP(A2,'00_SKU_Master'!$B$2:$B$378,'00_SKU_Master'!$O:$O,0),"") -> #VALUE! | O2: =_xludf.IFNA(_xlfn.XLOOKUP($A4,'00_SKU_Master'!$B$2:$B$378,'00_SKU_Master'!$F$2:$F$378,0)*G4/_xlfn.XLOOKUP($A4,'00_SKU_Master'!$B$2:$B$378,'00_SKU_Master'!$O:$O,0),"") -> #NAME? | P2: =_xludf.IFNA(_xlfn.XLOOKUP($A4,'00_SKU_Master'!$B$2:$B$378,'00_SKU_Master'!$F$2:$F$378,0)*H4/_xlfn.XLOOKUP($A4,'00_SKU_Master'!$B$2:$B$378,'00_SKU_Master'!$O:$O,0),"") -> #NAME? | Q2: =_xludf.IFNA(_xlfn.XLOOKUP($A4,'00_SKU_Master'!$B$2:$B$378,'00_SKU_Master'!$F$2:$F$378,0)*I4/_xlfn.XLOOKUP($A4,'00_SKU_Master'!$B$2:$B$378,'00_SKU_Master'!$O:$O,0),"") -> #NAME? | R2: =_xludf.IFNA(_xlfn.XLOOKUP($A4,'00_SKU_Master'!$B$2:$B$378,'00_SKU_Master'!$F$2:$F$378,0)*J4/_xlfn.XLOOKUP($A4,'00_SKU_Master'!$B$2:$B$378,'00_SKU_Master'!$O:$O,0),"") -> #NAME? | S2: =_xludf.IFNA(_xlfn.XLOOKUP($A4,'00_SKU_Master'!$B$2:$B$378,'00_SKU_Master'!$F$2:$F$378,0)*K4/_xlfn.XLOOKUP($A4,'00_SKU_Master'!$B$2:$B$378,'00_SKU_Master'!$O:$O,0),"") -> #NAME? | T2: =SUM(N4:S4) -> #VALUE! | U2: ='05_Daily_Orders'!L2 -> LCL
A3: ='05_Daily_Orders'!B3 -> 331 | B3: 2 | C3: 0 | F3: 27 | L3: =IF($E$1="n",0,(SUM(F3:K3)-B3)) -> 0 | M3: =_xlfn.IFNA(_xlfn.XLOOKUP(A3,'00_SKU_Master'!$B$2:$B$378,'00_SKU_Master'!$C$2:$C$378,0),"") -> 61061 | N3: =_xlfn.IFNA(_xlfn.XLOOKUP(A3,'00_SKU_Master'!$B$2:$B$378,'00_SKU_Master'!$F$2:$F$378,0)*F3/_xlfn.XLOOKUP(A3,'00_SKU_Master'!$B$2:$B$378,'00_SKU_Master'!$O:$O,0),"") -> #VALUE! | O3: =_xludf.IFNA(_xlfn.XLOOKUP($A5,'00_SKU_Master'!$B$2:$B$378,'00_SKU_Master'!$F$2:$F$378,0)*G5/_xlfn.XLOOKUP($A5,'00_SKU_Master'!$B$2:$B$378,'00_SKU_Master'!$O:$O,0),"") -> #NAME? | P3: =_xludf.IFNA(_xlfn.XLOOKUP($A5,'00_SKU_Master'!$B$2:$B$378,'00_SKU_Master'!$F$2:$F$378,0)*H5/_xlfn.XLOOKUP($A5,'00_SKU_Master'!$B$2:$B$378,'00_SKU_Master'!$O:$O,0),"") -> #NAME? | Q3: =_xludf.IFNA(_xlfn.XLOOKUP($A5,'00_SKU_Master'!$B$2:$B$378,'00_SKU_Master'!$F$2:$F$378,0)*I5/_xlfn.XLOOKUP($A5,'00_SKU_Master'!$B$2:$B$378,'00_SKU_Master'!$O:$O,0),"") -> #NAME? | R3: =_xludf.IFNA(_xlfn.XLOOKUP($A5,'00_SKU_Master'!$B$2:$B$378,'00_SKU_Master'!$F$2:$F$378,0)*J5/_xlfn.XLOOKUP($A5,'00_SKU_Master'!$B$2:$B$378,'00_SKU_Master'!$O:$O,0),"") -> #NAME? | S3: =_xludf.IFNA(_xlfn.XLOOKUP($A5,'00_SKU_Master'!$B$2:$B$378,'00_SKU_Master'!$F$2:$F$378,0)*K5/_xlfn.XLOOKUP($A5,'00_SKU_Master'!$B$2:$B$378,'00_SKU_Master'!$O:$O,0),"") -> #NAME? | T3: =SUM(N5:S5) -> #VALUE! | U3: ='05_Daily_Orders'!L3 -> METRO
A4: ='05_Daily_Orders'!B4 -> 349 | B4: 0 | C4: 0 | F4: 0 | L4: =IF($E$1="n",0,(SUM(F4:K4)-B4)) -> 0 | M4: =_xlfn.IFNA(_xlfn.XLOOKUP(A4,'00_SKU_Master'!$B$2:$B$378,'00_SKU_Master'!$C$2:$C$378,0),"") -> 61040#2 | N4: =_xlfn.IFNA(_xlfn.XLOOKUP(A4,'00_SKU_Master'!$B$2:$B$378,'00_SKU_Master'!$F$2:$F$378,0)*F4/_xlfn.XLOOKUP(A4,'00_SKU_Master'!$B$2:$B$378,'00_SKU_Master'!$O:$O,0),"") -> #VALUE! | O4: =_xludf.IFNA(_xlfn.XLOOKUP($A6,'00_SKU_Master'!$B$2:$B$378,'00_SKU_Master'!$F$2:$F$378,0)*G6/_xlfn.XLOOKUP($A6,'00_SKU_Master'!$B$2:$B$378,'00_SKU_Master'!$O:$O,0),"") -> #NAME? | P4: =_xludf.IFNA(_xlfn.XLOOKUP($A6,'00_SKU_Master'!$B$2:$B$378,'00_SKU_Master'!$F$2:$F$378,0)*H6/_xlfn.XLOOKUP($A6,'00_SKU_Master'!$B$2:$B$378,'00_SKU_Master'!$O:$O,0),"") -> #NAME? | Q4: =_xludf.IFNA(_xlfn.XLOOKUP($A6,'00_SKU_Master'!$B$2:$B$378,'00_SKU_Master'!$F$2:$F$378,0)*I6/_xlfn.XLOOKUP($A6,'00_SKU_Master'!$B$2:$B$378,'00_SKU_Master'!$O:$O,0),"") -> #NAME? | R4: =_xludf.IFNA(_xlfn.XLOOKUP($A6,'00_SKU_Master'!$B$2:$B$378,'00_SKU_Master'!$F$2:$F$378,0)*J6/_xlfn.XLOOKUP($A6,'00_SKU_Master'!$B$2:$B$378,'00_SKU_Master'!$O:$O,0),"") -> #NAME? | S4: =_xludf.IFNA(_xlfn.XLOOKUP($A6,'00_SKU_Master'!$B$2:$B$378,'00_SKU_Master'!$F$2:$F$378,0)*K6/_xlfn.XLOOKUP($A6,'00_SKU_Master'!$B$2:$B$378,'00_SKU_Master'!$O:$O,0),"") -> #NAME? | T4: =SUM(N6:S6) -> #VALUE! | U4: ='05_Daily_Orders'!L4 -> FB
A5: ='05_Daily_Orders'!B5 -> 484 | B5: 0 | C5: 7 | F5: 44 | L5: =IF($E$1="n",0,(SUM(F5:K5)-B5)) -> 0 | M5: =_xlfn.IFNA(_xlfn.XLOOKUP(A5,'00_SKU_Master'!$B$2:$B$378,'00_SKU_Master'!$C$2:$C$378,0),"") -> 61121 | N5: =_xlfn.IFNA(_xlfn.XLOOKUP(A5,'00_SKU_Master'!$B$2:$B$378,'00_SKU_Master'!$F$2:$F$378,0)*F5/_xlfn.XLOOKUP(A5,'00_SKU_Master'!$B$2:$B$378,'00_SKU_Master'!$O:$O,0),"") -> #VALUE! | O5: =_xludf.IFNA(_xlfn.XLOOKUP($A7,'00_SKU_Master'!$B$2:$B$378,'00_SKU_Master'!$F$2:$F$378,0)*G7/_xlfn.XLOOKUP($A7,'00_SKU_Master'!$B$2:$B$378,'00_SKU_Master'!$O:$O,0),"") -> #NAME? | P5: =_xludf.IFNA(_xlfn.XLOOKUP($A7,'00_SKU_Master'!$B$2:$B$378,'00_SKU_Master'!$F$2:$F$378,0)*H7/_xlfn.XLOOKUP($A7,'00_SKU_Master'!$B$2:$B$378,'00_SKU_Master'!$O:$O,0),"") -> #NAME? | Q5: =_xludf.IFNA(_xlfn.XLOOKUP($A7,'00_SKU_Master'!$B$2:$B$378,'00_SKU_Master'!$F$2:$F$378,0)*I7/_xlfn.XLOOKUP($A7,'00_SKU_Master'!$B$2:$B$378,'00_SKU_Master'!$O:$O,0),"") -> #NAME? | R5: =_xludf.IFNA(_xlfn.XLOOKUP($A7,'00_SKU_Master'!$B$2:$B$378,'00_SKU_Master'!$F$2:$F$378,0)*J7/_xlfn.XLOOKUP($A7,'00_SKU_Master'!$B$2:$B$378,'00_SKU_Master'!$O:$O,0),"") -> #NAME? | S5: =_xludf.IFNA(_xlfn.XLOOKUP($A7,'00_SKU_Master'!$B$2:$B$378,'00_SKU_Master'!$F$2:$F$378,0)*K7/_xlfn.XLOOKUP($A7,'00_SKU_Master'!$B$2:$B$378,'00_SKU_Master'!$O:$O,0),"") -> #NAME? | T5: =SUM(N7:S7) -> #VALUE! | U5: ='05_Daily_Orders'!L5 -> FB
A6: ='05_Daily_Orders'!B6 -> 784 | B6: 0 | C6: 22 | F6: 136 | L6: =IF($E$1="n",0,(SUM(F6:K6)-B6)) -> 0 | M6: =_xlfn.IFNA(_xlfn.XLOOKUP(A6,'00_SKU_Master'!$B$2:$B$378,'00_SKU_Master'!$C$2:$C$378,0),"") -> 61086#2 | N6: =_xlfn.IFNA(_xlfn.XLOOKUP(A6,'00_SKU_Master'!$B$2:$B$378,'00_SKU_Master'!$F$2:$F$378,0)*F6/_xlfn.XLOOKUP(A6,'00_SKU_Master'!$B$2:$B$378,'00_SKU_Master'!$O:$O,0),"") -> #VALUE! | O6: =_xludf.IFNA(_xlfn.XLOOKUP($A8,'00_SKU_Master'!$B$2:$B$378,'00_SKU_Master'!$F$2:$F$378,0)*G8/_xlfn.XLOOKUP($A8,'00_SKU_Master'!$B$2:$B$378,'00_SKU_Master'!$O:$O,0),"") -> #NAME? | P6: =_xludf.IFNA(_xlfn.XLOOKUP($A8,'00_SKU_Master'!$B$2:$B$378,'00_SKU_Master'!$F$2:$F$378,0)*H8/_xlfn.XLOOKUP($A8,'00_SKU_Master'!$B$2:$B$378,'00_SKU_Master'!$O:$O,0),"") -> #NAME? | Q6: =_xludf.IFNA(_xlfn.XLOOKUP($A8,'00_SKU_Master'!$B$2:$B$378,'00_SKU_Master'!$F$2:$F$378,0)*I8/_xlfn.XLOOKUP($A8,'00_SKU_Master'!$B$2:$B$378,'00_SKU_Master'!$O:$O,0),"") -> #NAME? | R6: =_xludf.IFNA(_xlfn.XLOOKUP($A8,'00_SKU_Master'!$B$2:$B$378,'00_SKU_Master'!$F$2:$F$378,0)*J8/_xlfn.XLOOKUP($A8,'00_SKU_Master'!$B$2:$B$378,'00_SKU_Master'!$O:$O,0),"") -> #NAME? | S6: =_xludf.IFNA(_xlfn.XLOOKUP($A8,'00_SKU_Master'!$B$2:$B$378,'00_SKU_Master'!$F$2:$F$378,0)*K8/_xlfn.XLOOKUP($A8,'00_SKU_Master'!$B$2:$B$378,'00_SKU_Master'!$O:$O,0),"") -> #NAME? | T6: =SUM(N8:S8) -> #VALUE! | U6: ='05_Daily_Orders'!L6 -> FB
A7: ='05_Daily_Orders'!B7 -> 946 | B7: 0 | C7: 0 | F7: 0 | L7: =IF($E$1="n",0,(SUM(F7:K7)-B7)) -> 0 | M7: =_xlfn.IFNA(_xlfn.XLOOKUP(A7,'00_SKU_Master'!$B$2:$B$378,'00_SKU_Master'!$C$2:$C$378,0),"") -> 61040#2 | N7: =_xlfn.IFNA(_xlfn.XLOOKUP(A7,'00_SKU_Master'!$B$2:$B$378,'00_SKU_Master'!$F$2:$F$378,0)*F7/_xlfn.XLOOKUP(A7,'00_SKU_Master'!$B$2:$B$378,'00_SKU_Master'!$O:$O,0),"") -> #VALUE! | O7: =_xludf.IFNA(_xlfn.XLOOKUP($A9,'00_SKU_Master'!$B$2:$B$378,'00_SKU_Master'!$F$2:$F$378,0)*G9/_xlfn.XLOOKUP($A9,'00_SKU_Master'!$B$2:$B$378,'00_SKU_Master'!$O:$O,0),"") -> #NAME? | P7: =_xludf.IFNA(_xlfn.XLOOKUP($A9,'00_SKU_Master'!$B$2:$B$378,'00_SKU_Master'!$F$2:$F$378,0)*H9/_xlfn.XLOOKUP($A9,'00_SKU_Master'!$B$2:$B$378,'00_SKU_Master'!$O:$O,0),"") -> #NAME? | Q7: =_xludf.IFNA(_xlfn.XLOOKUP($A9,'00_SKU_Master'!$B$2:$B$378,'00_SKU_Master'!$F$2:$F$378,0)*I9/_xlfn.XLOOKUP($A9,'00_SKU_Master'!$B$2:$B$378,'00_SKU_Master'!$O:$O,0),"") -> #NAME? | R7: =_xludf.IFNA(_xlfn.XLOOKUP($A9,'00_SKU_Master'!$B$2:$B$378,'00_SKU_Master'!$F$2:$F$378,0)*J9/_xlfn.XLOOKUP($A9,'00_SKU_Master'!$B$2:$B$378,'00_SKU_Master'!$O:$O,0),"") -> #NAME? | S7: =_xludf.IFNA(_xlfn.XLOOKUP($A9,'00_SKU_Master'!$B$2:$B$378,'00_SKU_Master'!$F$2:$F$378,0)*K9/_xlfn.XLOOKUP($A9,'00_SKU_Master'!$B$2:$B$378,'00_SKU_Master'!$O:$O,0),"") -> #NAME? | T7: =SUM(N9:S9) -> #VALUE! | U7: ='05_Daily_Orders'!L7 -> FB
A8: ='05_Daily_Orders'!B8 -> 956 | B8: 0 | C8: 0 | F8: 0 | L8: =IF($E$1="n",0,(SUM(F8:K8)-B8)) -> 0 | M8: =_xlfn.IFNA(_xlfn.XLOOKUP(A8,'00_SKU_Master'!$B$2:$B$378,'00_SKU_Master'!$C$2:$C$378,0),"") -> 61072#2 | N8: =_xlfn.IFNA(_xlfn.XLOOKUP(A8,'00_SKU_Master'!$B$2:$B$378,'00_SKU_Master'!$F$2:$F$378,0)*F8/_xlfn.XLOOKUP(A8,'00_SKU_Master'!$B$2:$B$378,'00_SKU_Master'!$O:$O,0),"") -> #VALUE! | O8: =_xludf.IFNA(_xlfn.XLOOKUP($A10,'00_SKU_Master'!$B$2:$B$378,'00_SKU_Master'!$F$2:$F$378,0)*G10/_xlfn.XLOOKUP($A10,'00_SKU_Master'!$B$2:$B$378,'00_SKU_Master'!$O:$O,0),"") -> #NAME? | P8: =_xludf.IFNA(_xlfn.XLOOKUP($A10,'00_SKU_Master'!$B$2:$B$378,'00_SKU_Master'!$F$2:$F$378,0)*H10/_xlfn.XLOOKUP($A10,'00_SKU_Master'!$B$2:$B$378,'00_SKU_Master'!$O:$O,0),"") -> #NAME? | Q8: =_xludf.IFNA(_xlfn.XLOOKUP($A10,'00_SKU_Master'!$B$2:$B$378,'00_SKU_Master'!$F$2:$F$378,0)*I10/_xlfn.XLOOKUP($A10,'00_SKU_Master'!$B$2:$B$378,'00_SKU_Master'!$O:$O,0),"") -> #NAME? | R8: =_xludf.IFNA(_xlfn.XLOOKUP($A10,'00_SKU_Master'!$B$2:$B$378,'00_SKU_Master'!$F$2:$F$378,0)*J10/_xlfn.XLOOKUP($A10,'00_SKU_Master'!$B$2:$B$378,'00_SKU_Master'!$O:$O,0),"") -> #NAME? | S8: =_xludf.IFNA(_xlfn.XLOOKUP($A10,'00_SKU_Master'!$B$2:$B$378,'00_SKU_Master'!$F$2:$F$378,0)*K10/_xlfn.XLOOKUP($A10,'00_SKU_Master'!$B$2:$B$378,'00_SKU_Master'!$O:$O,0),"") -> #NAME? | T8: =SUM(N10:S10) -> #VALUE! | U8: ='05_Daily_Orders'!L8 -> FB
A9: ='05_Daily_Orders'!B9 -> 957 | B9: 0 | C9: 0 | F9: 0 | L9: =IF($E$1="n",0,(SUM(F9:K9)-B9)) -> 0 | M9: =_xlfn.IFNA(_xlfn.XLOOKUP(A9,'00_SKU_Master'!$B$2:$B$378,'00_SKU_Master'!$C$2:$C$378,0),"") -> 61082 | N9: =_xlfn.IFNA(_xlfn.XLOOKUP(A9,'00_SKU_Master'!$B$2:$B$378,'00_SKU_Master'!$F$2:$F$378,0)*F9/_xlfn.XLOOKUP(A9,'00_SKU_Master'!$B$2:$B$378,'00_SKU_Master'!$O:$O,0),"") -> #VALUE! | O9: =_xludf.IFNA(_xlfn.XLOOKUP($A11,'00_SKU_Master'!$B$2:$B$378,'00_SKU_Master'!$F$2:$F$378,0)*G11/_xlfn.XLOOKUP($A11,'00_SKU_Master'!$B$2:$B$378,'00_SKU_Master'!$O:$O,0),"") -> #NAME? | P9: =_xludf.IFNA(_xlfn.XLOOKUP($A11,'00_SKU_Master'!$B$2:$B$378,'00_SKU_Master'!$F$2:$F$378,0)*H11/_xlfn.XLOOKUP($A11,'00_SKU_Master'!$B$2:$B$378,'00_SKU_Master'!$O:$O,0),"") -> #NAME? | Q9: =_xludf.IFNA(_xlfn.XLOOKUP($A11,'00_SKU_Master'!$B$2:$B$378,'00_SKU_Master'!$F$2:$F$378,0)*I11/_xlfn.XLOOKUP($A11,'00_SKU_Master'!$B$2:$B$378,'00_SKU_Master'!$O:$O,0),"") -> #NAME? | R9: =_xludf.IFNA(_xlfn.XLOOKUP($A11,'00_SKU_Master'!$B$2:$B$378,'00_SKU_Master'!$F$2:$F$378,0)*J11/_xlfn.XLOOKUP($A11,'00_SKU_Master'!$B$2:$B$378,'00_SKU_Master'!$O:$O,0),"") -> #NAME? | S9: =_xludf.IFNA(_xlfn.XLOOKUP($A11,'00_SKU_Master'!$B$2:$B$378,'00_SKU_Master'!$F$2:$F$378,0)*K11/_xlfn.XLOOKUP($A11,'00_SKU_Master'!$B$2:$B$378,'00_SKU_Master'!$O:$O,0),"") -> #NAME? | T9: =SUM(N11:S11) -> #VALUE! | U9: ='05_Daily_Orders'!L9 -> FB
A10: ='05_Daily_Orders'!B10 -> 1023 | B10: 0 | C10: 0 | F10: 40 | L10: =IF($E$1="n",0,(SUM(F10:K10)-B10)) -> 0 | M10: =_xlfn.IFNA(_xlfn.XLOOKUP(A10,'00_SKU_Master'!$B$2:$B$378,'00_SKU_Master'!$C$2:$C$378,0),"") -> 61121 | N10: =_xlfn.IFNA(_xlfn.XLOOKUP(A10,'00_SKU_Master'!$B$2:$B$378,'00_SKU_Master'!$F$2:$F$378,0)*F10/_xlfn.XLOOKUP(A10,'00_SKU_Master'!$B$2:$B$378,'00_SKU_Master'!$O:$O,0),"") -> #VALUE! | O10: =_xludf.IFNA(_xlfn.XLOOKUP($A12,'00_SKU_Master'!$B$2:$B$378,'00_SKU_Master'!$F$2:$F$378,0)*G12/_xlfn.XLOOKUP($A12,'00_SKU_Master'!$B$2:$B$378,'00_SKU_Master'!$O:$O,0),"") -> #NAME? | P10: =_xludf.IFNA(_xlfn.XLOOKUP($A12,'00_SKU_Master'!$B$2:$B$378,'00_SKU_Master'!$F$2:$F$378,0)*H12/_xlfn.XLOOKUP($A12,'00_SKU_Master'!$B$2:$B$378,'00_SKU_Master'!$O:$O,0),"") -> #NAME? | Q10: =_xludf.IFNA(_xlfn.XLOOKUP($A12,'00_SKU_Master'!$B$2:$B$378,'00_SKU_Master'!$F$2:$F$378,0)*I12/_xlfn.XLOOKUP($A12,'00_SKU_Master'!$B$2:$B$378,'00_SKU_Master'!$O:$O,0),"") -> #NAME? | R10: =_xludf.IFNA(_xlfn.XLOOKUP($A12,'00_SKU_Master'!$B$2:$B$378,'00_SKU_Master'!$F$2:$F$378,0)*J12/_xlfn.XLOOKUP($A12,'00_SKU_Master'!$B$2:$B$378,'00_SKU_Master'!$O:$O,0),"") -> #NAME? | S10: =_xludf.IFNA(_xlfn.XLOOKUP($A12,'00_SKU_Master'!$B$2:$B$378,'00_SKU_Master'!$F$2:$F$378,0)*K12/_xlfn.XLOOKUP($A12,'00_SKU_Master'!$B$2:$B$378,'00_SKU_Master'!$O:$O,0),"") -> #NAME? | T10: =SUM(N12:S12) -> #VALUE! | U10: ='05_Daily_Orders'!L10 -> METRO
A11: ='05_Daily_Orders'!B11 -> 1830 | B11: 0 | C11: 24 | F11: 82 | L11: =IF($E$1="n",0,(SUM(F11:K11)-B11)) -> 0 | M11: =_xlfn.IFNA(_xlfn.XLOOKUP(A11,'00_SKU_Master'!$B$2:$B$378,'00_SKU_Master'!$C$2:$C$378,0),"") -> 61050F | N11: =_xlfn.IFNA(_xlfn.XLOOKUP(A11,'00_SKU_Master'!$B$2:$B$378,'00_SKU_Master'!$F$2:$F$378,0)*F11/_xlfn.XLOOKUP(A11,'00_SKU_Master'!$B$2:$B$378,'00_SKU_Master'!$O:$O,0),"") -> #VALUE! | O11: =_xludf.IFNA(_xlfn.XLOOKUP($A13,'00_SKU_Master'!$B$2:$B$378,'00_SKU_Master'!$F$2:$F$378,0)*G13/_xlfn.XLOOKUP($A13,'00_SKU_Master'!$B$2:$B$378,'00_SKU_Master'!$O:$O,0),"") -> #NAME? | P11: =_xludf.IFNA(_xlfn.XLOOKUP($A13,'00_SKU_Master'!$B$2:$B$378,'00_SKU_Master'!$F$2:$F$378,0)*H13/_xlfn.XLOOKUP($A13,'00_SKU_Master'!$B$2:$B$378,'00_SKU_Master'!$O:$O,0),"") -> #NAME? | Q11: =_xludf.IFNA(_xlfn.XLOOKUP($A13,'00_SKU_Master'!$B$2:$B$378,'00_SKU_Master'!$F$2:$F$378,0)*I13/_xlfn.XLOOKUP($A13,'00_SKU_Master'!$B$2:$B$378,'00_SKU_Master'!$O:$O,0),"") -> #NAME? | R11: =_xludf.IFNA(_xlfn.XLOOKUP($A13,'00_SKU_Master'!$B$2:$B$378,'00_SKU_Master'!$F$2:$F$378,0)*J13/_xlfn.XLOOKUP($A13,'00_SKU_Master'!$B$2:$B$378,'00_SKU_Master'!$O:$O,0),"") -> #NAME? | S11: =_xludf.IFNA(_xlfn.XLOOKUP($A13,'00_SKU_Master'!$B$2:$B$378,'00_SKU_Master'!$F$2:$F$378,0)*K13/_xlfn.XLOOKUP($A13,'00_SKU_Master'!$B$2:$B$378,'00_SKU_Master'!$O:$O,0),"") -> #NAME? | T11: =SUM(N13:S13) -> #VALUE! | U11: ='05_Daily_Orders'!L11 -> FB
A12: ='05_Daily_Orders'!B12 -> 1831 | B12: 0 | C12: 119 | F12: 117 | L12: =IF($E$1="n",0,(SUM(F12:K12)-B12)) -> 0 | M12: =_xlfn.IFNA(_xlfn.XLOOKUP(A12,'00_SKU_Master'!$B$2:$B$378,'00_SKU_Master'!$C$2:$C$378,0),"") -> 203021 | N12: =_xlfn.IFNA(_xlfn.XLOOKUP(A12,'00_SKU_Master'!$B$2:$B$378,'00_SKU_Master'!$F$2:$F$378,0)*F12/_xlfn.XLOOKUP(A12,'00_SKU_Master'!$B$2:$B$378,'00_SKU_Master'!$O:$O,0),"") -> #VALUE! | O12: =_xludf.IFNA(_xlfn.XLOOKUP($A14,'00_SKU_Master'!$B$2:$B$378,'00_SKU_Master'!$F$2:$F$378,0)*G14/_xlfn.XLOOKUP($A14,'00_SKU_Master'!$B$2:$B$378,'00_SKU_Master'!$O:$O,0),"") -> #NAME? | P12: =_xludf.IFNA(_xlfn.XLOOKUP($A14,'00_SKU_Master'!$B$2:$B$378,'00_SKU_Master'!$F$2:$F$378,0)*H14/_xlfn.XLOOKUP($A14,'00_SKU_Master'!$B$2:$B$378,'00_SKU_Master'!$O:$O,0),"") -> #NAME? | Q12: =_xludf.IFNA(_xlfn.XLOOKUP($A14,'00_SKU_Master'!$B$2:$B$378,'00_SKU_Master'!$F$2:$F$378,0)*I14/_xlfn.XLOOKUP($A14,'00_SKU_Master'!$B$2:$B$378,'00_SKU_Master'!$O:$O,0),"") -> #NAME? | R12: =_xludf.IFNA(_xlfn.XLOOKUP($A14,'00_SKU_Master'!$B$2:$B$378,'00_SKU_Master'!$F$2:$F$378,0)*J14/_xlfn.XLOOKUP($A14,'00_SKU_Master'!$B$2:$B$378,'00_SKU_Master'!$O:$O,0),"") -> #NAME? | S12: =_xludf.IFNA(_xlfn.XLOOKUP($A14,'00_SKU_Master'!$B$2:$B$378,'00_SKU_Master'!$F$2:$F$378,0)*K14/_xlfn.XLOOKUP($A14,'00_SKU_Master'!$B$2:$B$378,'00_SKU_Master'!$O:$O,0),"") -> #NAME? | T12: =SUM(N14:S14) -> #VALUE! | U12: ='05_Daily_Orders'!L12 -> FB
A13: ='05_Daily_Orders'!B13 -> 1837 | B13: 0 | C13: 0 | F13: 0 | L13: =IF($E$1="n",0,(SUM(F13:K13)-B13)) -> 0 | M13: =_xlfn.IFNA(_xlfn.XLOOKUP(A13,'00_SKU_Master'!$B$2:$B$378,'00_SKU_Master'!$C$2:$C$378,0),"") -> 61010 | N13: =_xlfn.IFNA(_xlfn.XLOOKUP(A13,'00_SKU_Master'!$B$2:$B$378,'00_SKU_Master'!$F$2:$F$378,0)*F13/_xlfn.XLOOKUP(A13,'00_SKU_Master'!$B$2:$B$378,'00_SKU_Master'!$O:$O,0),"") -> #VALUE! | O13: =_xludf.IFNA(_xlfn.XLOOKUP($A15,'00_SKU_Master'!$B$2:$B$378,'00_SKU_Master'!$F$2:$F$378,0)*G15/_xlfn.XLOOKUP($A15,'00_SKU_Master'!$B$2:$B$378,'00_SKU_Master'!$O:$O,0),"") -> #NAME? | P13: =_xludf.IFNA(_xlfn.XLOOKUP($A15,'00_SKU_Master'!$B$2:$B$378,'00_SKU_Master'!$F$2:$F$378,0)*H15/_xlfn.XLOOKUP($A15,'00_SKU_Master'!$B$2:$B$378,'00_SKU_Master'!$O:$O,0),"") -> #NAME? | Q13: =_xludf.IFNA(_xlfn.XLOOKUP($A15,'00_SKU_Master'!$B$2:$B$378,'00_SKU_Master'!$F$2:$F$378,0)*I15/_xlfn.XLOOKUP($A15,'00_SKU_Master'!$B$2:$B$378,'00_SKU_Master'!$O:$O,0),"") -> #NAME? | R13: =_xludf.IFNA(_xlfn.XLOOKUP($A15,'00_SKU_Master'!$B$2:$B$378,'00_SKU_Master'!$F$2:$F$378,0)*J15/_xlfn.XLOOKUP($A15,'00_SKU_Master'!$B$2:$B$378,'00_SKU_Master'!$O:$O,0),"") -> #NAME? | S13: =_xludf.IFNA(_xlfn.XLOOKUP($A15,'00_SKU_Master'!$B$2:$B$378,'00_SKU_Master'!$F$2:$F$378,0)*K15/_xlfn.XLOOKUP($A15,'00_SKU_Master'!$B$2:$B$378,'00_SKU_Master'!$O:$O,0),"") -> #NAME? | T13: =SUM(N15:S15) -> #VALUE! | U13: ='05_Daily_Orders'!L13 -> FB
... A265: ='05_Daily_Orders'!B265 -> 0 | B265: 0 | C265: 0 | F265: 0 | L265: =IF($E$1="n",0,(SUM(F265:K265)-B265)) -> 0 | M265: =_xlfn.IFNA(_xlfn.XLOOKUP(A265,'00_SKU_Master'!$B$2:$B$378,'00_SKU_Master'!$C$2:$C$378,0),"") -> 0 | N265: =_xlfn.IFNA(_xlfn.XLOOKUP(A265,'00_SKU_Master'!$B$2:$B$378,'00_SKU_Master'!$F$2:$F$378,0)*F265/_xlfn.XLOOKUP(A265,'00_SKU_Master'!$B$2:$B$378,'00_SKU_Master'!$O:$O,0),"") -> #VALUE! | O265: =_xludf.IFNA(_xlfn.XLOOKUP($A267,'00_SKU_Master'!$B$2:$B$378,'00_SKU_Master'!$F$2:$F$378,0)*G267/_xlfn.XLOOKUP($A267,'00_SKU_Master'!$B$2:$B$378,'00_SKU_Master'!$O:$O,0),"") -> #NAME? | P265: =_xludf.IFNA(_xlfn.XLOOKUP($A267,'00_SKU_Master'!$B$2:$B$378,'00_SKU_Master'!$F$2:$F$378,0)*H267/_xlfn.XLOOKUP($A267,'00_SKU_Master'!$B$2:$B$378,'00_SKU_Master'!$O:$O,0),"") -> #NAME? | Q265: =_xludf.IFNA(_xlfn.XLOOKUP($A267,'00_SKU_Master'!$B$2:$B$378,'00_SKU_Master'!$F$2:$F$378,0)*I267/_xlfn.XLOOKUP($A267,'00_SKU_Master'!$B$2:$B$378,'00_SKU_Master'!$O:$O,0),"") -> #NAME? | R265: =_xludf.IFNA(_xlfn.XLOOKUP($A267,'00_SKU_Master'!$B$2:$B$378,'00_SKU_Master'!$F$2:$F$378,0)*J267/_xlfn.XLOOKUP($A267,'00_SKU_Master'!$B$2:$B$378,'00_SKU_Master'!$O:$O,0),"") -> #NAME? | S265: =_xludf.IFNA(_xlfn.XLOOKUP($A267,'00_SKU_Master'!$B$2:$B$378,'00_SKU_Master'!$F$2:$F$378,0)*K267/_xlfn.XLOOKUP($A267,'00_SKU_Master'!$B$2:$B$378,'00_SKU_Master'!$O:$O,0),"") -> #NAME? | T265: =SUM(N267:S267) -> 0 | U265: ='05_Daily_Orders'!L265 -> 0

Sheet 03_BulkPack_Order
B2: Cages to cut today | C2: 265
B3: Traypack Target | C3: 10000cs+
B5: For Generic Traypack | C5: Qty x25kg
C6: Today | D6: Tomorrow | E6: Total
B7: Boneless Breast | C7: 160 | D7: 115 | E7: 275
B8: Skin on split breast | C8: 107 | D8: 45 | E8: 152
B9: Skinless split breast | C9: 55 | D9: 15 | E9: 70
B10: Whole wing | C10: 26 | D10: 0 | E10: 26
B11: Split wing | C11: 30 | D11: 10 | E11: 40
B12: Drums | C12: 70 | D12: 50 | E12: 120
B13: Bi thigh | C13: 195 | D13: 60 | E13: 255
B14: Bnls thighs | C14: 85 | D14: 45 | E14: 130
B15: Ba legs | C15: 95 | D15: 40 | E15: 135
B17: For Bagging | C17: Qtyx800kg
C18: Today | D18: Tomorrow | E18: Total
A19: 61062 | B19: BA Legs | C19: 3 | D19: 1 | E19: 4 | G19: =IFERROR(SUMIF('13_Progress_Track'!$A$2:$A$108,A19,'13_Progress_Track'!$E$2:$E$108),"0") -> 0 | H19: =SUM(C19:D19) -> 4
A20: 61073 | B20: Drum | C20: 4 | D20: 2 | E20: 6 | G20: =IFERROR(SUMIF('13_Progress_Track'!$A$2:$A$108,A20,'13_Progress_Track'!$E$2:$E$108),"0") -> 0 | H20: =SUM(C20:D20) -> 6
A21: 61018 | B21: Whole wing | C21: 6 | D21: 1 | E21: 7 | G21: =IFERROR(SUMIF('13_Progress_Track'!$A$2:$A$108,A21,'13_Progress_Track'!$E$2:$E$108),"0") -> 0 | H21: =SUM(C21:D21) -> 7
A22: 61014B | B22: Split wingx25kg | E22: 0 | G22: =IFERROR(SUMIF('13_Progress_Track'!$A$2:$A$108,A22,'13_Progress_Track'!$E$2:$E$108),"0") -> 0 | H22: =SUM(C22:D22) -> 0
G23: =IFERROR(SUMIF('13_Progress_Track'!$A$2:$A$108,A23,'13_Progress_Track'!$E$2:$E$108),"0") -> 0
G24: =IFERROR(SUMIF('13_Progress_Track'!$A$2:$A$108,A24,'13_Progress_Track'!$E$2:$E$108),"0") -> 0
A25: {=IFERROR(VALUE(LEFT(B25, MATCH(FALSE, ISNUMBER(MID(B25, ROW(INDIRECT("1:"&LEN(B25)+1)), 1) *1), 0) -1)),"")} | B25: For sale | G25: =IFERROR(SUMIF('13_Progress_Track'!$A$2:$A$108,A25,'13_Progress_Track'!$E$2:$E$108),"0") -> 0
A26: {=IFERROR(VALUE(LEFT(B26, MATCH(FALSE, ISNUMBER(MID(B26, ROW(INDIRECT("1:"&LEN(B26)+1)), 1) *1), 0) -1)),"")} -> 203035 | B26: 203035 container | C26: 174 | D26: Food Roll | G26: =IFERROR(SUMIF('13_Progress_Track'!$A$2:$A$108,A26,'13_Progress_Track'!$E$2:$E$108),"0") -> 0 | H26: =IFERROR(C26-G26,"") -> 174
A27: {=IFERROR(VALUE(LEFT(B27, MATCH(FALSE, ISNUMBER(MID(B27, ROW(INDIRECT("1:"&LEN(B27)+1)), 1) *1), 0) -1)),"")} -> 203172 | B27: 203172 container | D27: Goodmark | G27: =IFERROR(SUMIF('13_Progress_Track'!$A$2:$A$108,A27,'13_Progress_Track'!$E$2:$E$108),"0") -> 0 | H27: =IFERROR(C27-G27,"") -> 0
A28: {=IFERROR(VALUE(LEFT(B28, MATCH(FALSE, ISNUMBER(MID(B28, ROW(INDIRECT("1:"&LEN(B28)+1)), 1) *1), 0) -1)),"")} -> 868 | B28: 868 Spl Wings | D28: included rejected | G28: =IFERROR(SUMIF('13_Progress_Track'!$A$2:$A$108,A28,'13_Progress_Track'!$E$2:$E$108),"0") -> 0 | H28: =IFERROR(C28-G28,"") -> 0
A29: {=IFERROR(VALUE(LEFT(B29, MATCH(FALSE, ISNUMBER(MID(B29, ROW(INDIRECT("1:"&LEN(B29)+1)), 1) *1), 0) -1)),"")} -> 200868 | B29: 200868 MB HA SPL WING AC 18KG | C29: 120 | D29: rejected only | G29: =IFERROR(SUMIF('13_Progress_Track'!$A$2:$A$108,A29,'13_Progress_Track'!$E$2:$E$108),"0") -> 4 | H29: =IFERROR(C29-G29,"") -> 116
A30: {=IFERROR(VALUE(LEFT(B30, MATCH(FALSE, ISNUMBER(MID(B30, ROW(INDIRECT("1:"&LEN(B30)+1)), 1) *1), 0) -1)),"")} -> 40021 | B30: 40021 Spl Wings 4x10lb | G30: =IFERROR(SUMIF('13_Progress_Track'!$A$2:$A$108,A30,'13_Progress_Track'!$E$2:$E$108),"0") -> 0 | H30: =IFERROR(C30-G30,"") -> 0
A31: {=IFERROR(VALUE(LEFT(B31, MATCH(FALSE, ISNUMBER(MID(B31, ROW(INDIRECT("1:"&LEN(B31)+1)), 1) *1), 0) -1)),"")} -> 904 | B31: 904 H. Whole wings | G31: =IFERROR(SUMIF('13_Progress_Track'!$A$2:$A$108,A31,'13_Progress_Track'!$E$2:$E$108),"0") -> 0 | H31: =IFERROR(C31-G31,"") -> 0
A32: {=IFERROR(VALUE(LEFT(B32, MATCH(FALSE, ISNUMBER(MID(B32, ROW(INDIRECT("1:"&LEN(B32)+1)), 1) *1), 0) -1)),"")} -> 200904 | B32: 200904 H. Whole wings | G32: =IFERROR(SUMIF('13_Progress_Track'!$A$2:$A$108,A32,'13_Progress_Track'!$E$2:$E$108),"0") -> 0 | H32: =IFERROR(C32-G32,"") -> 0
A33: {=IFERROR(VALUE(LEFT(B33, MATCH(FALSE, ISNUMBER(MID(B33, ROW(INDIRECT("1:"&LEN(B33)+1)), 1) *1), 0) -1)),"")} -> 200905 | B33: 200905 H. Whole wings | G33: =IFERROR(SUMIF('13_Progress_Track'!$A$2:$A$108,A33,'13_Progress_Track'!$E$2:$E$108),"0") -> 0 | H33: =IFERROR(C33-G33,"") -> 0
A34: {=IFERROR(VALUE(LEFT(B34, MATCH(FALSE, ISNUMBER(MID(B34, ROW(INDIRECT("1:"&LEN(B34)+1)), 1) *1), 0) -1)),"")} -> 895 | B34: 895 Drums | G34: =IFERROR(SUMIF('13_Progress_Track'!$A$2:$A$108,A34,'13_Progress_Track'!$E$2:$E$108),"0") -> 0 | H34: =IFERROR(C34-G34,"") -> 0
A35: {=IFERROR(VALUE(LEFT(B35, MATCH(FALSE, ISNUMBER(MID(B35, ROW(INDIRECT("1:"&LEN(B35)+1)), 1) *1), 0) -1)),"")} -> 200095 | B35: 200095 H. Drums | C35: 250 | G35: =IFERROR(SUMIF('13_Progress_Track'!$A$2:$A$108,A35,'13_Progress_Track'!$E$2:$E$108),"0") -> 80 | H35: =IFERROR(C35-G35,"") -> 170
A36: {=IFERROR(VALUE(LEFT(B36, MATCH(FALSE, ISNUMBER(MID(B36, ROW(INDIRECT("1:"&LEN(B36)+1)), 1) *1), 0) -1)),"")} -> 160 | B36: 0160 Drums | G36: =IFERROR(SUMIF('13_Progress_Track'!$A$2:$A$108,A36,'13_Progress_Track'!$E$2:$E$108),"0") -> 0 | H36: =IFERROR(C36-G36,"") -> 0
A37: {=IFERROR(VALUE(LEFT(B37, MATCH(FALSE, ISNUMBER(MID(B37, ROW(INDIRECT("1:"&LEN(B37)+1)), 1) *1), 0) -1)),"")} -> 203271 | B37: 203271 DRUM 110G LESS RET 25KG | D37: have to be from 200140 birds | G37: =IFERROR(SUMIF('13_Progress_Track'!$A$2:$A$108,A37,'13_Progress_Track'!$E$2:$E$108),"0") -> 0 | H37: =IFERROR(C37-G37,"") -> 0
A38: {=IFERROR(VALUE(LEFT(B38, MATCH(FALSE, ISNUMBER(MID(B38, ROW(INDIRECT("1:"&LEN(B38)+1)), 1) *1), 0) -1)),"")} -> 159 | B38: 159 BA Legs | C38: 480 | G38: =IFERROR(SUMIF('13_Progress_Track'!$A$2:$A$108,A38,'13_Progress_Track'!$E$2:$E$108),"0") -> 0 | H38: =IFERROR(C38-G38,"") -> 480
A39: {=IFERROR(VALUE(LEFT(B39, MATCH(FALSE, ISNUMBER(MID(B39, ROW(INDIRECT("1:"&LEN(B39)+1)), 1) *1), 0) -1)),"")} -> 200159 | B39: 200159 H. BA Legs | G39: =IFERROR(SUMIF('13_Progress_Track'!$A$2:$A$108,A39,'13_Progress_Track'!$E$2:$E$108),"0") -> 0 | H39: =IFERROR(C39-G39,"") -> 0
A40: {=IFERROR(VALUE(LEFT(B40, MATCH(FALSE, ISNUMBER(MID(B40, ROW(INDIRECT("1:"&LEN(B40)+1)), 1) *1), 0) -1)),"")} -> 200903 | B40: 200903 H. BA Legs a/c | C40: 510 | G40: =IFERROR(SUMIF('13_Progress_Track'!$A$2:$A$108,A40,'13_Progress_Track'!$E$2:$E$108),"0") -> 61 | H40: =IFERROR(C40-G40,"") -> 449
A41: {=IFERROR(VALUE(LEFT(B41, MATCH(FALSE, ISNUMBER(MID(B41, ROW(INDIRECT("1:"&LEN(B41)+1)), 1) *1), 0) -1)),"")} -> 165 | B41: 165 Bnls breast | G41: =IFERROR(SUMIF('13_Progress_Track'!$A$2:$A$108,A41,'13_Progress_Track'!$E$2:$E$108),"0") -> 0 | H41: =IFERROR(C41-G41,"") -> 0
A42: {=IFERROR(VALUE(LEFT(B42, MATCH(FALSE, ISNUMBER(MID(B42, ROW(INDIRECT("1:"&LEN(B42)+1)), 1) *1), 0) -1)),"")} -> 1894 | B42: 1894 Bnls breast | G42: =IFERROR(SUMIF('13_Progress_Track'!$A$2:$A$108,A42,'13_Progress_Track'!$E$2:$E$108),"0") -> 0 | H42: =IFERROR(C42-G42,"") -> 0
A43: {=IFERROR(VALUE(LEFT(B43, MATCH(FALSE, ISNUMBER(MID(B43, ROW(INDIRECT("1:"&LEN(B43)+1)), 1) *1), 0) -1)),"")} -> 201894 | B43: 201894 H. Bnls breast | C43: 390 | G43: =IFERROR(SUMIF('13_Progress_Track'!$A$2:$A$108,A43,'13_Progress_Track'!$E$2:$E$108),"0") -> 40 | H43: =IFERROR(C43-G43,"") -> 350
A44: {=IFERROR(VALUE(LEFT(B44, MATCH(FALSE, ISNUMBER(MID(B44, ROW(INDIRECT("1:"&LEN(B44)+1)), 1) *1), 0) -1)),"")} -> 201895 | B44: 201895 H. Bnls breast | G44: =IFERROR(SUMIF('13_Progress_Track'!$A$2:$A$108,A44,'13_Progress_Track'!$E$2:$E$108),"0") -> 0 | H44: =IFERROR(C44-G44,"") -> 0
A45: {=IFERROR(VALUE(LEFT(B45, MATCH(FALSE, ISNUMBER(MID(B45, ROW(INDIRECT("1:"&LEN(B45)+1)), 1) *1), 0) -1)),"")} -> 834 | B45: 834 Bone in Thigh | G45: =IFERROR(SUMIF('13_Progress_Track'!$A$2:$A$108,A45,'13_Progress_Track'!$E$2:$E$108),"0") -> 0 | H45: =IFERROR(C45-G45,"") -> 0
A46: {=IFERROR(VALUE(LEFT(B46, MATCH(FALSE, ISNUMBER(MID(B46, ROW(INDIRECT("1:"&LEN(B46)+1)), 1) *1), 0) -1)),"")} -> 200902 | B46: 200902 Bone in Thigh | G46: =IFERROR(SUMIF('13_Progress_Track'!$A$2:$A$108,A46,'13_Progress_Track'!$E$2:$E$108),"0") -> 0 | H46: =IFERROR(C46-G46,"") -> 0
A47: {=IFERROR(VALUE(LEFT(B47, MATCH(FALSE, ISNUMBER(MID(B47, ROW(INDIRECT("1:"&LEN(B47)+1)), 1) *1), 0) -1)),"")} -> 161 | B47: 161 Bone in Thigh | G47: =IFERROR(SUMIF('13_Progress_Track'!$A$2:$A$108,A47,'13_Progress_Track'!$E$2:$E$108),"0") -> 0 | H47: =IFERROR(C47-G47,"") -> 0
A48: {=IFERROR(VALUE(LEFT(B48, MATCH(FALSE, ISNUMBER(MID(B48, ROW(INDIRECT("1:"&LEN(B48)+1)), 1) *1), 0) -1)),"")} -> 200064 | B48: 200064 H. bnls thighs | C48: 65 | D48: fill this first before 1412 | G48: =IFERROR(SUMIF('13_Progress_Track'!$A$2:$A$108,A48,'13_Progress_Track'!$E$2:$E$108),"0") -> 0 | H48: =IFERROR(C48-G48,"") -> 65
A49: {=IFERROR(VALUE(LEFT(B49, MATCH(FALSE, ISNUMBER(MID(B49, ROW(INDIRECT("1:"&LEN(B49)+1)), 1) *1), 0) -1)),"")} -> 64 | B49: 0064 H. bnls thighs | C49: 40 | D49: included Rejected | G49: =IFERROR(SUMIF('13_Progress_Track'!$A$2:$A$108,A49,'13_Progress_Track'!$E$2:$E$108),"0") -> 0 | H49: =IFERROR(C49-G49,"") -> 40
A50: {=IFERROR(VALUE(LEFT(B50, MATCH(FALSE, ISNUMBER(MID(B50, ROW(INDIRECT("1:"&LEN(B50)+1)), 1) *1), 0) -1)),"")} | G50: =IFERROR(SUMIF('13_Progress_Track'!$A$2:$A$108,A50,'13_Progress_Track'!$E$2:$E$108),"0") -> 0 | H50: =IFERROR(C50-G50,"") -> 0
A51: {=IFERROR(VALUE(LEFT(B51, MATCH(FALSE, ISNUMBER(MID(B51, ROW(INDIRECT("1:"&LEN(B51)+1)), 1) *1), 0) -1)),"")} | G51: =IFERROR(SUMIF('13_Progress_Track'!$A$2:$A$108,A51,'13_Progress_Track'!$E$2:$E$108),"0") -> 0 | H51: =IFERROR(C51-G51,"") -> 0
A52: {=IFERROR(VALUE(LEFT(B52, MATCH(FALSE, ISNUMBER(MID(B52, ROW(INDIRECT("1:"&LEN(B52)+1)), 1) *1), 0) -1)),"")} | G52: =IFERROR(SUMIF('13_Progress_Track'!$A$2:$A$108,A52,'13_Progress_Track'!$E$2:$E$108),"0") -> 0 | H52: =IFERROR(C52-G52,"") -> 0
A53: {=IFERROR(VALUE(LEFT(B53, MATCH(FALSE, ISNUMBER(MID(B53, ROW(INDIRECT("1:"&LEN(B53)+1)), 1) *1), 0) -1)),"")} | G53: =IFERROR(SUMIF('13_Progress_Track'!$A$2:$A$108,A53,'13_Progress_Track'!$E$2:$E$108),"0") -> 0 | H53: =IFERROR(C53-G53,"") -> 0
A54: {=IFERROR(VALUE(LEFT(B54, MATCH(FALSE, ISNUMBER(MID(B54, ROW(INDIRECT("1:"&LEN(B54)+1)), 1) *1), 0) -1)),"")} | G54: =IFERROR(SUMIF('13_Progress_Track'!$A$2:$A$108,A54,'13_Progress_Track'!$E$2:$E$108),"0") -> 0 | H54: =IFERROR(C54-G54,"") -> 0
A55: {=IFERROR(VALUE(LEFT(B55, MATCH(FALSE, ISNUMBER(MID(B55, ROW(INDIRECT("1:"&LEN(B55)+1)), 1) *1), 0) -1)),"")} | G55: =IFERROR(SUMIF('13_Progress_Track'!$A$2:$A$108,A55,'13_Progress_Track'!$E$2:$E$108),"0") -> 0 | H55: =IFERROR(C55-G55,"") -> 0
A56: {=IFERROR(VALUE(LEFT(B56, MATCH(FALSE, ISNUMBER(MID(B56, ROW(INDIRECT("1:"&LEN(B56)+1)), 1) *1), 0) -1)),"")} | G56: =IFERROR(SUMIF('13_Progress_Track'!$A$2:$A$108,A56,'13_Progress_Track'!$E$2:$E$108),"0") -> 0 | H56: =IFERROR(C56-G56,"") -> 0
A57: {=IFERROR(VALUE(LEFT(B57, MATCH(FALSE, ISNUMBER(MID(B57, ROW(INDIRECT("1:"&LEN(B57)+1)), 1) *1), 0) -1)),"")} | G57: =IFERROR(SUMIF('13_Progress_Track'!$A$2:$A$108,A57,'13_Progress_Track'!$E$2:$E$108),"0") -> 0 | H57: =IFERROR(C57-G57,"") -> 0
A58: {=IFERROR(VALUE(LEFT(B58, MATCH(FALSE, ISNUMBER(MID(B58, ROW(INDIRECT("1:"&LEN(B58)+1)), 1) *1), 0) -1)),"")} | G58: =IFERROR(SUMIF('13_Progress_Track'!$A$2:$A$108,A58,'13_Progress_Track'!$E$2:$E$108),"0") -> 0 | H58: =IFERROR(C58-G58,"") -> 0
A59: {=IFERROR(VALUE(LEFT(B59, MATCH(FALSE, ISNUMBER(MID(B59, ROW(INDIRECT("1:"&LEN(B59)+1)), 1) *1), 0) -1)),"")} | G59: =IFERROR(SUMIF('13_Progress_Track'!$A$2:$A$108,A59,'13_Progress_Track'!$E$2:$E$108),"0") -> 0 | H59: =IFERROR(C59-G59,"") -> 0
A60: {=IFERROR(VALUE(LEFT(B60, MATCH(FALSE, ISNUMBER(MID(B60, ROW(INDIRECT("1:"&LEN(B60)+1)), 1) *1), 0) -1)),"")} | G60: =IFERROR(SUMIF('13_Progress_Track'!$A$2:$A$108,A60,'13_Progress_Track'!$E$2:$E$108),"0") -> 0 | H60: =IFERROR(C60-G60,"") -> 0
A61: 2233 | G61: =IFERROR(SUMIF('13_Progress_Track'!$A$2:$A$108,A61,'13_Progress_Track'!$E$2:$E$108),"0") -> 0 | H61: =IFERROR(C61-G61,"") -> 0
A62: 2235 | G62: =IFERROR(SUMIF('13_Progress_Track'!$A$2:$A$108,A62,'13_Progress_Track'!$E$2:$E$108),"0") -> 0 | H62: =IFERROR(C62-G62,"") -> 0
A63: 2236 | G63: =IFERROR(SUMIF('13_Progress_Track'!$A$2:$A$108,A63,'13_Progress_Track'!$E$2:$E$108),"0") -> 0 | H63: =IFERROR(C63-G63,"") -> 0
A64: 423002 | G64: =IFERROR(SUMIF('13_Progress_Track'!$A$2:$A$108,A64,'13_Progress_Track'!$E$2:$E$108),"0") -> 18 | H64: =IFERROR(C64-G64,"") -> -18
A65: 203010 | G65: =IFERROR(SUMIF('13_Progress_Track'!$A$2:$A$108,A65,'13_Progress_Track'!$E$2:$E$108),"0") -> 0 | H65: =IFERROR(C65-G65,"") -> 0
A66: 423625 | G66: =IFERROR(SUMIF('13_Progress_Track'!$A$2:$A$108,A66,'13_Progress_Track'!$E$2:$E$108),"0") -> 0 | H66: =IFERROR(C66-G66,"") -> 0
A67: 203624 | G67: =IFERROR(SUMIF('13_Progress_Track'!$A$2:$A$108,A67,'13_Progress_Track'!$E$2:$E$108),"0") -> 5 | H67: =IFERROR(C67-G67,"") -> -5

Sheet 04_Bagging_Order
B2: Total Cases | K2: 1356 | L2: 2103 | M2: 1149
B3: DAY | I3: =SUMIF(I5:I25,">0") -> 1040 | J3: =SUM(J5:J22) -> 0 | K3: =SUMIF(K5:K23,">0") -> 1040 | N3: Totals: | Q3: =SUM(Q5:Q22) -> 0 | R3: =SUM(R5:R22) -> 0 | S3: =SUM(S5:S22) -> 0
B4: SKU | H4: SKU | I4: Today's | J4: Completed | K4: Remaining | L4: KG | M4: Raw Cages | N4: Product_Group | O4: Avg_Case_Weight | P4: Yield_Rate | Q4: WIP_kg | R4: Raw_kg_Needed | S4: Cages_Needed
B5: ='00_SKU_Master'!B357 -> 2050 | D5: 140 | H5: =B5 -> 2050 | I5: =SUM(C5:F5) -> 140 | J5: =SUMIF('13_Progress_Track'!$A$2:$A$108,B5,'13_Progress_Track'!$E$2:$E$108) -> 0 | K5: =I5-J5 -> 140 | L5: =_xlfn.IFNA(_xlfn.XLOOKUP(H5,$B$27:$B$41,$C$27:$C$41,0)*K5,"") -> 1586.6683 | M5: =_xlfn.IFNA(L5/_xlfn.XLOOKUP(H5,$B$27:$B$43,$F$27:$F$43,0),"") -> 2.6444472 | N5: =IFERROR(_xludf.XLOOKUP(B5,'00_SKU_Master'!$B$2:$B$378,'00_SKU_Master'!$E$2:$E$378,""),"") | O5: =IFERROR(_xlfn.SINGLE(_xlfn.XLOOKUP(B5,'00_SKU_Master'!$B$2:$B$378,'00_SKU_Master'!$F$2:$F$378,0)),0) -> 0 | P5: =IFERROR(_xludf.XLOOKUP(N5,'00_Yield_Rates'!$B$2:$B$33,'00_Yield_Rates'!$E$2:$E$33,0)/100,0) -> 0 | Q5: =IF(AND(ISNUMBER(I5),ISNUMBER(O5)),I5*O5,0) -> 0 | R5: =IF(AND(ISNUMBER(Q5),P5>0),Q5/P5,0) -> 0 | S5: =IF(R5>0,ROUNDUP(R5/680,1),0) -> 0
B6: ='00_SKU_Master'!B358 -> 2051 | D6: 380 | H6: =B6 -> 2051 | I6: =SUM(C6:F6) -> 380 | J6: =SUMIF('13_Progress_Track'!$A$2:$A$108,B6,'13_Progress_Track'!$E$2:$E$108) -> 0 | K6: =I6-J6 -> 380 | L6: =_xlfn.IFNA(_xlfn.XLOOKUP(H6,$B$27:$B$41,$C$27:$C$41,0)*K6,"") -> 4159.1857 | M6: =_xlfn.IFNA(L6/_xlfn.XLOOKUP(H6,$B$27:$B$43,$F$27:$F$43,0),"") -> 5.1989821 | N6: =IFERROR(_xludf.XLOOKUP(B6,'00_SKU_Master'!$B$2:$B$378,'00_SKU_Master'!$E$2:$E$378,""),"") | O6: =IFERROR(_xludf.XLOOKUP(B6,'00_SKU_Master'!$B$2:$B$378,'00_SKU_Master'!$F$2:$F$378,0),0) -> 0 | P6: =IFERROR(_xludf.XLOOKUP(N6,'00_Yield_Rates'!$B$2:$B$33,'00_Yield_Rates'!$E$2:$E$33,0)/100,0) -> 0 | Q6: =IF(AND(ISNUMBER(I6),ISNUMBER(O6)),I6*O6,0) -> 0 | R6: =IF(AND(ISNUMBER(Q6),P6>0),Q6/P6,0) -> 0 | S6: =IF(R6>0,ROUNDUP(R6/680,1),0) -> 0
B7: ='00_SKU_Master'!B359 -> 2081 | D7: 225 | H7: =B7 -> 2081 | I7: =SUM(C7:F7) -> 225 | J7: =SUMIF('13_Progress_Track'!$A$2:$A$108,B7,'13_Progress_Track'!$E$2:$E$108) -> 0 | K7: =I7-J7 -> 225 | L7: =_xlfn.IFNA(_xlfn.XLOOKUP(H7,$B$27:$B$41,$C$27:$C$41,0)*K7,"") -> 2530.0209 | M7: =_xlfn.IFNA(L7/_xlfn.XLOOKUP(H7,$B$27:$B$43,$F$27:$F$43,0),"") -> 4.2167016 | N7: =IFERROR(_xludf.XLOOKUP(B7,'00_SKU_Master'!$B$2:$B$378,'00_SKU_Master'!$E$2:$E$378,""),"") | O7: =IFERROR(_xludf.XLOOKUP(B7,'00_SKU_Master'!$B$2:$B$378,'00_SKU_Master'!$F$2:$F$378,0),0) -> 0 | P7: =IFERROR(_xludf.XLOOKUP(N7,'00_Yield_Rates'!$B$2:$B$33,'00_Yield_Rates'!$E$2:$E$33,0)/100,0) -> 0 | Q7: =IF(AND(ISNUMBER(I7),ISNUMBER(O7)),I7*O7,0) -> 0 | R7: =IF(AND(ISNUMBER(Q7),P7>0),Q7/P7,0) -> 0 | S7: =IF(R7>0,ROUNDUP(R7/680,1),0) -> 0
B8: ='00_SKU_Master'!B360 -> 7113 | D8: 0 | H8: =B8 -> 7113 | I8: =SUM(C8:F8) -> 0 | J8: =SUMIF('13_Progress_Track'!$A$2:$A$108,B8,'13_Progress_Track'!$E$2:$E$108) -> 0 | K8: =I8-J8 -> 0 | L8: =_xlfn.IFNA(_xlfn.XLOOKUP(H8,$B$27:$B$41,$C$27:$C$41,0)*K8,"") -> 0 | M8: =_xlfn.IFNA(L8/_xlfn.XLOOKUP(H8,$B$27:$B$43,$F$27:$F$43,0),"") -> 0 | N8: =IFERROR(_xludf.XLOOKUP(B8,'00_SKU_Master'!$B$2:$B$378,'00_SKU_Master'!$E$2:$E$378,""),"") | O8: =IFERROR(_xludf.XLOOKUP(B8,'00_SKU_Master'!$B$2:$B$378,'00_SKU_Master'!$F$2:$F$378,0),0) -> 0 | P8: =IFERROR(_xludf.XLOOKUP(N8,'00_Yield_Rates'!$B$2:$B$33,'00_Yield_Rates'!$E$2:$E$33,0)/100,0) -> 0 | Q8: =IF(AND(ISNUMBER(I8),ISNUMBER(O8)),I8*O8,0) -> 0 | R8: =IF(AND(ISNUMBER(Q8),P8>0),Q8/P8,0) -> 0 | S8: =IF(R8>0,ROUNDUP(R8/680,1),0) -> 0
B9: ='00_SKU_Master'!B361 -> 200179 | D9: 0 | H9: =B9 -> 200179 | I9: =SUM(C9:F9) -> 0 | J9: =SUMIF('13_Progress_Track'!$A$2:$A$108,B9,'13_Progress_Track'!$E$2:$E$108) -> 0 | K9: =I9-J9 -> 0 | L9: =_xlfn.IFNA(_xlfn.XLOOKUP(H9,$B$27:$B$41,$C$27:$C$41,0)*K9,"") -> 0 | M9: =_xlfn.IFNA(L9/_xlfn.XLOOKUP(H9,$B$27:$B$43,$F$27:$F$43,0),"") -> #DIV/0! | N9: =IFERROR(_xludf.XLOOKUP(B9,'00_SKU_Master'!$B$2:$B$378,'00_SKU_Master'!$E$2:$E$378,""),"") | O9: =IFERROR(_xludf.XLOOKUP(B9,'00_SKU_Master'!$B$2:$B$378,'00_SKU_Master'!$F$2:$F$378,0),0) -> 0 | P9: =IFERROR(_xludf.XLOOKUP(N9,'00_Yield_Rates'!$B$2:$B$33,'00_Yield_Rates'!$E$2:$E$33,0)/100,0) -> 0 | Q9: =IF(AND(ISNUMBER(I9),ISNUMBER(O9)),I9*O9,0) -> 0 | R9: =IF(AND(ISNUMBER(Q9),P9>0),Q9/P9,0) -> 0 | S9: =IF(R9>0,ROUNDUP(R9/680,1),0) -> 0
B10: ='00_SKU_Master'!B362 -> 200182 | D10: 75 | H10: =B10 -> 200182 | I10: =SUM(C10:F10) -> 75 | J10: =SUMIF('13_Progress_Track'!$A$2:$A$108,B10,'13_Progress_Track'!$E$2:$E$108) -> 0 | K10: =I10-J10 -> 75 | L10: =_xlfn.IFNA(_xlfn.XLOOKUP(H10,$B$27:$B$41,$C$27:$C$41,0)*K10,"") -> 744.76667 | M10: =_xlfn.IFNA(L10/_xlfn.XLOOKUP(H10,$B$27:$B$43,$F$27:$F$43,0),"") -> 1.2412778 | N10: =IFERROR(_xludf.XLOOKUP(B10,'00_SKU_Master'!$B$2:$B$378,'00_SKU_Master'!$E$2:$E$378,""),"") | O10: =IFERROR(_xludf.XLOOKUP(B10,'00_SKU_Master'!$B$2:$B$378,'00_SKU_Master'!$F$2:$F$378,0),0) -> 0 | P10: =IFERROR(_xludf.XLOOKUP(N10,'00_Yield_Rates'!$B$2:$B$33,'00_Yield_Rates'!$E$2:$E$33,0)/100,0) -> 0 | Q10: =IF(AND(ISNUMBER(I10),ISNUMBER(O10)),I10*O10,0) -> 0 | R10: =IF(AND(ISNUMBER(Q10),P10>0),Q10/P10,0) -> 0 | S10: =IF(R10>0,ROUNDUP(R10/680,1),0) -> 0
B11: ='00_SKU_Master'!B363 -> 200183 | D11: 97 | H11: =B11 -> 200183 | I11: =SUM(C11:F11) -> 97 | J11: =SUMIF('13_Progress_Track'!$A$2:$A$108,B11,'13_Progress_Track'!$E$2:$E$108) -> 0 | K11: =I11-J11 -> 97 | L11: =_xlfn.IFNA(_xlfn.XLOOKUP(H11,$B$27:$B$41,$C$27:$C$41,0)*K11,"") -> 881.9884 | M11: =_xlfn.IFNA(L11/_xlfn.XLOOKUP(H11,$B$27:$B$43,$F$27:$F$43,0),"") -> 1.1024855 | N11: =IFERROR(_xludf.XLOOKUP(B11,'00_SKU_Master'!$B$2:$B$378,'00_SKU_Master'!$E$2:$E$378,""),"") | O11: =IFERROR(_xludf.XLOOKUP(B11,'00_SKU_Master'!$B$2:$B$378,'00_SKU_Master'!$F$2:$F$378,0),0) -> 0 | P11: =IFERROR(_xludf.XLOOKUP(N11,'00_Yield_Rates'!$B$2:$B$33,'00_Yield_Rates'!$E$2:$E$33,0)/100,0) -> 0 | Q11: =IF(AND(ISNUMBER(I11),ISNUMBER(O11)),I11*O11,0) -> 0 | R11: =IF(AND(ISNUMBER(Q11),P11>0),Q11/P11,0) -> 0 | S11: =IF(R11>0,ROUNDUP(R11/680,1),0) -> 0
B12: ='00_SKU_Master'!B364 -> 200184 | D12: 39 | H12: =B12 -> 200184 | I12: =SUM(C12:F12) -> 39 | J12: =SUMIF('13_Progress_Track'!$A$2:$A$108,B12,'13_Progress_Track'!$E$2:$E$108) -> 0 | K12: =I12-J12 -> 39 | L12: =_xlfn.IFNA(_xlfn.XLOOKUP(H12,$B$27:$B$41,$C$27:$C$41,0)*K12,"") -> 350.30163 | M12: =_xlfn.IFNA(L12/_xlfn.XLOOKUP(H12,$B$27:$B$43,$F$27:$F$43,0),"") -> 0.43787703 | N12: =IFERROR(_xludf.XLOOKUP(B12,'00_SKU_Master'!$B$2:$B$378,'00_SKU_Master'!$E$2:$E$378,""),"") | O12: =IFERROR(_xludf.XLOOKUP(B12,'00_SKU_Master'!$B$2:$B$378,'00_SKU_Master'!$F$2:$F$378,0),0) -> 0 | P12: =IFERROR(_xludf.XLOOKUP(N12,'00_Yield_Rates'!$B$2:$B$33,'00_Yield_Rates'!$E$2:$E$33,0)/100,0) -> 0 | Q12: =IF(AND(ISNUMBER(I12),ISNUMBER(O12)),I12*O12,0) -> 0 | R12: =IF(AND(ISNUMBER(Q12),P12>0),Q12/P12,0) -> 0 | S12: =IF(R12>0,ROUNDUP(R12/680,1),0) -> 0
B13: ='00_SKU_Master'!B365 -> 2511 | D13: 0 | H13: =B13 -> 2511 | I13: =SUM(C13:F13) -> 0 | J13: =SUMIF('13_Progress_Track'!$A$2:$A$108,B13,'13_Progress_Track'!$E$2:$E$108) -> 0 | K13: =I13-J13 -> 0 | L13: =_xlfn.IFNA(_xlfn.XLOOKUP(H13,$B$27:$B$41,$C$27:$C$41,0)*K13,"") -> 0 | M13: =_xlfn.IFNA(L13/_xlfn.XLOOKUP(H13,$B$27:$B$43,$F$27:$F$43,0),"") -> 0 | N13: =IFERROR(_xludf.XLOOKUP(B13,'00_SKU_Master'!$B$2:$B$378,'00_SKU_Master'!$E$2:$E$378,""),"") | O13: =IFERROR(_xludf.XLOOKUP(B13,'00_SKU_Master'!$B$2:$B$378,'00_SKU_Master'!$F$2:$F$378,0),0) -> 0 | P13: =IFERROR(_xludf.XLOOKUP(N13,'00_Yield_Rates'!$B$2:$B$33,'00_Yield_Rates'!$E$2:$E$33,0)/100,0) -> 0 | Q13: =IF(AND(ISNUMBER(I13),ISNUMBER(O13)),I13*O13,0) -> 0 | R13: =IF(AND(ISNUMBER(Q13),P13>0),Q13/P13,0) -> 0 | S13: =IF(R13>0,ROUNDUP(R13/680,1),0) -> 0
B14: ='00_SKU_Master'!B366 -> 1077 | D14: 0 | H14: =B14 -> 1077 | I14: =SUM(C14:F14) -> 0 | J14: =SUMIF('13_Progress_Track'!$A$2:$A$108,B14,'13_Progress_Track'!$E$2:$E$108) -> 0 | K14: =I14-J14 -> 0 | L14: =_xlfn.IFNA(_xlfn.XLOOKUP(H14,$B$27:$B$41,$C$27:$C$41,0)*K14,"") -> 0 | M14: =_xlfn.IFNA(L14/_xlfn.XLOOKUP(H14,$B$27:$B$43,$F$27:$F$43,0),"") -> #DIV/0! | N14: =IFERROR(_xludf.XLOOKUP(B14,'00_SKU_Master'!$B$2:$B$378,'00_SKU_Master'!$E$2:$E$378,""),"") | O14: =IFERROR(_xludf.XLOOKUP(B14,'00_SKU_Master'!$B$2:$B$378,'00_SKU_Master'!$F$2:$F$378,0),0) -> 0 | P14: =IFERROR(_xludf.XLOOKUP(N14,'00_Yield_Rates'!$B$2:$B$33,'00_Yield_Rates'!$E$2:$E$33,0)/100,0) -> 0 | Q14: =IF(AND(ISNUMBER(I14),ISNUMBER(O14)),I14*O14,0) -> 0 | R14: =IF(AND(ISNUMBER(Q14),P14>0),Q14/P14,0) -> 0 | S14: =IF(R14>0,ROUNDUP(R14/680,1),0) -> 0
B15: ='00_SKU_Master'!B367 -> 1078 | D15: 0 | H15: =B15 -> 1078 | I15: =SUM(C15:F15) -> 0 | J15: =SUMIF('13_Progress_Track'!$A$2:$A$108,B15,'13_Progress_Track'!$E$2:$E$108) -> 0 | K15: =I15-J15 -> 0 | L15: =_xlfn.IFNA(_xlfn.XLOOKUP(H15,$B$27:$B$41,$C$27:$C$41,0)*K15,"") -> 0 | M15: =_xlfn.IFNA(L15/_xlfn.XLOOKUP(H15,$B$27:$B$43,$F$27:$F$43,0),"") -> #DIV/0! | N15: =IFERROR(_xludf.XLOOKUP(B15,'00_SKU_Master'!$B$2:$B$378,'00_SKU_Master'!$E$2:$E$378,""),"") | O15: =IFERROR(_xludf.XLOOKUP(B15,'00_SKU_Master'!$B$2:$B$378,'00_SKU_Master'!$F$2:$F$378,0),0) -> 0 | P15: =IFERROR(_xludf.XLOOKUP(N15,'00_Yield_Rates'!$B$2:$B$33,'00_Yield_Rates'!$E$2:$E$33,0)/100,0) -> 0 | Q15: =IF(AND(ISNUMBER(I15),ISNUMBER(O15)),I15*O15,0) -> 0 | R15: =IF(AND(ISNUMBER(Q15),P15>0),Q15/P15,0) -> 0 | S15: =IF(R15>0,ROUNDUP(R15/680,1),0) -> 0
B16: ='00_SKU_Master'!B368 -> 1080 | D16: 0 | H16: =B16 -> 1080 | I16: =SUM(C16:F16) -> 0 | J16: =SUMIF('13_Progress_Track'!$A$2:$A$108,B16,'13_Progress_Track'!$E$2:$E$108) -> 0 | K16: =I16-J16 -> 0 | L16: =_xlfn.IFNA(_xlfn.XLOOKUP(H16,$B$27:$B$41,$C$27:$C$41,0)*K16,"") -> 0 | M16: =_xlfn.IFNA(L16/_xlfn.XLOOKUP(H16,$B$27:$B$43,$F$27:$F$43,0),"") -> #DIV/0! | N16: =IFERROR(_xludf.XLOOKUP(B16,'00_SKU_Master'!$B$2:$B$378,'00_SKU_Master'!$E$2:$E$378,""),"") | O16: =IFERROR(_xludf.XLOOKUP(B16,'00_SKU_Master'!$B$2:$B$378,'00_SKU_Master'!$F$2:$F$378,0),0) -> 0 | P16: =IFERROR(_xludf.XLOOKUP(N16,'00_Yield_Rates'!$B$2:$B$33,'00_Yield_Rates'!$E$2:$E$33,0)/100,0) -> 0 | Q16: =IF(AND(ISNUMBER(I16),ISNUMBER(O16)),I16*O16,0) -> 0 | R16: =IF(AND(ISNUMBER(Q16),P16>0),Q16/P16,0) -> 0 | S16: =IF(R16>0,ROUNDUP(R16/680,1),0) -> 0
B17: ='00_SKU_Master'!B369 -> 1574 | D17: 0 | H17: =B17 -> 1574 | I17: =SUM(C17:F17) -> 0 | J17: =SUMIF('13_Progress_Track'!$A$2:$A$108,B17,'13_Progress_Track'!$E$2:$E$108) -> 0 | K17: =I17-J17 -> 0 | L17: =_xlfn.IFNA(_xlfn.XLOOKUP(H17,$B$27:$B$41,$C$27:$C$41,0)*K17,"") -> 0 | M17: =_xlfn.IFNA(L17/_xlfn.XLOOKUP(H17,$B$27:$B$43,$F$27:$F$43,0),"") -> #DIV/0! | N17: =IFERROR(_xludf.XLOOKUP(B17,'00_SKU_Master'!$B$2:$B$378,'00_SKU_Master'!$E$2:$E$378,""),"") | O17: =IFERROR(_xludf.XLOOKUP(B17,'00_SKU_Master'!$B$2:$B$378,'00_SKU_Master'!$F$2:$F$378,0),0) -> 0 | P17: =IFERROR(_xludf.XLOOKUP(N17,'00_Yield_Rates'!$B$2:$B$33,'00_Yield_Rates'!$E$2:$E$33,0)/100,0) -> 0 | Q17: =IF(AND(ISNUMBER(I17),ISNUMBER(O17)),I17*O17,0) -> 0 | R17: =IF(AND(ISNUMBER(Q17),P17>0),Q17/P17,0) -> 0 | S17: =IF(R17>0,ROUNDUP(R17/680,1),0) -> 0
... B22: ='00_SKU_Master'!B374 -> 7176 | D22: 0 | H22: =B22 -> 7176 | I22: =SUM(C22:F22) -> 0 | J22: =SUMIF('13_Progress_Track'!$A$2:$A$108,B22,'13_Progress_Track'!$E$2:$E$108) -> 0 | K22: =I22-J22 -> 0 | L22: =_xlfn.IFNA(_xlfn.XLOOKUP(H22,$B$27:$B$41,$C$27:$C$41,0)*K22,"") -> 0 | M22: =_xlfn.IFNA(L22/_xlfn.XLOOKUP(H22,$B$27:$B$43,$F$27:$F$43,0),"") -> #DIV/0! | N22: =IFERROR(_xludf.XLOOKUP(B22,'00_SKU_Master'!$B$2:$B$378,'00_SKU_Master'!$E$2:$E$378,""),"") | O22: =IFERROR(_xludf.XLOOKUP(B22,'00_SKU_Master'!$B$2:$B$378,'00_SKU_Master'!$F$2:$F$378,0),0) -> 0 | P22: =IFERROR(_xludf.XLOOKUP(N22,'00_Yield_Rates'!$B$2:$B$33,'00_Yield_Rates'!$E$2:$E$33,0)/100,0) -> 0 | Q22: =IF(AND(ISNUMBER(I22),ISNUMBER(O22)),I22*O22,0) -> 0 | R22: =IF(AND(ISNUMBER(Q22),P22>0),Q22/P22,0) -> 0 | S22: =IF(R22>0,ROUNDUP(R22/680,1),0) -> 0
Q26: Request
B27: 2050 | C27: 11.333345 | D27: 0.46 | E27: 61062 | F27: 600 | I27: Inventory | J27: 61062 | L27: 1151 | O27: 61062 | P27: =SUMIF($O$5:$O$25,O27,$L$5:$L$25) -> 0 | Q27: =P27-L27 -> -1151 | R27: =Q27/_xlfn.XLOOKUP(O27,$E$27:$E$41,$F$27:$F$41) -> -1.9183333
B28: 2051 | C28: 10.945225 | D28: 0.14 | E28: 61073 | F28: 800 | J28: 61073 | L28: 2266 | O28: 61073 | P28: =SUMIF($O$5:$O$25,O28,$L$5:$L$25) -> 0 | Q28: =P28-L28 -> -2266 | R28: =Q28/_xlfn.XLOOKUP(O28,$E$27:$E$41,$F$27:$F$41) -> -2.8325
B29: 2051 | C29: 10.6 | D29: 0.14 | E29: 61073 | F29: 800 | J29: 61018 | L29: 788 | O29: 61018 | P29: =SUMIF($O$5:$O$25,O29,$L$5:$L$25) -> 0 | Q29: =P29-L29 -> -788 | R29: =Q29/_xlfn.XLOOKUP(O29,$E$27:$E$41,$F$27:$F$41) -> -1.3133333
B30: 2081 | C30: 11.244537 | D30: 0.105 | E30: 61018 | F30: 600 | J30: 61014B | O30: 61014B | P30: =SUMIF($O$5:$O$25,O30,$L$5:$L$25) -> 0 | Q30: =P30-L30 -> 0 | R30: =P30/_xlfn.XLOOKUP(O30,$E$27:$E$41,$F$27:$F$41) -> 0
B31: 2112 | C31: 13.5 | D31: 0.46 | E31: 61062 | F31: 800 | J31: 200157
B32: 2511 | C32: 14 | D32: 0.095 | E32: 61014B | F32: 600
B33: 7011 | C33: 9.6 | E33: W-Chicken | F33: 600 | J33: BSK | K33: =SUMIF(G5:G25,J33,D5:D25) -> 0
B34: 7113 | C34: 12.853 | E34: W-Chicken | F34: 600 | J34: BOX | K34: =SUMIF(G5:G25,J34,D5:D25) -> 0
B35: 7301 | C35: 12.6 | D35: 0.46 | E35: 61062 | F35: 800
B36: 200182 | C36: 9.9302222 | D36: 0.105 | E36: 61018 | F36: 600
B37: 200183 | C37: 9.0926639 | D37: 0.46 | E37: 61062 | F37: 800
B38: 200184 | C38: 8.982093 | D38: 0.14 | E38: 61073 | F38: 800
B39: 207526 | C39: 12 | D39: 0.46 | E39: 61062 | F39: 800
B40: 207527 | C40: 12 | D40: 0.46 | E40: 61062 | F40: 800
B41: 2513

Sheet 05_Daily_Orders
A1: Description | B1: SKU | C1: Cases Ordered - Orginal | D1: Cases Added On | E1: Cases Completed | F1: Extra Cases Produced | G1: Cases Remaining | H1: Tray/box | I1: Don’t change | J1: Tray/Min | K1: Speed | L1: Category | M1: Today's Order | N1: Product_Group | O1: Avg_Case_Weight | P1: Yield_Rate | Q1: WIP_kg | R1: Raw_kg_Needed | S1: Cages_Needed
A2: ='00_SKU_Master'!J94 -> MS LCL BSHB PET8 PP | B2: ='00_SKU_Master'!B94 -> 260 | C2: =_xlfn.XLOOKUP(B2,'02_TrayPack_Order'!$A$2:$A$265,'02_TrayPack_Order'!$C$2:$C$265) -> 0 | D2: =_xlfn.XLOOKUP(B2,'02_TrayPack_Order'!$A$2:$A$265,'02_TrayPack_Order'!$L$2:$L$265,0) -> 0 | E2: =SUMIF('13_Progress_Track'!$A$2:$A$108,B2,'13_Progress_Track'!$E$2:$E$108) -> 0 | F2: =IF(E2>(C2+D2),(E2-(C2+D2)),0) -> 0 | G2: =IF(F2>0,0,C2+D2-E2) -> 0 | H2: =_xlfn.IFNA(_xlfn.XLOOKUP(B2,'00_SKU_Master'!$B$2:$B$378,'00_SKU_Master'!$C$2:$C$378),"") -> 61050#2 | J2: =_xlfn.IFNA(_xlfn.XLOOKUP(B2,'00_SKU_Master'!B$2:B$378,'00_SKU_Master'!H$2:H$378,0),"") -> PET 8 | K2: =_xlfn.IFNA(_xlfn.XLOOKUP(B2,'00_SKU_Master'!B$2:B$378,'00_SKU_Master'!K$2:K$378,0),"") -> Fast | L2: =_xlfn.XLOOKUP(B2,'00_SKU_Master'!$B$2:$B$378,'00_SKU_Master'!$D$2:$D$378) -> LCL | M2: =IF((C2-E2)<0,0,C2-E2) -> 0 | N2: =IFERROR(_xlfn.XLOOKUP(B2,'00_SKU_Master'!$B$2:$B$378,'00_SKU_Master'!$E$2:$E$378,""),"") -> BSB | O2: =IFERROR(_xlfn.XLOOKUP(B2,'00_SKU_Master'!$B$2:$B$378,'00_SKU_Master'!$F$2:$F$378,0),0) -> 0 | P2: =IFERROR(_xlfn.XLOOKUP(N2,'00_Yield_Rates'!$B$2:$B$33,'00_Yield_Rates'!$E$2:$E$33,0)/100,0) -> 0.31 | Q2: =IF(AND(ISNUMBER(M2),ISNUMBER(O2)),M2*O2,0) -> 0 | R2: =IF(AND(ISNUMBER(Q2),P2>0),Q2/P2,0) -> 0 | S2: =IF(R2>0,ROUNDUP(R2/680,1),0) -> 0
A3: ='00_SKU_Master'!J95 -> MS LEG BA ST | B3: ='00_SKU_Master'!B95 -> 331 | C3: =_xlfn.XLOOKUP(B3,'02_TrayPack_Order'!$A$2:$A$265,'02_TrayPack_Order'!$C$2:$C$265) -> 0 | D3: =_xlfn.XLOOKUP(B3,'02_TrayPack_Order'!$A$2:$A$265,'02_TrayPack_Order'!$L$2:$L$265,0) -> 0 | E3: =SUMIF('13_Progress_Track'!$A$2:$A$108,B3,'13_Progress_Track'!$E$2:$E$108) -> 0 | F3: =IF(E3>(C3+D3),(E3-(C3+D3)),0) -> 0 | G3: =IF(F3>0,0,C3+D3-E3) -> 0 | H3: =_xlfn.IFNA(_xlfn.XLOOKUP(B3,'00_SKU_Master'!$B$2:$B$378,'00_SKU_Master'!$C$2:$C$378),"") -> 61061 | J3: =_xlfn.IFNA(_xlfn.XLOOKUP(B3,'00_SKU_Master'!B$2:B$378,'00_SKU_Master'!H$2:H$378,0),"") -> ST 3XP | K3: =_xlfn.IFNA(_xlfn.XLOOKUP(B3,'00_SKU_Master'!B$2:B$378,'00_SKU_Master'!K$2:K$378,0),"") -> Fast | L3: =_xlfn.XLOOKUP(B3,'00_SKU_Master'!$B$2:$B$378,'00_SKU_Master'!$D$2:$D$378) -> METRO | M3: =IF((C3-E3)<0,0,C3-E3) -> 0 | N3: =IFERROR(_xlfn.XLOOKUP(B3,'00_SKU_Master'!$B$2:$B$378,'00_SKU_Master'!$E$2:$E$378,""),"") -> BA | O3: =IFERROR(_xlfn.XLOOKUP(B3,'00_SKU_Master'!$B$2:$B$378,'00_SKU_Master'!$F$2:$F$378,0),0) -> 10.008899 | P3: =IFERROR(_xlfn.XLOOKUP(N3,'00_Yield_Rates'!$B$2:$B$33,'00_Yield_Rates'!$E$2:$E$33,0)/100,0) -> 0.42 | Q3: =IF(AND(ISNUMBER(M3),ISNUMBER(O3)),M3*O3,0) -> 0 | R3: =IF(AND(ISNUMBER(Q3),P3>0),Q3/P3,0) -> 0 | S3: =IF(R3>0,ROUNDUP(R3/680,1),0) -> 0
A4: ='00_SKU_Master'!J96 -> PB HB ST | B4: ='00_SKU_Master'!B96 -> 349 | C4: =_xlfn.XLOOKUP(B4,'02_TrayPack_Order'!$A$2:$A$265,'02_TrayPack_Order'!$C$2:$C$265) -> 0 | D4: =_xlfn.XLOOKUP(B4,'02_TrayPack_Order'!$A$2:$A$265,'02_TrayPack_Order'!$L$2:$L$265,0) -> 0 | E4: =SUMIF('13_Progress_Track'!$A$2:$A$108,B4,'13_Progress_Track'!$E$2:$E$108) -> 0 | F4: =IF(E4>(C4+D4),(E4-(C4+D4)),0) -> 0 | G4: =IF(F4>0,0,C4+D4-E4) -> 0 | H4: =_xlfn.IFNA(_xlfn.XLOOKUP(B4,'00_SKU_Master'!$B$2:$B$378,'00_SKU_Master'!$C$2:$C$378),"") -> 61040#2 | J4: =_xlfn.IFNA(_xlfn.XLOOKUP(B4,'00_SKU_Master'!B$2:B$378,'00_SKU_Master'!H$2:H$378,0),"") -> ST 3XP | K4: =_xlfn.IFNA(_xlfn.XLOOKUP(B4,'00_SKU_Master'!B$2:B$378,'00_SKU_Master'!K$2:K$378,0),"") -> Fast | L4: =_xlfn.XLOOKUP(B4,'00_SKU_Master'!$B$2:$B$378,'00_SKU_Master'!$D$2:$D$378) -> FB | M4: =IF((C4-E4)<0,0,C4-E4) -> 0 | N4: =IFERROR(_xlfn.XLOOKUP(B4,'00_SKU_Master'!$B$2:$B$378,'00_SKU_Master'!$E$2:$E$378,""),"") -> SplitBreast | O4: =IFERROR(_xlfn.XLOOKUP(B4,'00_SKU_Master'!$B$2:$B$378,'00_SKU_Master'!$F$2:$F$378,0),0) -> 0 | P4: =IFERROR(_xlfn.XLOOKUP(N4,'00_Yield_Rates'!$B$2:$B$33,'00_Yield_Rates'!$E$2:$E$33,0)/100,0) -> 0.43 | Q4: =IF(AND(ISNUMBER(M4),ISNUMBER(O4)),M4*O4,0) -> 0 | R4: =IF(AND(ISNUMBER(Q4),P4>0),Q4/P4,0) -> 0 | S4: =IF(R4>0,ROUNDUP(R4/680,1),0) -> 0
A5: ='00_SKU_Master'!J97 -> MS BACK ST PP | B5: ='00_SKU_Master'!B97 -> 484 | C5: =_xlfn.XLOOKUP(B5,'02_TrayPack_Order'!$A$2:$A$265,'02_TrayPack_Order'!$C$2:$C$265) -> 7 | D5: =_xlfn.XLOOKUP(B5,'02_TrayPack_Order'!$A$2:$A$265,'02_TrayPack_Order'!$L$2:$L$265,0) -> 0 | E5: =SUMIF('13_Progress_Track'!$A$2:$A$108,B5,'13_Progress_Track'!$E$2:$E$108) -> 0 | F5: =IF(E5>(C5+D5),(E5-(C5+D5)),0) -> 0 | G5: =IF(F5>0,0,C5+D5-E5) -> 7 | H5: =_xlfn.IFNA(_xlfn.XLOOKUP(B5,'00_SKU_Master'!$B$2:$B$378,'00_SKU_Master'!$C$2:$C$378),"") -> 61121 | J5: =_xlfn.IFNA(_xlfn.XLOOKUP(B5,'00_SKU_Master'!B$2:B$378,'00_SKU_Master'!H$2:H$378,0),"") -> ST 3XP | K5: =_xlfn.IFNA(_xlfn.XLOOKUP(B5,'00_SKU_Master'!B$2:B$378,'00_SKU_Master'!K$2:K$378,0),"") -> Fast | L5: =_xlfn.XLOOKUP(B5,'00_SKU_Master'!$B$2:$B$378,'00_SKU_Master'!$D$2:$D$378) -> FB | M5: =IF((C5-E5)<0,0,C5-E5) -> 7 | N5: =IFERROR(_xlfn.XLOOKUP(B5,'00_SKU_Master'!$B$2:$B$378,'00_SKU_Master'!$E$2:$E$378,""),"") -> BackBone | O5: =IFERROR(_xlfn.XLOOKUP(B5,'00_SKU_Master'!$B$2:$B$378,'00_SKU_Master'!$F$2:$F$378,0),0) -> 9.4150185 | P5: =IFERROR(_xlfn.XLOOKUP(N5,'00_Yield_Rates'!$B$2:$B$33,'00_Yield_Rates'!$E$2:$E$33,0)/100,0) -> 0 | Q5: =IF(AND(ISNUMBER(M5),ISNUMBER(O5)),M5*O5,0) -> 65.905129 | R5: =IF(AND(ISNUMBER(Q5),P5>0),Q5/P5,0) -> 0 | S5: =IF(R5>0,ROUNDUP(R5/680,1),0) -> 0
A6: ='00_SKU_Master'!J98 -> MS BSC BSTHIGH LT PP | B6: ='00_SKU_Master'!B98 -> 784 | C6: =_xlfn.XLOOKUP(B6,'02_TrayPack_Order'!$A$2:$A$265,'02_TrayPack_Order'!$C$2:$C$265) -> 22 | D6: =_xlfn.XLOOKUP(B6,'02_TrayPack_Order'!$A$2:$A$265,'02_TrayPack_Order'!$L$2:$L$265,0) -> 0 | E6: =SUMIF('13_Progress_Track'!$A$2:$A$108,B6,'13_Progress_Track'!$E$2:$E$108) -> 0 | F6: =IF(E6>(C6+D6),(E6-(C6+D6)),0) -> 0 | G6: =IF(F6>0,0,C6+D6-E6) -> 22 | H6: =_xlfn.IFNA(_xlfn.XLOOKUP(B6,'00_SKU_Master'!$B$2:$B$378,'00_SKU_Master'!$C$2:$C$378),"") -> 61086#2 | J6: =_xlfn.IFNA(_xlfn.XLOOKUP(B6,'00_SKU_Master'!B$2:B$378,'00_SKU_Master'!H$2:H$378,0),"") -> LT 8XP | K6: =_xlfn.IFNA(_xlfn.XLOOKUP(B6,'00_SKU_Master'!B$2:B$378,'00_SKU_Master'!K$2:K$378,0),"") -> Slow | L6: =_xlfn.XLOOKUP(B6,'00_SKU_Master'!$B$2:$B$378,'00_SKU_Master'!$D$2:$D$378) -> FB | M6: =IF((C6-E6)<0,0,C6-E6) -> 22 | N6: =IFERROR(_xlfn.XLOOKUP(B6,'00_SKU_Master'!$B$2:$B$378,'00_SKU_Master'!$E$2:$E$378,""),"") -> ThighMeat | O6: =IFERROR(_xlfn.XLOOKUP(B6,'00_SKU_Master'!$B$2:$B$378,'00_SKU_Master'!$F$2:$F$378,0),0) -> 8.2634387 | P6: =IFERROR(_xlfn.XLOOKUP(N6,'00_Yield_Rates'!$B$2:$B$33,'00_Yield_Rates'!$E$2:$E$33,0)/100,0) -> 0.105 | Q6: =IF(AND(ISNUMBER(M6),ISNUMBER(O6)),M6*O6,0) -> 181.79565 | R6: =IF(AND(ISNUMBER(Q6),P6>0),Q6/P6,0) -> 1731.3872 | S6: =IF(R6>0,ROUNDUP(R6/680,1),0) -> 2.6
A7: ='00_SKU_Master'!J99 -> PB BSC HB FT PP 8/BOX | B7: ='00_SKU_Master'!B99 -> 946 | C7: =_xlfn.XLOOKUP(B7,'02_TrayPack_Order'!$A$2:$A$265,'02_TrayPack_Order'!$C$2:$C$265) -> 0 | D7: =_xlfn.XLOOKUP(B7,'02_TrayPack_Order'!$A$2:$A$265,'02_TrayPack_Order'!$L$2:$L$265,0) -> 0 | E7: =SUMIF('13_Progress_Track'!$A$2:$A$108,B7,'13_Progress_Track'!$E$2:$E$108) -> 0 | F7: =IF(E7>(C7+D7),(E7-(C7+D7)),0) -> 0 | G7: =IF(F7>0,0,C7+D7-E7) -> 0 | H7: =_xlfn.IFNA(_xlfn.XLOOKUP(B7,'00_SKU_Master'!$B$2:$B$378,'00_SKU_Master'!$C$2:$C$378),"") -> 61040#2 | J7: =_xlfn.IFNA(_xlfn.XLOOKUP(B7,'00_SKU_Master'!B$2:B$378,'00_SKU_Master'!H$2:H$378,0),"") -> LT 14D | K7: =_xlfn.IFNA(_xlfn.XLOOKUP(B7,'00_SKU_Master'!B$2:B$378,'00_SKU_Master'!K$2:K$378,0),"") -> Fast | L7: =_xlfn.XLOOKUP(B7,'00_SKU_Master'!$B$2:$B$378,'00_SKU_Master'!$D$2:$D$378) -> FB | M7: =IF((C7-E7)<0,0,C7-E7) -> 0 | N7: =IFERROR(_xlfn.XLOOKUP(B7,'00_SKU_Master'!$B$2:$B$378,'00_SKU_Master'!$E$2:$E$378,""),"") -> SplitBreast | O7: =IFERROR(_xlfn.XLOOKUP(B7,'00_SKU_Master'!$B$2:$B$378,'00_SKU_Master'!$F$2:$F$378,0),0) -> 0 | P7: =IFERROR(_xlfn.XLOOKUP(N7,'00_Yield_Rates'!$B$2:$B$33,'00_Yield_Rates'!$E$2:$E$33,0)/100,0) -> 0.43 | Q7: =IF(AND(ISNUMBER(M7),ISNUMBER(O7)),M7*O7,0) -> 0 | R7: =IF(AND(ISNUMBER(Q7),P7>0),Q7/P7,0) -> 0 | S7: =IF(R7>0,ROUNDUP(R7/680,1),0) -> 0
A8: ='00_SKU_Master'!J100 -> PB BSC DRUM FT PP | B8: ='00_SKU_Master'!B100 -> 956 | C8: =_xlfn.XLOOKUP(B8,'02_TrayPack_Order'!$A$2:$A$265,'02_TrayPack_Order'!$C$2:$C$265) -> 0 | D8: =_xlfn.XLOOKUP(B8,'02_TrayPack_Order'!$A$2:$A$265,'02_TrayPack_Order'!$L$2:$L$265,0) -> 0 | E8: =SUMIF('13_Progress_Track'!$A$2:$A$108,B8,'13_Progress_Track'!$E$2:$E$108) -> 0 | F8: =IF(E8>(C8+D8),(E8-(C8+D8)),0) -> 0 | G8: =IF(F8>0,0,C8+D8-E8) -> 0 | H8: =_xlfn.IFNA(_xlfn.XLOOKUP(B8,'00_SKU_Master'!$B$2:$B$378,'00_SKU_Master'!$C$2:$C$378),"") -> 61072#2 | J8: =_xlfn.IFNA(_xlfn.XLOOKUP(B8,'00_SKU_Master'!B$2:B$378,'00_SKU_Master'!H$2:H$378,0),"") -> LT 14D | K8: =_xlfn.IFNA(_xlfn.XLOOKUP(B8,'00_SKU_Master'!B$2:B$378,'00_SKU_Master'!K$2:K$378,0),"") -> Fast | L8: =_xlfn.XLOOKUP(B8,'00_SKU_Master'!$B$2:$B$378,'00_SKU_Master'!$D$2:$D$378) -> FB | M8: =IF((C8-E8)<0,0,C8-E8) -> 0 | N8: =IFERROR(_xlfn.XLOOKUP(B8,'00_SKU_Master'!$B$2:$B$378,'00_SKU_Master'!$E$2:$E$378,""),"") -> Drum | O8: =IFERROR(_xlfn.XLOOKUP(B8,'00_SKU_Master'!$B$2:$B$378,'00_SKU_Master'!$F$2:$F$378,0),0) -> 0 | P8: =IFERROR(_xlfn.XLOOKUP(N8,'00_Yield_Rates'!$B$2:$B$33,'00_Yield_Rates'!$E$2:$E$33,0)/100,0) -> 0.128 | Q8: =IF(AND(ISNUMBER(M8),ISNUMBER(O8)),M8*O8,0) -> 0 | R8: =IF(AND(ISNUMBER(Q8),P8>0),Q8/P8,0) -> 0 | S8: =IF(R8>0,ROUNDUP(R8/680,1),0) -> 0
A9: ='00_SKU_Master'!J101 -> PB BSC THIGH FT PP | B9: ='00_SKU_Master'!B101 -> 957 | C9: =_xlfn.XLOOKUP(B9,'02_TrayPack_Order'!$A$2:$A$265,'02_TrayPack_Order'!$C$2:$C$265) -> 0 | D9: =_xlfn.XLOOKUP(B9,'02_TrayPack_Order'!$A$2:$A$265,'02_TrayPack_Order'!$L$2:$L$265,0) -> 0 | E9: =SUMIF('13_Progress_Track'!$A$2:$A$108,B9,'13_Progress_Track'!$E$2:$E$108) -> 0 | F9: =IF(E9>(C9+D9),(E9-(C9+D9)),0) -> 0 | G9: =IF(F9>0,0,C9+D9-E9) -> 0 | H9: =_xlfn.IFNA(_xlfn.XLOOKUP(B9,'00_SKU_Master'!$B$2:$B$378,'00_SKU_Master'!$C$2:$C$378),"") -> 61082 | J9: =_xlfn.IFNA(_xlfn.XLOOKUP(B9,'00_SKU_Master'!B$2:B$378,'00_SKU_Master'!H$2:H$378,0),"") -> LT 14D | K9: =_xlfn.IFNA(_xlfn.XLOOKUP(B9,'00_SKU_Master'!B$2:B$378,'00_SKU_Master'!K$2:K$378,0),"") -> Fast | L9: =_xlfn.XLOOKUP(B9,'00_SKU_Master'!$B$2:$B$378,'00_SKU_Master'!$D$2:$D$378) -> FB | M9: =IF((C9-E9)<0,0,C9-E9) -> 0 | N9: =IFERROR(_xlfn.XLOOKUP(B9,'00_SKU_Master'!$B$2:$B$378,'00_SKU_Master'!$E$2:$E$378,""),"") -> Thigh | O9: =IFERROR(_xlfn.XLOOKUP(B9,'00_SKU_Master'!$B$2:$B$378,'00_SKU_Master'!$F$2:$F$378,0),0) -> 0 | P9: =IFERROR(_xlfn.XLOOKUP(N9,'00_Yield_Rates'!$B$2:$B$33,'00_Yield_Rates'!$E$2:$E$33,0)/100,0) -> 0.191 | Q9: =IF(AND(ISNUMBER(M9),ISNUMBER(O9)),M9*O9,0) -> 0 | R9: =IF(AND(ISNUMBER(Q9),P9>0),Q9/P9,0) -> 0 | S9: =IF(R9>0,ROUNDUP(R9/680,1),0) -> 0
A10: ='00_SKU_Master'!J102 -> PB BACK ST | B10: ='00_SKU_Master'!B102 -> 1023 | C10: =_xlfn.XLOOKUP(B10,'02_TrayPack_Order'!$A$2:$A$265,'02_TrayPack_Order'!$C$2:$C$265) -> 0 | D10: =_xlfn.XLOOKUP(B10,'02_TrayPack_Order'!$A$2:$A$265,'02_TrayPack_Order'!$L$2:$L$265,0) -> 0 | E10: =SUMIF('13_Progress_Track'!$A$2:$A$108,B10,'13_Progress_Track'!$E$2:$E$108) -> 0 | F10: =IF(E10>(C10+D10),(E10-(C10+D10)),0) -> 0 | G10: =IF(F10>0,0,C10+D10-E10) -> 0 | H10: =_xlfn.IFNA(_xlfn.XLOOKUP(B10,'00_SKU_Master'!$B$2:$B$378,'00_SKU_Master'!$C$2:$C$378),"") -> 61121 | J10: =_xlfn.IFNA(_xlfn.XLOOKUP(B10,'00_SKU_Master'!B$2:B$378,'00_SKU_Master'!H$2:H$378,0),"") -> ST 3XP | K10: =_xlfn.IFNA(_xlfn.XLOOKUP(B10,'00_SKU_Master'!B$2:B$378,'00_SKU_Master'!K$2:K$378,0),"") -> Fast | L10: =_xlfn.XLOOKUP(B10,'00_SKU_Master'!$B$2:$B$378,'00_SKU_Master'!$D$2:$D$378) -> METRO | M10: =IF((C10-E10)<0,0,C10-E10) -> 0 | N10: =IFERROR(_xlfn.XLOOKUP(B10,'00_SKU_Master'!$B$2:$B$378,'00_SKU_Master'!$E$2:$E$378,""),"") -> Backbone | O10: =IFERROR(_xlfn.XLOOKUP(B10,'00_SKU_Master'!$B$2:$B$378,'00_SKU_Master'!$F$2:$F$378,0),0) -> 9.3701256 | P10: =IFERROR(_xlfn.XLOOKUP(N10,'00_Yield_Rates'!$B$2:$B$33,'00_Yield_Rates'!$E$2:$E$33,0)/100,0) -> 0 | Q10: =IF(AND(ISNUMBER(M10),ISNUMBER(O10)),M10*O10,0) -> 0 | R10: =IF(AND(ISNUMBER(Q10),P10>0),Q10/P10,0) -> 0 | S10: =IF(R10>0,ROUNDUP(R10/680,1),0) -> 0
A11: ='00_SKU_Master'!J103 -> MS BSC FFTF BSHB AC 3D PP | B11: ='00_SKU_Master'!B103 -> 1830 | C11: =_xlfn.XLOOKUP(B11,'02_TrayPack_Order'!$A$2:$A$265,'02_TrayPack_Order'!$C$2:$C$265) -> 24 | D11: =_xlfn.XLOOKUP(B11,'02_TrayPack_Order'!$A$2:$A$265,'02_TrayPack_Order'!$L$2:$L$265,0) -> 0 | E11: =SUMIF('13_Progress_Track'!$A$2:$A$108,B11,'13_Progress_Track'!$E$2:$E$108) -> 0 | F11: =IF(E11>(C11+D11),(E11-(C11+D11)),0) -> 0 | G11: =IF(F11>0,0,C11+D11-E11) -> 24 | H11: =_xlfn.IFNA(_xlfn.XLOOKUP(B11,'00_SKU_Master'!$B$2:$B$378,'00_SKU_Master'!$C$2:$C$378),"") -> 61050F | J11: =_xlfn.IFNA(_xlfn.XLOOKUP(B11,'00_SKU_Master'!B$2:B$378,'00_SKU_Master'!H$2:H$378,0),"") -> ST 3D | K11: =_xlfn.IFNA(_xlfn.XLOOKUP(B11,'00_SKU_Master'!B$2:B$378,'00_SKU_Master'!K$2:K$378,0),"") -> Fast | L11: =_xlfn.XLOOKUP(B11,'00_SKU_Master'!$B$2:$B$378,'00_SKU_Master'!$D$2:$D$378) -> FB | M11: =IF((C11-E11)<0,0,C11-E11) -> 24 | N11: =IFERROR(_xlfn.XLOOKUP(B11,'00_SKU_Master'!$B$2:$B$378,'00_SKU_Master'!$E$2:$E$378,""),"") -> BSB | O11: =IFERROR(_xlfn.XLOOKUP(B11,'00_SKU_Master'!$B$2:$B$378,'00_SKU_Master'!$F$2:$F$378,0),0) -> 3.5867374 | P11: =IFERROR(_xlfn.XLOOKUP(N11,'00_Yield_Rates'!$B$2:$B$33,'00_Yield_Rates'!$E$2:$E$33,0)/100,0) -> 0.31 | Q11: =IF(AND(ISNUMBER(M11),ISNUMBER(O11)),M11*O11,0) -> 86.081696 | R11: =IF(AND(ISNUMBER(Q11),P11>0),Q11/P11,0) -> 277.68289 | S11: =IF(R11>0,ROUNDUP(R11/680,1),0) -> 0.5
A12: ='00_SKU_Master'!J104 -> MS BSC FFTF FRY WOG TI AC 3XP PP | B12: ='00_SKU_Master'!B104 -> 1831 | C12: =_xlfn.XLOOKUP(B12,'02_TrayPack_Order'!$A$2:$A$265,'02_TrayPack_Order'!$C$2:$C$265) -> 119 | D12: =_xlfn.XLOOKUP(B12,'02_TrayPack_Order'!$A$2:$A$265,'02_TrayPack_Order'!$L$2:$L$265,0) -> 0 | E12: =SUMIF('13_Progress_Track'!$A$2:$A$108,B12,'13_Progress_Track'!$E$2:$E$108) -> 0 | F12: =IF(E12>(C12+D12),(E12-(C12+D12)),0) -> 0 | G12: =IF(F12>0,0,C12+D12-E12) -> 119 | H12: =_xlfn.IFNA(_xlfn.XLOOKUP(B12,'00_SKU_Master'!$B$2:$B$378,'00_SKU_Master'!$C$2:$C$378),"") -> 203021 | J12: =_xlfn.IFNA(_xlfn.XLOOKUP(B12,'00_SKU_Master'!B$2:B$378,'00_SKU_Master'!H$2:H$378,0),"") -> ST 3XP | K12: =_xlfn.IFNA(_xlfn.XLOOKUP(B12,'00_SKU_Master'!B$2:B$378,'00_SKU_Master'!K$2:K$378,0),"") -> Fast | L12: =_xlfn.XLOOKUP(B12,'00_SKU_Master'!$B$2:$B$378,'00_SKU_Master'!$D$2:$D$378) -> FB | M12: =IF((C12-E12)<0,0,C12-E12) -> 119 | N12: =IFERROR(_xlfn.XLOOKUP(B12,'00_SKU_Master'!$B$2:$B$378,'00_SKU_Master'!$E$2:$E$378,""),"") -> Whole Bird-Small | O12: =IFERROR(_xlfn.XLOOKUP(B12,'00_SKU_Master'!$B$2:$B$378,'00_SKU_Master'!$F$2:$F$378,0),0) -> 7.2381956 | P12: =IFERROR(_xlfn.XLOOKUP(N12,'00_Yield_Rates'!$B$2:$B$33,'00_Yield_Rates'!$E$2:$E$33,0)/100,0) -> 0 | Q12: =IF(AND(ISNUMBER(M12),ISNUMBER(O12)),M12*O12,0) -> 861.34527 | R12: =IF(AND(ISNUMBER(Q12),P12>0),Q12/P12,0) -> 0 | S12: =IF(R12>0,ROUNDUP(R12/680,1),0) -> 0
A13: ='00_SKU_Master'!J105 -> PB WING LT PP | B13: ='00_SKU_Master'!B105 -> 1837 | C13: =_xlfn.XLOOKUP(B13,'02_TrayPack_Order'!$A$2:$A$265,'02_TrayPack_Order'!$C$2:$C$265) -> 0 | D13: =_xlfn.XLOOKUP(B13,'02_TrayPack_Order'!$A$2:$A$265,'02_TrayPack_Order'!$L$2:$L$265,0) -> 0 | E13: =SUMIF('13_Progress_Track'!$A$2:$A$108,B13,'13_Progress_Track'!$E$2:$E$108) -> 0 | F13: =IF(E13>(C13+D13),(E13-(C13+D13)),0) -> 0 | G13: =IF(F13>0,0,C13+D13-E13) -> 0 | H13: =_xlfn.IFNA(_xlfn.XLOOKUP(B13,'00_SKU_Master'!$B$2:$B$378,'00_SKU_Master'!$C$2:$C$378),"") -> 61010 | J13: =_xlfn.IFNA(_xlfn.XLOOKUP(B13,'00_SKU_Master'!B$2:B$378,'00_SKU_Master'!H$2:H$378,0),"") -> LT 8XP | K13: =_xlfn.IFNA(_xlfn.XLOOKUP(B13,'00_SKU_Master'!B$2:B$378,'00_SKU_Master'!K$2:K$378,0),"") -> Fast | L13: =_xlfn.XLOOKUP(B13,'00_SKU_Master'!$B$2:$B$378,'00_SKU_Master'!$D$2:$D$378) -> FB | M13: =IF((C13-E13)<0,0,C13-E13) -> 0 | N13: =IFERROR(_xlfn.XLOOKUP(B13,'00_SKU_Master'!$B$2:$B$378,'00_SKU_Master'!$E$2:$E$378,""),"") -> Whole Wing-Large | O13: =IFERROR(_xlfn.XLOOKUP(B13,'00_SKU_Master'!$B$2:$B$378,'00_SKU_Master'!$F$2:$F$378,0),0) -> 0 | P13: =IFERROR(_xlfn.XLOOKUP(N13,'00_Yield_Rates'!$B$2:$B$33,'00_Yield_Rates'!$E$2:$E$33,0)/100,0) -> 0 | Q13: =IF(AND(ISNUMBER(M13),ISNUMBER(O13)),M13*O13,0) -> 0 | R13: =IF(AND(ISNUMBER(Q13),P13>0),Q13/P13,0) -> 0 | S13: =IF(R13>0,ROUNDUP(R13/680,1),0) -> 0
... A264: ='00_SKU_Master'!J356 -> MS ZH LCL FRY WOG AC TI BSK | B264: ='00_SKU_Master'!B356 -> 207128 | C264: =_xlfn.XLOOKUP(B264,'02_TrayPack_Order'!$A$2:$A$265,'02_TrayPack_Order'!$C$2:$C$265) -> 0 | D264: =_xlfn.XLOOKUP(B264,'02_TrayPack_Order'!$A$2:$A$265,'02_TrayPack_Order'!$L$2:$L$265,0) -> 0 | E264: =SUMIF('13_Progress_Track'!$A$2:$A$108,B264,'13_Progress_Track'!$E$2:$E$108) -> 0 | F264: =IF(E264>(C264+D264),(E264-(C264+D264)),0) -> 0 | G264: =IF(F264>0,0,C264+D264-E264) -> 0 | H264: =_xlfn.IFNA(_xlfn.XLOOKUP(B264,'00_SKU_Master'!$B$2:$B$378,'00_SKU_Master'!$C$2:$C$378),"") -> 203021 | J264: =_xlfn.IFNA(_xlfn.XLOOKUP(B264,'00_SKU_Master'!B$2:B$378,'00_SKU_Master'!H$2:H$378,0),"") -> ST 3XP | K264: =_xlfn.IFNA(_xlfn.XLOOKUP(B264,'00_SKU_Master'!B$2:B$378,'00_SKU_Master'!K$2:K$378,0),"") -> Fast | L264: =_xlfn.XLOOKUP(B264,'00_SKU_Master'!$B$2:$B$378,'00_SKU_Master'!$D$2:$D$378) -> LCL | M264: =IF((C264-E264)<0,0,C264-E264) -> 0 | N264: =IFERROR(_xlfn.XLOOKUP(B264,'00_SKU_Master'!$B$2:$B$378,'00_SKU_Master'!$E$2:$E$378,""),"") -> Whole Bird-Small | O264: =IFERROR(_xlfn.XLOOKUP(B264,'00_SKU_Master'!$B$2:$B$378,'00_SKU_Master'!$F$2:$F$378,0),0) -> 0 | P264: =IFERROR(_xlfn.XLOOKUP(N264,'00_Yield_Rates'!$B$2:$B$33,'00_Yield_Rates'!$E$2:$E$33,0)/100,0) -> 0 | Q264: =IF(AND(ISNUMBER(M264),ISNUMBER(O264)),M264*O264,0) -> 0 | R264: =IF(AND(ISNUMBER(Q264),P264>0),Q264/P264,0) -> 0 | S264: =IF(R264>0,ROUNDUP(R264/680,1),0) -> 0
N265: =IFERROR(_xlfn.XLOOKUP(B265,'00_SKU_Master'!$B$2:$B$378,'00_SKU_Master'!$E$2:$E$378,""),"") | O265: =IFERROR(_xlfn.XLOOKUP(B265,'00_SKU_Master'!$B$2:$B$378,'00_SKU_Master'!$F$2:$F$378,0),0) -> 0 | P265: =IFERROR(_xlfn.XLOOKUP(N265,'00_Yield_Rates'!$B$2:$B$33,'00_Yield_Rates'!$E$2:$E$33,0)/100,0) -> 0 | Q265: =IF(AND(ISNUMBER(M265),ISNUMBER(O265)),M265*O265,0) -> 0 | R265: =IF(AND(ISNUMBER(Q265),P265>0),Q265/P265,0) -> 0 | S265: =IF(R265>0,ROUNDUP(R265/680,1),0) -> 0
N266: =IFERROR(_xlfn.XLOOKUP(B266,'00_SKU_Master'!$B$2:$B$378,'00_SKU_Master'!$E$2:$E$378,""),"") | O266: =IFERROR(_xlfn.XLOOKUP(B266,'00_SKU_Master'!$B$2:$B$378,'00_SKU_Master'!$F$2:$F$378,0),0) -> 0 | P266: =IFERROR(_xlfn.XLOOKUP(N266,'00_Yield_Rates'!$B$2:$B$33,'00_Yield_Rates'!$E$2:$E$33,0)/100,0) -> 0 | Q266: =IF(AND(ISNUMBER(M266),ISNUMBER(O266)),M266*O266,0) -> 0 | R266: =IF(AND(ISNUMBER(Q266),P266>0),Q266/P266,0) -> 0 | S266: =IF(R266>0,ROUNDUP(R266/680,1),0) -> 0
N267: =IFERROR(_xlfn.XLOOKUP(B267,'00_SKU_Master'!$B$2:$B$378,'00_SKU_Master'!$E$2:$E$378,""),"") | O267: =IFERROR(_xlfn.XLOOKUP(B267,'00_SKU_Master'!$B$2:$B$378,'00_SKU_Master'!$F$2:$F$378,0),0) -> 0 | P267: =IFERROR(_xlfn.XLOOKUP(N267,'00_Yield_Rates'!$B$2:$B$33,'00_Yield_Rates'!$E$2:$E$33,0)/100,0) -> 0 | Q267: =IF(AND(ISNUMBER(M267),ISNUMBER(O267)),M267*O267,0) -> 0 | R267: =IF(AND(ISNUMBER(Q267),P267>0),Q267/P267,0) -> 0 | S267: =IF(R267>0,ROUNDUP(R267/680,1),0) -> 0
N268: =IFERROR(_xlfn.XLOOKUP(B268,'00_SKU_Master'!$B$2:$B$378,'00_SKU_Master'!$E$2:$E$378,""),"") | O268: =IFERROR(_xlfn.XLOOKUP(B268,'00_SKU_Master'!$B$2:$B$378,'00_SKU_Master'!$F$2:$F$378,0),0) -> 0 | P268: =IFERROR(_xlfn.XLOOKUP(N268,'00_Yield_Rates'!$B$2:$B$33,'00_Yield_Rates'!$E$2:$E$33,0)/100,0) -> 0 | Q268: =IF(AND(ISNUMBER(M268),ISNUMBER(O268)),M268*O268,0) -> 0 | R268: =IF(AND(ISNUMBER(Q268),P268>0),Q268/P268,0) -> 0 | S268: =IF(R268>0,ROUNDUP(R268/680,1),0) -> 0
N269: =IFERROR(_xlfn.XLOOKUP(B269,'00_SKU_Master'!$B$2:$B$378,'00_SKU_Master'!$E$2:$E$378,""),"") | O269: =IFERROR(_xlfn.XLOOKUP(B269,'00_SKU_Master'!$B$2:$B$378,'00_SKU_Master'!$F$2:$F$378,0),0) -> 0 | P269: =IFERROR(_xlfn.XLOOKUP(N269,'00_Yield_Rates'!$B$2:$B$33,'00_Yield_Rates'!$E$2:$E$33,0)/100,0) -> 0 | Q269: =IF(AND(ISNUMBER(M269),ISNUMBER(O269)),M269*O269,0) -> 0 | R269: =IF(AND(ISNUMBER(Q269),P269>0),Q269/P269,0) -> 0 | S269: =IF(R269>0,ROUNDUP(R269/680,1),0) -> 0
N270: =IFERROR(_xlfn.XLOOKUP(B270,'00_SKU_Master'!$B$2:$B$378,'00_SKU_Master'!$E$2:$E$378,""),"") | O270: =IFERROR(_xlfn.XLOOKUP(B270,'00_SKU_Master'!$B$2:$B$378,'00_SKU_Master'!$F$2:$F$378,0),0) -> 0 | P270: =IFERROR(_xlfn.XLOOKUP(N270,'00_Yield_Rates'!$B$2:$B$33,'00_Yield_Rates'!$E$2:$E$33,0)/100,0) -> 0 | Q270: =IF(AND(ISNUMBER(M270),ISNUMBER(O270)),M270*O270,0) -> 0 | R270: =IF(AND(ISNUMBER(Q270),P270>0),Q270/P270,0) -> 0 | S270: =IF(R270>0,ROUNDUP(R270/680,1),0) -> 0
N271: =IFERROR(_xlfn.XLOOKUP(B271,'00_SKU_Master'!$B$2:$B$378,'00_SKU_Master'!$E$2:$E$378,""),"") | O271: =IFERROR(_xlfn.XLOOKUP(B271,'00_SKU_Master'!$B$2:$B$378,'00_SKU_Master'!$F$2:$F$378,0),0) -> 0 | P271: =IFERROR(_xlfn.XLOOKUP(N271,'00_Yield_Rates'!$B$2:$B$33,'00_Yield_Rates'!$E$2:$E$33,0)/100,0) -> 0 | Q271: =IF(AND(ISNUMBER(M271),ISNUMBER(O271)),M271*O271,0) -> 0 | R271: =IF(AND(ISNUMBER(Q271),P271>0),Q271/P271,0) -> 0 | S271: =IF(R271>0,ROUNDUP(R271/680,1),0) -> 0
N272: =IFERROR(_xlfn.XLOOKUP(B272,'00_SKU_Master'!$B$2:$B$378,'00_SKU_Master'!$E$2:$E$378,""),"") | O272: =IFERROR(_xlfn.XLOOKUP(B272,'00_SKU_Master'!$B$2:$B$378,'00_SKU_Master'!$F$2:$F$378,0),0) -> 0 | P272: =IFERROR(_xlfn.XLOOKUP(N272,'00_Yield_Rates'!$B$2:$B$33,'00_Yield_Rates'!$E$2:$E$33,0)/100,0) -> 0 | Q272: =IF(AND(ISNUMBER(M272),ISNUMBER(O272)),M272*O272,0) -> 0 | R272: =IF(AND(ISNUMBER(Q272),P272>0),Q272/P272,0) -> 0 | S272: =IF(R272>0,ROUNDUP(R272/680,1),0) -> 0
N273: =IFERROR(_xlfn.XLOOKUP(B273,'00_SKU_Master'!$B$2:$B$378,'00_SKU_Master'!$E$2:$E$378,""),"") | O273: =IFERROR(_xlfn.XLOOKUP(B273,'00_SKU_Master'!$B$2:$B$378,'00_SKU_Master'!$F$2:$F$378,0),0) -> 0 | P273: =IFERROR(_xlfn.XLOOKUP(N273,'00_Yield_Rates'!$B$2:$B$33,'00_Yield_Rates'!$E$2:$E$33,0)/100,0) -> 0 | Q273: =IF(AND(ISNUMBER(M273),ISNUMBER(O273)),M273*O273,0) -> 0 | R273: =IF(AND(ISNUMBER(Q273),P273>0),Q273/P273,0) -> 0 | S273: =IF(R273>0,ROUNDUP(R273/680,1),0) -> 0
N274: =IFERROR(_xlfn.XLOOKUP(B274,'00_SKU_Master'!$B$2:$B$378,'00_SKU_Master'!$E$2:$E$378,""),"") | O274: =IFERROR(_xlfn.XLOOKUP(B274,'00_SKU_Master'!$B$2:$B$378,'00_SKU_Master'!$F$2:$F$378,0),0) -> 0 | P274: =IFERROR(_xlfn.XLOOKUP(N274,'00_Yield_Rates'!$B$2:$B$33,'00_Yield_Rates'!$E$2:$E$33,0)/100,0) -> 0 | Q274: =IF(AND(ISNUMBER(M274),ISNUMBER(O274)),M274*O274,0) -> 0 | R274: =IF(AND(ISNUMBER(Q274),P274>0),Q274/P274,0) -> 0 | S274: =IF(R274>0,ROUNDUP(R274/680,1),0) -> 0
N275: =IFERROR(_xlfn.XLOOKUP(B275,'00_SKU_Master'!$B$2:$B$378,'00_SKU_Master'!$E$2:$E$378,""),"") | O275: =IFERROR(_xlfn.XLOOKUP(B275,'00_SKU_Master'!$B$2:$B$378,'00_SKU_Master'!$F$2:$F$378,0),0) -> 0 | P275: =IFERROR(_xlfn.XLOOKUP(N275,'00_Yield_Rates'!$B$2:$B$33,'00_Yield_Rates'!$E$2:$E$33,0)/100,0) -> 0 | Q275: =IF(AND(ISNUMBER(M275),ISNUMBER(O275)),M275*O275,0) -> 0 | R275: =IF(AND(ISNUMBER(Q275),P275>0),Q275/P275,0) -> 0 | S275: =IF(R275>0,ROUNDUP(R275/680,1),0) -> 0
N276: =IFERROR(_xlfn.XLOOKUP(B276,'00_SKU_Master'!$B$2:$B$378,'00_SKU_Master'!$E$2:$E$378,""),"") | O276: =IFERROR(_xlfn.XLOOKUP(B276,'00_SKU_Master'!$B$2:$B$378,'00_SKU_Master'!$F$2:$F$378,0),0) -> 0 | P276: =IFERROR(_xlfn.XLOOKUP(N276,'00_Yield_Rates'!$B$2:$B$33,'00_Yield_Rates'!$E$2:$E$33,0)/100,0) -> 0 | Q276: =IF(AND(ISNUMBER(M276),ISNUMBER(O276)),M276*O276,0) -> 0 | R276: =IF(AND(ISNUMBER(Q276),P276>0),Q276/P276,0) -> 0 | S276: =IF(R276>0,ROUNDUP(R276/680,1),0) -> 0
... N328: =IFERROR(_xlfn.XLOOKUP(B328,'00_SKU_Master'!$B$2:$B$378,'00_SKU_Master'!$E$2:$E$378,""),"") | O328: =IFERROR(_xlfn.XLOOKUP(B328,'00_SKU_Master'!$B$2:$B$378,'00_SKU_Master'!$F$2:$F$378,0),0) -> 0 | P328: =IFERROR(_xlfn.XLOOKUP(N328,'00_Yield_Rates'!$B$2:$B$33,'00_Yield_Rates'!$E$2:$E$33,0)/100,0) -> 0 | Q328: =IF(AND(ISNUMBER(M328),ISNUMBER(O328)),M328*O328,0) -> 0 | R328: =IF(AND(ISNUMBER(Q328),P328>0),Q328/P328,0) -> 0 | S328: =IF(R328>0,ROUNDUP(R328/680,1),0) -> 0

Sheet 06_Resource_Plan
B1: Product Sub-Category | C1: Potential RAW SKU | D1: Cases of Raw Required | E1: Cases of Raw in Inventory | F1: Today's order Reqeust | G1: Next Order Request | J1: Supply# | K1: Cases of RAW Required | L1: Inventory | M1: Request
B2: =_xlfn.XLOOKUP(C2,'00_SKU_Master'!$B$2:$B$378,'00_SKU_Master'!J:J) -> #VALUE! | C2: 61010 | D2: =CEILING(SUMIF('00_SKU_Master'!$C$2:$C$378,C3,'00_SKU_Master'!S:S),1)/25 -> 0 | E2: =_xlfn.IFNA(_xlfn.XLOOKUP(C2,J:J,L:L),"0") -> 0 | F2: =D3-E3 -> -18 | G2: =SUMIF('02_TrayPack_Order'!M5:M257,C2,'02_TrayPack_Order'!T5:T257) -> #VALUE! | J2: 61086 | K2: 30 | L2: 22 | M2: 8
B3: =_xlfn.XLOOKUP(C3,'00_SKU_Master'!$B$2:$B$378,'00_SKU_Master'!J:J) -> #VALUE! | C3: 61014 | D3: =CEILING(SUMIF('00_SKU_Master'!$C$2:$C$378,C4,'00_SKU_Master'!S:S),1)/25 -> 0 | E3: =_xlfn.IFNA(_xlfn.XLOOKUP(C3,J:J,L:L),"0") -> 18 | F3: =D4-E4 -> 0 | G3: =SUMIF('02_TrayPack_Order'!M6:M258,C3,'02_TrayPack_Order'!T6:T258) -> #VALUE! | J3: 61072 | K3: 0 | L3: 0 | M3: 0
B4: =_xlfn.XLOOKUP(C4,'00_SKU_Master'!$B$2:$B$378,'00_SKU_Master'!J:J) -> #VALUE! | C4: 61018 | D4: =CEILING(SUMIF('00_SKU_Master'!$C$2:$C$378,C5,'00_SKU_Master'!S:S),1)/25 -> 0 | E4: =_xlfn.IFNA(_xlfn.XLOOKUP(C4,J:J,L:L),"0") -> 0 | F4: =D5-E5 -> 0 | G4: =SUMIF('02_TrayPack_Order'!M7:M259,C4,'02_TrayPack_Order'!T7:T259) -> 0 | J4: 61050 | K4: 0 | L4: 0 | M4: 0
B5: =_xlfn.XLOOKUP(C5,'00_SKU_Master'!$B$2:$B$378,'00_SKU_Master'!J:J) -> #VALUE! | C5: 61040 | D5: =CEILING(SUMIF('00_SKU_Master'!$C$2:$C$378,C6,'00_SKU_Master'!S:S),1)/25 -> 0 | E5: =_xlfn.IFNA(_xlfn.XLOOKUP(C5,J:J,L:L),"0") -> 0 | F5: =D6-E6 -> 0 | G5: =SUMIF('02_TrayPack_Order'!M8:M260,C5,'02_TrayPack_Order'!T8:T260) -> #VALUE! | J5: 61014 | K5: 112 | L5: 18 | M5: 94
B6: =_xlfn.XLOOKUP(C6,'00_SKU_Master'!$B$2:$B$378,'00_SKU_Master'!J:J) -> #VALUE! | C6: 61050 | D6: =CEILING(SUMIF('00_SKU_Master'!$C$2:$C$378,C7,'00_SKU_Master'!S:S),1)/25 -> 0 | E6: =_xlfn.IFNA(_xlfn.XLOOKUP(C6,J:J,L:L),"0") -> 0 | F6: =D7-E7 -> 0 | G6: =SUMIF('02_TrayPack_Order'!M9:M261,C6,'02_TrayPack_Order'!T9:T261) -> #VALUE! | J6: 61040 | K6: 0 | L6: 0 | M6: 0
B7: =_xlfn.XLOOKUP(C7,'00_SKU_Master'!$B$2:$B$378,'00_SKU_Master'!J:J) -> #VALUE! | C7: 61052 | D7: =CEILING(SUMIF('00_SKU_Master'!$C$2:$C$378,C8,'00_SKU_Master'!S:S),1)/25 -> 0 | E7: =_xlfn.IFNA(_xlfn.XLOOKUP(C7,J:J,L:L),"0") -> 0 | F7: =D8-E8 -> -2 | G7: =SUMIF('02_TrayPack_Order'!M10:M262,C7,'02_TrayPack_Order'!T10:T262) -> #VALUE! | J7: 61048 | K7: 0 | L7: 0 | M7: 0
B8: =_xlfn.XLOOKUP(C8,'00_SKU_Master'!$B$2:$B$378,'00_SKU_Master'!J:J) -> #VALUE! | C8: 61054 | D8: =CEILING(SUMIF('00_SKU_Master'!$C$2:$C$378,C9,'00_SKU_Master'!S:S),1)/25 -> 0 | E8: =_xlfn.IFNA(_xlfn.XLOOKUP(C8,J:J,L:L),"0") -> 2 | F8: =D9-E9 -> 0 | G8: =SUMIF('02_TrayPack_Order'!M11:M263,C8,'02_TrayPack_Order'!T11:T263) -> #VALUE! | J8: 61077 | K8: 214 | L8: 68 | M8: 146
B9: =_xlfn.XLOOKUP(C9,'00_SKU_Master'!$B$2:$B$378,'00_SKU_Master'!J:J) -> #VALUE! | C9: 61055 | D9: =CEILING(SUMIF('00_SKU_Master'!$C$2:$C$378,C10,'00_SKU_Master'!S:S),1)/25 -> 0 | E9: =_xlfn.IFNA(_xlfn.XLOOKUP(C9,J:J,L:L),"0") -> 0 | F9: =D10-E10 -> -47 | G9: =SUMIF('02_TrayPack_Order'!M12:M264,C9,'02_TrayPack_Order'!T12:T264) -> #VALUE! | J9: 61072F | K9: 153 | L9: 144 | M9: 9
B10: =_xlfn.XLOOKUP(C10,'00_SKU_Master'!$B$2:$B$378,'00_SKU_Master'!J:J) -> #VALUE! | C10: 61061 | D10: =CEILING(SUMIF('00_SKU_Master'!$C$2:$C$378,C11,'00_SKU_Master'!S:S),1)/25 -> 0 | E10: =_xlfn.IFNA(_xlfn.XLOOKUP(C10,J:J,L:L),"0") -> 47 | F10: =D11-E11 -> 0 | G10: =SUMIF('02_TrayPack_Order'!M13:M265,C10,'02_TrayPack_Order'!T13:T265) -> #VALUE! | J10: 61086F | K10: 271 | L10: 128 | M10: 143
B11: =_xlfn.XLOOKUP(C11,'00_SKU_Master'!$B$2:$B$378,'00_SKU_Master'!J:J) -> #VALUE! | C11: 61064 | D11: =CEILING(SUMIF('00_SKU_Master'!$C$2:$C$378,C12,'00_SKU_Master'!S:S),1)/25 -> 0 | E11: =_xlfn.IFNA(_xlfn.XLOOKUP(C11,J:J,L:L),"0") -> 0 | F11: =D12-E12 -> 0 | G11: =SUMIF('02_TrayPack_Order'!M14:M266,C11,'02_TrayPack_Order'!T14:T266) -> #VALUE! | J11: 61050F | K11: 1046 | L11: 67 | M11: 979
B12: =_xlfn.XLOOKUP(C12,'00_SKU_Master'!$B$2:$B$378,'00_SKU_Master'!J:J) -> #VALUE! | C12: 61062 | D12: =CEILING(SUMIF('00_SKU_Master'!$C$2:$C$378,C13,'00_SKU_Master'!S:S),1)/25 -> 0 | E12: =_xlfn.IFNA(_xlfn.XLOOKUP(C12,J:J,L:L),"0") -> 0 | F12: =D13-E13 -> 0 | G12: =SUMIF('02_TrayPack_Order'!M15:M267,C12,'02_TrayPack_Order'!T15:T267) -> 0 | J12: 61054 | K12: 15 | L12: 2 | M12: 13
B13: =_xlfn.XLOOKUP(C13,'00_SKU_Master'!$B$2:$B$378,'00_SKU_Master'!J:J) -> #VALUE! | C13: 61071 | D13: =CEILING(SUMIF('00_SKU_Master'!$C$2:$C$378,C14,'00_SKU_Master'!S:S),1)/25 -> 0 | E13: =_xlfn.IFNA(_xlfn.XLOOKUP(C13,J:J,L:L),"0") -> 0 | F13: =D14-E14 -> 0 | G13: =SUMIF('02_TrayPack_Order'!M16:M268,C13,'02_TrayPack_Order'!T16:T268) -> #VALUE! | J13: 61014F | K13: 144 | L13: 0 | M13: 144
B14: =_xlfn.XLOOKUP(C14,'00_SKU_Master'!$B$2:$B$378,'00_SKU_Master'!J:J) -> #VALUE! | C14: 61072 | D14: =CEILING(SUMIF('00_SKU_Master'!$C$2:$C$378,C15,'00_SKU_Master'!S:S),1)/25 -> 0 | E14: =_xlfn.IFNA(_xlfn.XLOOKUP(C14,J:J,L:L),"0") -> 0 | F14: =D15-E15 -> 0 | G14: =SUMIF('02_TrayPack_Order'!M17:M269,C14,'02_TrayPack_Order'!T17:T269) -> #VALUE! | J14: 61061F | K14: 12 | L14: 0 | M14: 12
B15: =_xlfn.XLOOKUP(C15,'00_SKU_Master'!$B$2:$B$378,'00_SKU_Master'!J:J) -> #VALUE! | C15: 61073 | D15: =CEILING(SUMIF('00_SKU_Master'!$C$2:$C$378,C16,'00_SKU_Master'!S:S),1)/25 -> 0 | E15: =_xlfn.IFNA(_xlfn.XLOOKUP(C15,J:J,L:L),"0") -> 0 | F15: =D16-E16 -> -68 | G15: =SUMIF('02_TrayPack_Order'!M18:M270,C15,'02_TrayPack_Order'!T18:T270) -> 0 | J15: 61052 | K15: 0 | L15: 0 | M15: 0
B16: =_xlfn.XLOOKUP(C16,'00_SKU_Master'!$B$2:$B$378,'00_SKU_Master'!J:J) -> #VALUE! | C16: 61077 | D16: =CEILING(SUMIF('00_SKU_Master'!$C$2:$C$378,C17,'00_SKU_Master'!S:S),1)/25 -> 0 | E16: =_xlfn.IFNA(_xlfn.XLOOKUP(C16,J:J,L:L),"0") -> 68 | F16: =D17-E17 -> -125 | G16: =SUMIF('02_TrayPack_Order'!M19:M271,C16,'02_TrayPack_Order'!T19:T271) -> #VALUE! | J16: 61078 | K16: 0 | L16: 125 | M16: -125
B17: =_xlfn.XLOOKUP(C17,'00_SKU_Master'!$B$2:$B$378,'00_SKU_Master'!J:J) -> #VALUE! | C17: 61078 | D17: =CEILING(SUMIF('00_SKU_Master'!$C$2:$C$378,C18,'00_SKU_Master'!S:S),1)/25 -> 0 | E17: =_xlfn.IFNA(_xlfn.XLOOKUP(C17,J:J,L:L),"0") -> 125 | F17: =D18-E18 -> -25 | G17: =SUMIF('02_TrayPack_Order'!M20:M272,C17,'02_TrayPack_Order'!T20:T272) -> #VALUE! | J17: 61050C | K17: 474 | L17: 168 | M17: 306
B18: =_xlfn.XLOOKUP(C18,'00_SKU_Master'!$B$2:$B$378,'00_SKU_Master'!J:J) -> #VALUE! | C18: 61082 | D18: =CEILING(SUMIF('00_SKU_Master'!$C$2:$C$378,C19,'00_SKU_Master'!S:S),1)/25 -> 0 | E18: =_xlfn.IFNA(_xlfn.XLOOKUP(C18,J:J,L:L),"0") -> 25 | F18: =D19-E19 -> -22 | G18: =SUMIF('02_TrayPack_Order'!M21:M273,C18,'02_TrayPack_Order'!T21:T273) -> #VALUE! | J18: 61086C | K18: 0 | L18: 0 | M18: 0
B19: =_xlfn.XLOOKUP(C19,'00_SKU_Master'!$B$2:$B$378,'00_SKU_Master'!J:J) -> #VALUE! | C19: 61086 | D19: =CEILING(SUMIF('00_SKU_Master'!$C$2:$C$378,C20,'00_SKU_Master'!S:S),1)/25 -> 0 | E19: =_xlfn.IFNA(_xlfn.XLOOKUP(C19,J:J,L:L),"0") -> 22 | F19: =D20-E20 -> -48 | G19: =SUMIF('02_TrayPack_Order'!M22:M274,C19,'02_TrayPack_Order'!T22:T274) -> #VALUE! | J19: 61072C | K19: 0 | L19: 0 | M19: 0
B20: =_xlfn.XLOOKUP(C20,'00_SKU_Master'!$B$2:$B$378,'00_SKU_Master'!J:J) -> #VALUE! | C20: 61104 | D20: =CEILING(SUMIF('00_SKU_Master'!$C$2:$C$378,C21,'00_SKU_Master'!S:S),1)/25 -> 0 | E20: =_xlfn.IFNA(_xlfn.XLOOKUP(C20,J:J,L:L),"0") -> 48 | F20: =D21-E21 -> 0 | G20: =SUMIF('02_TrayPack_Order'!M23:M275,C20,'02_TrayPack_Order'!T23:T275) -> #VALUE! | J20: 61014C | K20: 55 | L20: 0 | M20: 55
B21: =_xlfn.XLOOKUP(C21,'00_SKU_Master'!$B$2:$B$378,'00_SKU_Master'!J:J) -> #VALUE! | C21: 61121 | D21: =CEILING(SUMIF('00_SKU_Master'!$C$2:$C$378,C22,'00_SKU_Master'!S:S),1)/25 -> 0 | E21: =_xlfn.IFNA(_xlfn.XLOOKUP(C21,J:J,L:L),"0") -> 0 | F21: =D22-E22 -> 0 | G21: =SUMIF('02_TrayPack_Order'!M24:M276,C21,'02_TrayPack_Order'!T24:T276) -> 0 | J21: 61040#2 | K21: 73 | L21: 24 | M21: 49
B22: =_xlfn.XLOOKUP(C22,'00_SKU_Master'!$B$2:$B$378,'00_SKU_Master'!J:J) -> #VALUE! | C22: 200157 | D22: =CEILING(SUMIF('00_SKU_Master'!$C$2:$C$378,C23,'00_SKU_Master'!S:S),1)/25 -> 0 | E22: =_xlfn.IFNA(_xlfn.XLOOKUP(C22,J:J,L:L),"0") -> 0 | F22: =D23-E23 -> 0 | G22: =SUMIF('02_TrayPack_Order'!M25:M277,C22,'02_TrayPack_Order'!T25:T277) -> 0 | J22: 61048#2 | K22: 25 | L22: 0 | M22: 25
B23: =_xlfn.XLOOKUP(C23,'00_SKU_Master'!$B$2:$B$378,'00_SKU_Master'!J:J) -> #VALUE! | C23: 203043 | D23: =CEILING(SUMIF('00_SKU_Master'!$C$2:$C$378,C24,'00_SKU_Master'!S:S),1)/25 -> 0 | E23: =_xlfn.IFNA(_xlfn.XLOOKUP(C23,J:J,L:L),"0") -> 0 | F23: =D24-E24 -> 0 | G23: =SUMIF('02_TrayPack_Order'!M26:M278,C23,'02_TrayPack_Order'!T26:T278) -> 0 | J23: 61050#2 | K23: 123 | L23: 127 | M23: -4
B24: =_xlfn.XLOOKUP(C24,'00_SKU_Master'!$B$2:$B$378,'00_SKU_Master'!J:J) -> #VALUE! | C24: 203044 | D24: =CEILING(SUMIF('00_SKU_Master'!$C$2:$C$378,C25,'00_SKU_Master'!S:S),1)/25 -> 0 | E24: =_xlfn.IFNA(_xlfn.XLOOKUP(C24,J:J,L:L),"0") -> 0 | F24: =D25-E25 -> 0 | G24: =SUMIF('02_TrayPack_Order'!M27:M279,C24,'02_TrayPack_Order'!T27:T279) -> 0 | I24: 12 birds/totes | J24: 61061 | K24: 128 | L24: 47 | M24: 81
B25: =_xlfn.XLOOKUP(C25,'00_SKU_Master'!$B$2:$B$378,'00_SKU_Master'!J:J) -> #VALUE! | C25: 203891 | D25: =CEILING(SUMIF('00_SKU_Master'!$C$2:$C$378,C26,'00_SKU_Master'!S:S),1)/25 -> 0 | E25: =_xlfn.IFNA(_xlfn.XLOOKUP(C25,J:J,L:L),"0") -> 0 | F25: =D26-E26 -> 0 | G25: =SUMIF('02_TrayPack_Order'!M28:M280,C25,'02_TrayPack_Order'!T28:T280) -> #VALUE! | J25: 61082 | K25: 182 | L25: 25 | M25: 157
B26: =_xlfn.XLOOKUP(C26,'00_SKU_Master'!$B$2:$B$378,'00_SKU_Master'!J:J) -> #VALUE! | C26: 61014#2 | D26: =CEILING(SUMIF('00_SKU_Master'!$C$2:$C$378,C27,'00_SKU_Master'!S:S),1)/25 -> 0 | E26: =_xlfn.IFNA(_xlfn.XLOOKUP(C26,J:J,L:L),"0") -> 0 | F26: =D27-E27 -> 0 | G26: =SUMIF('02_TrayPack_Order'!M29:M281,C26,'02_TrayPack_Order'!T29:T281) -> #VALUE! | J26: 61086#2 | K26: 25 | L26: 13 | M26: 12
B27: =_xlfn.XLOOKUP(C27,'00_SKU_Master'!$B$2:$B$378,'00_SKU_Master'!J:J) -> #VALUE! | C27: 61014B | D27: =CEILING(SUMIF('00_SKU_Master'!$C$2:$C$378,C28,'00_SKU_Master'!S:S),1)/25 -> 0 | E27: =_xlfn.IFNA(_xlfn.XLOOKUP(C27,J:J,L:L),"0") -> 0 | F27: =D28-E28 -> 0 | G27: =SUMIF('02_TrayPack_Order'!M30:M282,C27,'02_TrayPack_Order'!T30:T282) -> 0 | J27: 61072#2 | K27: 105 | L27: 83 | M27: 22
B28: =_xlfn.XLOOKUP(C28,'00_SKU_Master'!$B$2:$B$378,'00_SKU_Master'!J:J) -> #VALUE! | C28: 61014C | D28: =CEILING(SUMIF('00_SKU_Master'!$C$2:$C$378,C29,'00_SKU_Master'!S:S),1)/25 -> 0 | E28: =_xlfn.IFNA(_xlfn.XLOOKUP(C28,J:J,L:L),"0") -> 0 | F28: =D29-E29 -> 0 | G28: =SUMIF('02_TrayPack_Order'!M31:M283,C28,'02_TrayPack_Order'!T31:T283) -> 0 | J28: 61010 | K28: 13 | L28: 0 | M28: 13
B29: =_xlfn.XLOOKUP(C29,'00_SKU_Master'!$B$2:$B$378,'00_SKU_Master'!J:J) -> #VALUE! | C29: 61014F | D29: =CEILING(SUMIF('00_SKU_Master'!$C$2:$C$378,C30,'00_SKU_Master'!S:S),1)/25 -> 0 | E29: =_xlfn.IFNA(_xlfn.XLOOKUP(C29,J:J,L:L),"0") -> 0 | F29: =D30-E30 -> -24 | G29: =SUMIF('02_TrayPack_Order'!M32:M284,C29,'02_TrayPack_Order'!T32:T284) -> #VALUE! | J29: 61104 | K29: 0 | L29: 48 | M29: -48
B30: =_xlfn.XLOOKUP(C30,'00_SKU_Master'!$B$2:$B$378,'00_SKU_Master'!J:J) -> #VALUE! | C30: 61040#2 | D30: =CEILING(SUMIF('00_SKU_Master'!$C$2:$C$378,C31,'00_SKU_Master'!S:S),1)/25 -> 0 | E30: =_xlfn.IFNA(_xlfn.XLOOKUP(C30,J:J,L:L),"0") -> 24 | F30: =D31-E31 -> 0 | G30: =SUMIF('02_TrayPack_Order'!M33:M285,C30,'02_TrayPack_Order'!T33:T285) -> #VALUE! | J30: 61121 | K30: 3 | L30: 0 | M30: 3
B31: =_xlfn.XLOOKUP(C31,'00_SKU_Master'!$B$2:$B$378,'00_SKU_Master'!J:J) -> #VALUE! | C31: 61048#2 | D31: =CEILING(SUMIF('00_SKU_Master'!$C$2:$C$378,C32,'00_SKU_Master'!S:S),1)/25 -> 0 | E31: =_xlfn.IFNA(_xlfn.XLOOKUP(C31,J:J,L:L),"0") -> 0 | F31: =D32-E32 -> -127 | G31: =SUMIF('02_TrayPack_Order'!M34:M286,C31,'02_TrayPack_Order'!T34:T286) -> #VALUE! | J31: 61014#2 | K31: 0 | L31: 0 | M31: 0
B32: =_xlfn.XLOOKUP(C32,'00_SKU_Master'!$B$2:$B$378,'00_SKU_Master'!J:J) -> #VALUE! | C32: 61050#2 | D32: =CEILING(SUMIF('00_SKU_Master'!$C$2:$C$378,C33,'00_SKU_Master'!S:S),1)/25 -> 0 | E32: =_xlfn.IFNA(_xlfn.XLOOKUP(C32,J:J,L:L),"0") -> 127 | F32: =D33-E33 -> -168 | G32: =SUMIF('02_TrayPack_Order'!M35:M287,C32,'02_TrayPack_Order'!T35:T287) -> #VALUE! | J32: 61055 | K32: 0 | L32: 0 | M32: 0
B33: =_xlfn.XLOOKUP(C33,'00_SKU_Master'!$B$2:$B$378,'00_SKU_Master'!J:J) -> #VALUE! | C33: 61050C | D33: =CEILING(SUMIF('00_SKU_Master'!$C$2:$C$378,C34,'00_SKU_Master'!S:S),1)/25 -> 0 | E33: =_xlfn.IFNA(_xlfn.XLOOKUP(C33,J:J,L:L),"0") -> 168 | F33: =D34-E34 -> -67 | G33: =SUMIF('02_TrayPack_Order'!M36:M288,C33,'02_TrayPack_Order'!T36:T288) -> #VALUE! | J33: 203043 | K33: 115 | L33: 0 | M33: 115
B34: =_xlfn.XLOOKUP(C34,'00_SKU_Master'!$B$2:$B$378,'00_SKU_Master'!J:J) -> #VALUE! | C34: 61050F | D34: =CEILING(SUMIF('00_SKU_Master'!$C$2:$C$378,C35,'00_SKU_Master'!S:S),1)/25 -> 0 | E34: =_xlfn.IFNA(_xlfn.XLOOKUP(C34,J:J,L:L),"0") -> 67 | F34: =D35-E35 -> 0 | G34: =SUMIF('02_TrayPack_Order'!M37:M289,C34,'02_TrayPack_Order'!T37:T289) -> #VALUE! | J34: 203891 | K34: 195 | L34: 0 | M34: 195
B35: =_xlfn.XLOOKUP(C35,'00_SKU_Master'!$B$2:$B$378,'00_SKU_Master'!J:J) -> #VALUE! | C35: 61061F | D35: =CEILING(SUMIF('00_SKU_Master'!$C$2:$C$378,C36,'00_SKU_Master'!S:S),1)/25 -> 0 | E35: =_xlfn.IFNA(_xlfn.XLOOKUP(C35,J:J,L:L),"0") -> 0 | F35: =D36-E36 -> -83 | G35: =SUMIF('02_TrayPack_Order'!M38:M290,C35,'02_TrayPack_Order'!T38:T290) -> 0 | J35: 203044 | K35: 0 | L35: 0 | M35: 0
B36: =_xlfn.XLOOKUP(C36,'00_SKU_Master'!$B$2:$B$378,'00_SKU_Master'!J:J) -> #VALUE! | C36: 61072#2 | D36: =CEILING(SUMIF('00_SKU_Master'!$C$2:$C$378,C37,'00_SKU_Master'!S:S),1)/25 -> 0 | E36: =_xlfn.IFNA(_xlfn.XLOOKUP(C36,J:J,L:L),"0") -> 83 | F36: =D37-E37 -> 0 | G36: =SUMIF('02_TrayPack_Order'!M39:M291,C36,'02_TrayPack_Order'!T39:T291) -> #VALUE! | J36: 203624 Fat ( 10 day ) | K36: 10 | L36: 0 | M36: 10
B37: =_xlfn.XLOOKUP(C37,'00_SKU_Master'!$B$2:$B$378,'00_SKU_Master'!J:J) -> #VALUE! | C37: 61072C | D37: =CEILING(SUMIF('00_SKU_Master'!$C$2:$C$378,C38,'00_SKU_Master'!S:S),1)/25 -> 0 | E37: =_xlfn.IFNA(_xlfn.XLOOKUP(C37,J:J,L:L),"0") -> 0 | F37: =D38-E38 -> -144 | G37: =SUMIF('02_TrayPack_Order'!M40:M292,C37,'02_TrayPack_Order'!T40:T292) -> 0 | J37: 423002 F Skin ( 273 day ) | K37: 150 | L37: 0 | M37: 150
B38: =_xlfn.XLOOKUP(C38,'00_SKU_Master'!$B$2:$B$378,'00_SKU_Master'!J:J) -> #VALUE! | C38: 61072F | D38: =CEILING(SUMIF('00_SKU_Master'!$C$2:$C$378,C39,'00_SKU_Master'!S:S),1)/25 -> 0 | E38: =_xlfn.IFNA(_xlfn.XLOOKUP(C38,J:J,L:L),"0") -> 144 | F38: =D39-E39 -> 0 | G38: =SUMIF('02_TrayPack_Order'!M41:M293,C38,'02_TrayPack_Order'!T41:T293) -> #VALUE! | J38: 61064 Cutlet by Pieces | K38: 440 | L38: 0 | M38: 440
B39: =_xlfn.XLOOKUP(C39,'00_SKU_Master'!$B$2:$B$378,'00_SKU_Master'!J:J) -> #VALUE! | C39: 61077F | D39: =CEILING(SUMIF('00_SKU_Master'!$C$2:$C$378,C40,'00_SKU_Master'!S:S),1)/25 -> 0 | E39: =_xlfn.IFNA(_xlfn.XLOOKUP(C39,J:J,L:L),"0") -> 0 | F39: =D40-E40 -> -13 | G39: =SUMIF('02_TrayPack_Order'!M42:M294,C39,'02_TrayPack_Order'!T42:T294) -> #VALUE! | J39: 200089 Combo ( 10 day) | K39: 0 | L39: 0 | M39: 0
B40: =_xlfn.XLOOKUP(C40,'00_SKU_Master'!$B$2:$B$378,'00_SKU_Master'!J:J) -> #VALUE! | C40: 61086#2 | D40: =CEILING(SUMIF('00_SKU_Master'!$C$2:$C$378,C41,'00_SKU_Master'!S:S),1)/25 -> 0 | E40: =_xlfn.IFNA(_xlfn.XLOOKUP(C40,J:J,L:L),"0") -> 13 | F40: =D41-E41 -> 0 | G40: =SUMIF('02_TrayPack_Order'!M43:M295,C40,'02_TrayPack_Order'!T43:T295) -> #VALUE! | J40: 203010 Fresh skin | K40: 0 | L40: 0 | M40: 0
B41: =_xlfn.XLOOKUP(C41,'00_SKU_Master'!$B$2:$B$378,'00_SKU_Master'!J:J) -> #VALUE! | C41: 61086C | D41: =CEILING(SUMIF('00_SKU_Master'!$C$2:$C$378,C42,'00_SKU_Master'!S:S),1)/25 -> 0 | E41: =_xlfn.IFNA(_xlfn.XLOOKUP(C41,J:J,L:L),"0") -> 0 | F41: =D42-E42 -> -128 | G41: =SUMIF('02_TrayPack_Order'!M44:M296,C41,'02_TrayPack_Order'!T44:T296) -> #VALUE!
B42: =_xlfn.XLOOKUP(C42,'00_SKU_Master'!$B$2:$B$378,'00_SKU_Master'!J:J) -> #VALUE! | C42: 61086F | D42: =CEILING(SUMIF('00_SKU_Master'!$C$2:$C$378,C43,'00_SKU_Master'!S:S),1)/25 -> 0 | E42: =_xlfn.IFNA(_xlfn.XLOOKUP(C42,J:J,L:L),"0") -> 128 | F42: =D43-E43 -> 0 | G42: =SUMIF('02_TrayPack_Order'!M45:M297,C42,'02_TrayPack_Order'!T45:T297) -> #VALUE!

Sheet 07_Labor_Calc
A1: Sku | B1: STD | C1: SKU | D1: Absolute High Weight | F1: Total Earned Hr | G1: =SUM(P3:P150) -> #NAME?
A2: 260 | B2: 109.6 | C2: 213 | D2: 6 | F2: Will make | G2: =G3/((G16-F16)*24)*8 -> 0 | H2: =SUM(O3:O301) -> 0 | J2: CODE | K2: WIP CODE | L2: Case | M2: Total KGs | N2: AVG | O2: STD | P2: Earned Hours | Q2: AVG KG | R2: time | S2: Different | T2: Code | U2: Description | V2: Planned | W2: Require | X2: Produced | Y2: Diff | Z2: Net WT | AA2: Gross WT | AB2: % Tare | AC2: Under | AD2: Over | AE2: At Time
A3: 331 | B3: 32.31 | C3: 207104 | D3: 5 | F3: Total Cases | G3: =SUM(O3:O301) -> 0 | H3: =SUM(O150:O300) -> 0 | J3: =T3 -> 0 | K3: 0 | L3: =IFERROR(M3/25,"") -> 0 | M3: =IF(ISNUMBER(P3),Z3,0) -> 0 | N3: 0 | O3: =IF(ISNUMBER(P3),X3,0) -> 0 | P3: =_xludf.IFNA(Z3/_xlfn.XLOOKUP(T3,$A$2:$A$624,$B$2:$B$624,""),"") -> #NAME? | Q3: =IFERROR(M3/O3,"-") -> - | R3: =IF(ISNUMBER(P3),AE3,0) -> 0 | S3: =IFERROR((N3/Q3),"-") -> -
A4: 484 | B4: 47.38 | C4: 7174 | D4: 10 | F4: AVG weight | G4: =IFERROR(G5/H2,"") | H4: =SUM(N150:N300) -> 0 | J4: =T4 -> 0 | K4: 0 | L4: =IFERROR(M4/25,"") -> 0 | M4: =IF(ISNUMBER(P4),Z4,0) -> 0 | N4: 0 | O4: =IF(ISNUMBER(P4),X4,0) -> 0 | P4: =_xludf.IFNA(Z4/_xlfn.XLOOKUP(T4,$A$2:$A$624,$B$2:$B$624,""),"") -> #NAME? | Q4: =IFERROR(M4/O4,"-") -> - | R4: =IF(ISNUMBER(P4),AE4,0) -> 0 | S4: =IFERROR((N4/Q4),"-") -> -
A5: 784 | B5: 17.92 | C5: 7175 | D5: 17 | F5: Total KGs | G5: =SUM(M3:M150) -> 0 | J5: =T5 -> 0 | K5: 0 | L5: =IFERROR(M5/25,"") -> 0 | M5: =IF(ISNUMBER(P5),Z5,0) -> 0 | N5: 0 | O5: =IF(ISNUMBER(P5),X5,0) -> 0 | P5: =_xludf.IFNA(Z5/_xlfn.XLOOKUP(T5,$A$2:$A$624,$B$2:$B$624,""),"") -> #NAME? | Q5: =IFERROR(M5/O5,"-") -> - | R5: =IF(ISNUMBER(P5),AE5,0) -> 0 | S5: =IFERROR((N5/Q5),"-") -> -
A6: 1023 | B6: 47.38 | C6: 262 | D6: 9.24 | F6: Case/Hours | G6: =IFERROR(G3/SUM(H13:H16),"-") -> 0 | J6: =T6 -> 0 | K6: 0 | L6: =IFERROR(M6/25,"") -> 0 | M6: =IF(ISNUMBER(P6),Z6,0) -> 0 | N6: 0 | O6: =IF(ISNUMBER(P6),X6,0) -> 0 | P6: =_xludf.IFNA(Z6/_xlfn.XLOOKUP(T6,$A$2:$A$624,$B$2:$B$624,""),"") -> #NAME? | Q6: =IFERROR(M6/O6,"-") -> - | R6: =IF(ISNUMBER(P6),AE6,0) -> 0 | S6: =IFERROR((N6/Q6),"-") -> -
A7: 1830 | B7: 56.51 | C7: 263 | D7: 8.58 | F7: Efficiency | G7: =IFERROR(G1/SUM(H14:H16),"-") -> - | H7: =IFERROR(SUM(P150:P300)/SUM(H13:H14),"-") -> - | J7: =T7 -> 0 | K7: 0 | L7: =IFERROR(M7/25,"") -> 0 | M7: =IF(ISNUMBER(P7),Z7,0) -> 0 | N7: 0 | O7: =IF(ISNUMBER(P7),X7,0) -> 0 | P7: =_xludf.IFNA(Z7/_xlfn.XLOOKUP(T7,$A$2:$A$624,$B$2:$B$624,""),"") -> #NAME? | Q7: =IFERROR(M7/O7,"-") -> - | R7: =IF(ISNUMBER(P7),AE7,0) -> 0 | S7: =IFERROR((N7/Q7),"-") -> -
A8: 1831 | B8: 131.17 | C8: 264 | D8: 10.56 | F8: Fill Rate | G8: =IFERROR(G5/G4,"-") -> - | H8: =IFERROR(H5/H4,"-") -> - | J8: =T8 -> 0 | K8: 0 | L8: =IFERROR(M8/25,"") -> 0 | M8: =IF(ISNUMBER(P8),Z8,0) -> 0 | N8: 0 | O8: =IF(ISNUMBER(P8),X8,0) -> 0 | P8: =_xludf.IFNA(Z8/_xlfn.XLOOKUP(T8,$A$2:$A$624,$B$2:$B$624,""),"") -> #NAME? | Q8: =IFERROR(M8/O8,"-") -> - | R8: =IF(ISNUMBER(P8),AE8,0) -> 0 | S8: =IFERROR((N8/Q8),"-") -> -
A9: 1876 | B9: 72.73 | C9: 265 | D9: 9.24 | J9: =T9 -> 0 | K9: 0 | L9: =IFERROR(M9/25,"") -> 0 | M9: =IF(ISNUMBER(P9),Z9,0) -> 0 | N9: 0 | O9: =IF(ISNUMBER(P9),X9,0) -> 0 | P9: =_xludf.IFNA(Z9/_xlfn.XLOOKUP(T9,$A$2:$A$624,$B$2:$B$624,""),"") -> #NAME? | Q9: =IFERROR(M9/O9,"-") -> - | R9: =IF(ISNUMBER(P9),AE9,0) -> 0 | S9: =IFERROR((N9/Q9),"-") -> -
A10: 1877 | B10: 57.23 | C10: 266 | D10: 7.92 | E10: NO. of EE | F10: Start Time | G10: End Time | H10: Total Time | J10: =T10 -> 0 | K10: 0 | L10: =IFERROR(M10/25,"") -> 0 | M10: =IF(ISNUMBER(P10),Z10,0) -> 0 | N10: 0 | O10: =IF(ISNUMBER(P10),X10,0) -> 0 | P10: =_xludf.IFNA(Z10/_xlfn.XLOOKUP(T10,$A$2:$A$624,$B$2:$B$624,""),"") -> #NAME? | Q10: =IFERROR(M10/O10,"-") -> - | R10: =IF(ISNUMBER(P10),AE10,0) -> 0 | S10: =IFERROR((N10/Q10),"-") -> -
A11: 200168 | B11: 89.74 | C11: 267 | D11: 5.94 | F11: 0.5 | G11: 0.54166667 | H11: =IFERROR(((G11-F11)-INT(G11-F11))*24*E11,"-") -> 0 | J11: =T11 -> 0 | K11: 0 | L11: =IFERROR(M11/25,"") -> 0 | M11: =IF(ISNUMBER(P11),Z11,0) -> 0 | N11: 0 | O11: =IF(ISNUMBER(P11),X11,0) -> 0 | P11: =_xludf.IFNA(Z11/_xlfn.XLOOKUP(T11,$A$2:$A$624,$B$2:$B$624,""),"") -> #NAME? | Q11: =IFERROR(M11/O11,"-") -> - | R11: =IF(ISNUMBER(P11),AE11,0) -> 0 | S11: =IFERROR((N11/Q11),"-") -> -
A12: 200703 | B12: 75.65 | C12: 268 | D12: 9.9 | F12: 0.27083333 | G12: 0.60416667 | H12: =IFERROR(((G12-F12)-INT(G12-F12))*24*E12,"-") -> 0 | J12: =T12 -> 0 | K12: 0 | L12: =IFERROR(M12/25,"") -> 0 | M12: =IF(ISNUMBER(P12),Z12,0) -> 0 | N12: 0 | O12: =IF(ISNUMBER(P12),X12,0) -> 0 | P12: =_xludf.IFNA(Z12/_xlfn.XLOOKUP(T12,$A$2:$A$624,$B$2:$B$624,""),"") -> #NAME? | Q12: =IFERROR(M12/O12,"-") -> - | R12: =IF(ISNUMBER(P12),AE12,0) -> 0 | S12: =IFERROR((N12/Q12),"-") -> -
A13: 200704 | B13: 130.09 | C13: 269 | D13: 9.24 | F13: 0.29166667 | G13: 0.33333333 | H13: =IFERROR(((G13-F13)-INT(G13-F13))*24*E13,"-") -> 0 | J13: =T13 -> 0 | K13: 0 | L13: =IFERROR(M13/25,"") -> 0 | M13: =IF(ISNUMBER(P13),Z13,0) -> 0 | N13: 0 | O13: =IF(ISNUMBER(P13),X13,0) -> 0 | P13: =_xludf.IFNA(Z13/_xlfn.XLOOKUP(T13,$A$2:$A$624,$B$2:$B$624,""),"") -> #NAME? | Q13: =IFERROR(M13/O13,"-") -> - | R13: =IF(ISNUMBER(P13),AE13,0) -> 0 | S13: =IFERROR((N13/Q13),"-") -> -
A14: 200705 | B14: 70.32 | C14: 270 | D14: 9.24 | F14: 0.29166667 | G14: 0.33333333 | H14: =IFERROR(((G14-F14)-INT(G14-F14))*24*E14,"-") -> 0 | J14: =T14 -> 0 | K14: 0 | L14: =IFERROR(M14/25,"") -> 0 | M14: =IF(ISNUMBER(P14),Z14,0) -> 0 | N14: 0 | O14: =IF(ISNUMBER(P14),X14,0) -> 0 | P14: =_xludf.IFNA(Z14/_xlfn.XLOOKUP(T14,$A$2:$A$624,$B$2:$B$624,""),"") -> #NAME? | Q14: =IFERROR(M14/O14,"-") -> - | R14: =IF(ISNUMBER(P14),AE14,0) -> 0 | S14: =IFERROR((N14/Q14),"-") -> -
A15: 200706 | B15: 25.34 | C15: 276 | D15: 12 | F15: 0.52083333 | G15: =IF(VALUE(NOW()-TODAY())<VALUE(0.82292),VALUE(NOW()-TODAY()),VALUE(NOW()-TODAY())-0.021) -> 0.36705451 | H15: =IFERROR(((G15-F15)-INT(G15-F15))*24*E15,"-") -> 0 | J15: =T15 -> 0 | K15: 0 | L15: =IFERROR(M15/25,"") -> 0 | M15: =IF(ISNUMBER(P15),Z15,0) -> 0 | N15: 0 | O15: =IF(ISNUMBER(P15),X15,0) -> 0 | P15: =_xludf.IFNA(Z15/_xlfn.XLOOKUP(T15,$A$2:$A$624,$B$2:$B$624,""),"") -> #NAME? | Q15: =IFERROR(M15/O15,"-") -> - | R15: =IF(ISNUMBER(P15),AE15,0) -> 0 | S15: =IFERROR((N15/Q15),"-") -> -
A16: 200707 | B16: 51.14 | C16: 278 | D16: 10 | E16: 106 | F16: 0.29166667 | G16: =IF(VALUE(NOW()-TODAY())<VALUE(0.82292),VALUE(NOW()-TODAY()),VALUE(NOW()-TODAY())-0.021) -> 0.36705451 | H16: =IFERROR(((G16-F16)-INT(G16-F16))*24*E16,"-") -> 191.78668 | J16: =T16 -> 0 | K16: 0 | L16: =IFERROR(M16/25,"") -> 0 | M16: =IF(ISNUMBER(P16),Z16,0) -> 0 | N16: 0 | O16: =IF(ISNUMBER(P16),X16,0) -> 0 | P16: =_xludf.IFNA(Z16/_xlfn.XLOOKUP(T16,$A$2:$A$624,$B$2:$B$624,""),"") -> #NAME? | Q16: =IFERROR(M16/O16,"-") -> - | R16: =IF(ISNUMBER(P16),AE16,0) -> 0 | S16: =IFERROR((N16/Q16),"-") -> -
A17: 200709 | B17: 75.65 | C17: 281 | D17: 9.24 | J17: =T17 -> 0 | K17: 0 | L17: =IFERROR(M17/25,"") -> 0 | M17: =IF(ISNUMBER(P17),Z17,0) -> 0 | N17: 0 | O17: =IF(ISNUMBER(P17),X17,0) -> 0 | P17: =_xludf.IFNA(Z17/_xlfn.XLOOKUP(T17,$A$2:$A$624,$B$2:$B$624,""),"") -> #NAME? | Q17: =IFERROR(M17/O17,"-") -> - | R17: =IF(ISNUMBER(P17),AE17,0) -> 0 | S17: =IFERROR((N17/Q17),"-") -> -
A18: 200710 | B18: 130.09 | C18: 282 | D18: 10.56 | J18: =T18 -> 0 | K18: 0 | L18: =IFERROR(M18/25,"") -> 0 | M18: =IF(ISNUMBER(P18),Z18,0) -> 0 | N18: 0 | O18: =IF(ISNUMBER(P18),X18,0) -> 0 | P18: =_xludf.IFNA(Z18/_xlfn.XLOOKUP(T18,$A$2:$A$624,$B$2:$B$624,""),"") -> #NAME? | Q18: =IFERROR(M18/O18,"-") -> - | R18: =IF(ISNUMBER(P18),AE18,0) -> 0 | S18: =IFERROR((N18/Q18),"-") -> -
A19: 200711 | B19: 70.32 | C19: 283 | D19: 13.64 | J19: =T19 -> 0 | K19: 0 | L19: =IFERROR(M19/25,"") -> 0 | M19: =IF(ISNUMBER(P19),Z19,0) -> 0 | N19: 0 | O19: =IF(ISNUMBER(P19),X19,0) -> 0 | P19: =_xludf.IFNA(Z19/_xlfn.XLOOKUP(T19,$A$2:$A$624,$B$2:$B$624,""),"") -> #NAME? | Q19: =IFERROR(M19/O19,"-") -> - | R19: =IF(ISNUMBER(P19),AE19,0) -> 0 | S19: =IFERROR((N19/Q19),"-") -> -
A20: 200712 | B20: 25.34 | C20: 284 | D20: 15.84 | J20: =T20 -> 0 | K20: 0 | L20: =IFERROR(M20/25,"") -> 0 | M20: =IF(ISNUMBER(P20),Z20,0) -> 0 | N20: 0 | O20: =IF(ISNUMBER(P20),X20,0) -> 0 | P20: =_xludf.IFNA(Z20/_xlfn.XLOOKUP(T20,$A$2:$A$624,$B$2:$B$624,""),"") -> #NAME? | Q20: =IFERROR(M20/O20,"-") -> - | R20: =IF(ISNUMBER(P20),AE20,0) -> 0 | S20: =IFERROR((N20/Q20),"-") -> -
A21: 200713 | B21: 51.14 | C21: 285 | D21: 15.84 | J21: =T21 -> 0 | K21: 0 | L21: =IFERROR(M21/25,"") -> 0 | M21: =IF(ISNUMBER(P21),Z21,0) -> 0 | N21: 0 | O21: =IF(ISNUMBER(P21),X21,0) -> 0 | P21: =_xludf.IFNA(Z21/_xlfn.XLOOKUP(T21,$A$2:$A$624,$B$2:$B$624,""),"") -> #NAME? | Q21: =IFERROR(M21/O21,"-") -> - | R21: =IF(ISNUMBER(P21),AE21,0) -> 0 | S21: =IFERROR((N21/Q21),"-") -> -
A22: 200714 | B22: 29.13 | C22: 286 | D22: 10.56 | J22: =T22 -> 0 | K22: 0 | L22: =IFERROR(M22/25,"") -> 0 | M22: =IF(ISNUMBER(P22),Z22,0) -> 0 | N22: 0 | O22: =IF(ISNUMBER(P22),X22,0) -> 0 | P22: =_xludf.IFNA(Z22/_xlfn.XLOOKUP(T22,$A$2:$A$624,$B$2:$B$624,""),"") -> #NAME? | Q22: =IFERROR(M22/O22,"-") -> - | R22: =IF(ISNUMBER(P22),AE22,0) -> 0 | S22: =IFERROR((N22/Q22),"-") -> -
A23: 200715 | B23: 144.32 | C23: 287 | D23: 10.4 | J23: =T23 -> 0 | K23: 0 | L23: =IFERROR(M23/25,"") -> 0 | M23: =IF(ISNUMBER(P23),Z23,0) -> 0 | N23: 0 | O23: =IF(ISNUMBER(P23),X23,0) -> 0 | P23: =_xludf.IFNA(Z23/_xlfn.XLOOKUP(T23,$A$2:$A$624,$B$2:$B$624,""),"") -> #NAME? | Q23: =IFERROR(M23/O23,"-") -> - | R23: =IF(ISNUMBER(P23),AE23,0) -> 0 | S23: =IFERROR((N23/Q23),"-") -> -
A24: 200716 | B24: 72.03 | C24: 288 | D24: 8.4 | J24: =T24 -> 0 | K24: 0 | L24: =IFERROR(M24/25,"") -> 0 | M24: =IF(ISNUMBER(P24),Z24,0) -> 0 | N24: 0 | O24: =IF(ISNUMBER(P24),X24,0) -> 0 | P24: =_xludf.IFNA(Z24/_xlfn.XLOOKUP(T24,$A$2:$A$624,$B$2:$B$624,""),"") -> #NAME? | Q24: =IFERROR(M24/O24,"-") -> - | R24: =IF(ISNUMBER(P24),AE24,0) -> 0 | S24: =IFERROR((N24/Q24),"-") -> -
A25: 200717 | B25: 58.08 | C25: 289 | D25: 10.56 | J25: =T25 -> 0 | K25: 0 | L25: =IFERROR(M25/25,"") -> 0 | M25: =IF(ISNUMBER(P25),Z25,0) -> 0 | N25: 0 | O25: =IF(ISNUMBER(P25),X25,0) -> 0 | P25: =_xludf.IFNA(Z25/_xlfn.XLOOKUP(T25,$A$2:$A$624,$B$2:$B$624,""),"") -> #NAME? | Q25: =IFERROR(M25/O25,"-") -> - | R25: =IF(ISNUMBER(P25),AE25,0) -> 0 | S25: =IFERROR((N25/Q25),"-") -> -
A26: 200724 | B26: 51.47 | C26: 290 | D26: 10.56 | J26: =T26 -> 0 | K26: 0 | L26: =IFERROR(M26/25,"") -> 0 | M26: =IF(ISNUMBER(P26),Z26,0) -> 0 | N26: 0 | O26: =IF(ISNUMBER(P26),X26,0) -> 0 | P26: =_xludf.IFNA(Z26/_xlfn.XLOOKUP(T26,$A$2:$A$624,$B$2:$B$624,""),"") -> #NAME? | Q26: =IFERROR(M26/O26,"-") -> - | R26: =IF(ISNUMBER(P26),AE26,0) -> 0 | S26: =IFERROR((N26/Q26),"-") -> -
A27: 201851 | B27: 42.09 | C27: 7173 | D27: 15 | J27: =T27 -> 0 | K27: 0 | L27: =IFERROR(M27/25,"") -> 0 | M27: =IF(ISNUMBER(P27),Z27,0) -> 0 | N27: 0 | O27: =IF(ISNUMBER(P27),X27,0) -> 0 | P27: =_xludf.IFNA(Z27/_xlfn.XLOOKUP(T27,$A$2:$A$624,$B$2:$B$624,""),"") -> #NAME? | Q27: =IFERROR(M27/O27,"-") -> - | R27: =IF(ISNUMBER(P27),AE27,0) -> 0 | S27: =IFERROR((N27/Q27),"-") -> -
A28: 201853 | B28: 62.66 | C28: 293 | D28: 9.24 | J28: =T28 -> 0 | K28: 0 | L28: =IFERROR(M28/25,"") -> 0 | M28: =IF(ISNUMBER(P28),Z28,0) -> 0 | N28: 0 | O28: =IF(ISNUMBER(P28),X28,0) -> 0 | P28: =_xludf.IFNA(Z28/_xlfn.XLOOKUP(T28,$A$2:$A$624,$B$2:$B$624,""),"") -> #NAME? | Q28: =IFERROR(M28/O28,"-") -> - | R28: =IF(ISNUMBER(P28),AE28,0) -> 0 | S28: =IFERROR((N28/Q28),"-") -> -
... A33: 2044 | B33: 56.92 | C33: 306 | D33: 15 | J33: =T33 -> 0 | K33: 0 | L33: =IFERROR(M33/25,"") -> 0 | M33: =IF(ISNUMBER(P33),Z33,0) -> 0 | N33: 0 | O33: =IF(ISNUMBER(P33),X33,0) -> 0 | P33: =_xludf.IFNA(Z33/_xlfn.XLOOKUP(T33,$A$2:$A$624,$B$2:$B$624,""),"") -> #NAME? | Q33: =IFERROR(M33/O33,"-") -> - | R33: =IF(ISNUMBER(P33),AE33,0) -> 0 | S33: =IFERROR((N33/Q33),"-") -> -
A34: 2047 | B34: 35.1 | C34: 307 | D34: 14 | J34: =T34 -> 0 | K34: 0 | L34: =IFERROR(M34/25,"") -> 0 | M34: =IF(ISNUMBER(P34),Z34,0) -> 0 | N34: =_xlfn.XLOOKUP(J34,C:C,D:D) -> #N/A | O34: =IF(ISNUMBER(P34),X34,0) -> 0 | P34: =_xludf.IFNA(Z34/_xlfn.XLOOKUP(T34,$A$2:$A$624,$B$2:$B$624,""),"") -> #NAME? | Q34: =IFERROR(M34/O34,"-") -> - | R34: =IF(ISNUMBER(P34),AE34,0) -> 0 | S34: =IFERROR((N34/Q34),"-") -> -
A35: 2060 | B35: 44.6 | C35: 311 | D35: 15 | J35: =T35 -> 0 | K35: 0 | L35: =IFERROR(M35/25,"") -> 0 | M35: =IF(ISNUMBER(P35),Z35,0) -> 0 | N35: 0 | O35: =IF(ISNUMBER(P35),X35,0) -> 0 | P35: =_xludf.IFNA(Z35/_xlfn.XLOOKUP(T35,$A$2:$A$624,$B$2:$B$624,""),"") -> #NAME? | Q35: =IFERROR(M35/O35,"-") -> - | R35: =IF(ISNUMBER(P35),AE35,0) -> 0 | S35: =IFERROR((N35/Q35),"-") -> -
A36: 2061 | B36: 52.81 | C36: 320 | D36: 9.2 | J36: =T36 -> 0 | K36: 0 | L36: =IFERROR(M36/25,"") -> 0 | M36: =IF(ISNUMBER(P36),Z36,0) -> 0 | N36: 0 | O36: =IF(ISNUMBER(P36),X36,0) -> 0 | P36: =_xludf.IFNA(Z36/_xlfn.XLOOKUP(T36,$A$2:$A$624,$B$2:$B$624,""),"") -> #NAME? | Q36: =IFERROR(M36/O36,"-") -> - | R36: =IF(ISNUMBER(P36),AE36,0) -> 0 | S36: =IFERROR((N36/Q36),"-") -> -
A37: 2062 | B37: 92.66 | C37: 323 | D37: 16 | J37: =T37 -> 0 | K37: 0 | L37: =IFERROR(M37/25,"") -> 0 | M37: =IF(ISNUMBER(P37),Z37,0) -> 0 | N37: 0 | O37: =IF(ISNUMBER(P37),X37,0) -> 0 | P37: =_xludf.IFNA(Z37/_xlfn.XLOOKUP(T37,$A$2:$A$624,$B$2:$B$624,""),"") -> #NAME? | Q37: =IFERROR(M37/O37,"-") -> - | R37: =IF(ISNUMBER(P37),AE37,0) -> 0 | S37: =IFERROR((N37/Q37),"-") -> -
A38: 2063 | B38: 131.02 | C38: 324 | D38: 12.8 | J38: =T38 -> 0 | K38: 0 | L38: =IFERROR(M38/25,"") -> 0 | M38: =IF(ISNUMBER(P38),Z38,0) -> 0 | N38: 0 | O38: =IF(ISNUMBER(P38),X38,0) -> 0 | P38: =_xludf.IFNA(Z38/_xlfn.XLOOKUP(T38,$A$2:$A$624,$B$2:$B$624,""),"") -> #NAME? | Q38: =IFERROR(M38/O38,"-") -> - | R38: =IF(ISNUMBER(P38),AE38,0) -> 0 | S38: =IFERROR((N38/Q38),"-") -> -
A39: 2064 | B39: 61.57 | C39: 325 | D39: 12 | J39: =T39 -> 0 | K39: 0 | L39: =IFERROR(M39/25,"") -> 0 | M39: =IF(ISNUMBER(P39),Z39,0) -> 0 | N39: 0 | O39: =IF(ISNUMBER(P39),X39,0) -> 0 | P39: =_xludf.IFNA(Z39/_xlfn.XLOOKUP(T39,$A$2:$A$624,$B$2:$B$624,""),"") -> #NAME? | Q39: =IFERROR(M39/O39,"-") -> - | R39: =IF(ISNUMBER(P39),AE39,0) -> 0 | S39: =IFERROR((N39/Q39),"-") -> -
A40: 2065 | B40: 26.74 | C40: 329 | D40: 16 | J40: =T40 -> 0 | K40: 0 | L40: =IFERROR(M40/25,"") -> 0 | M40: =IF(ISNUMBER(P40),Z40,0) -> 0 | N40: 0 | O40: =IF(ISNUMBER(P40),X40,0) -> 0 | P40: =_xludf.IFNA(Z40/_xlfn.XLOOKUP(T40,$A$2:$A$624,$B$2:$B$624,""),"") -> #NAME? | Q40: =IFERROR(M40/O40,"-") -> - | R40: =IF(ISNUMBER(P40),AE40,0) -> 0 | S40: =IFERROR((N40/Q40),"-") -> -
A41: 2066 | B41: 87.06 | C41: 330 | D41: 10 | J41: =T41 -> 0 | K41: 0 | L41: =IFERROR(M41/25,"") -> 0 | M41: =IF(ISNUMBER(P41),Z41,0) -> 0 | N41: 0 | O41: =IF(ISNUMBER(P41),X41,0) -> 0 | P41: =_xludf.IFNA(Z41/_xlfn.XLOOKUP(T41,$A$2:$A$624,$B$2:$B$624,""),"") -> #NAME? | Q41: =IFERROR(M41/O41,"-") -> - | R41: =IF(ISNUMBER(P41),AE41,0) -> 0 | S41: =IFERROR((N41/Q41),"-") -> -
A42: 2067 | B42: 16.82 | C42: 331 | D42: 15 | J42: =T42 -> 0 | K42: 0 | L42: =IFERROR(M42/25,"") -> 0 | M42: =IF(ISNUMBER(P42),Z42,0) -> 0 | N42: 0 | O42: =IF(ISNUMBER(P42),X42,0) -> 0 | P42: =_xludf.IFNA(Z42/_xlfn.XLOOKUP(T42,$A$2:$A$624,$B$2:$B$624,""),"") -> #NAME? | Q42: =IFERROR(M42/O42,"-") -> - | R42: =IF(ISNUMBER(P42),AE42,0) -> 0 | S42: =IFERROR((N42/Q42),"-") -> -
A43: 2068 | B43: 121.26 | C43: 332 | D43: 15 | J43: =T43 -> 0 | K43: 0 | L43: =IFERROR(M43/25,"") -> 0 | M43: =IF(ISNUMBER(P43),Z43,0) -> 0 | N43: 0 | O43: =IF(ISNUMBER(P43),X43,0) -> 0 | P43: =_xludf.IFNA(Z43/_xlfn.XLOOKUP(T43,$A$2:$A$624,$B$2:$B$624,""),"") -> #NAME? | Q43: =IFERROR(M43/O43,"-") -> - | R43: =IF(ISNUMBER(P43),AE43,0) -> 0 | S43: =IFERROR((N43/Q43),"-") -> -
A44: 2500 | B44: 31.19 | C44: 334 | D44: 12 | J44: =T44 -> 0 | K44: 0 | L44: =IFERROR(M44/25,"") -> 0 | M44: =IF(ISNUMBER(P44),Z44,0) -> 0 | N44: 0 | O44: =IF(ISNUMBER(P44),X44,0) -> 0 | P44: =_xludf.IFNA(Z44/_xlfn.XLOOKUP(T44,$A$2:$A$624,$B$2:$B$624,""),"") -> #NAME? | Q44: =IFERROR(M44/O44,"-") -> - | R44: =IF(ISNUMBER(P44),AE44,0) -> 0 | S44: =IFERROR((N44/Q44),"-") -> -
A45: 2502 | B45: 50.84 | C45: 344 | D45: 15 | J45: =T45 -> 0 | K45: 0 | L45: =IFERROR(M45/25,"") -> 0 | M45: =IF(ISNUMBER(P45),Z45,0) -> 0 | N45: 0 | O45: =IF(ISNUMBER(P45),X45,0) -> 0 | P45: =_xludf.IFNA(Z45/_xlfn.XLOOKUP(T45,$A$2:$A$624,$B$2:$B$624,""),"") -> #NAME? | Q45: =IFERROR(M45/O45,"-") -> - | R45: =IF(ISNUMBER(P45),AE45,0) -> 0 | S45: =IFERROR((N45/Q45),"-") -> -
A46: 2504 | B46: 51.39 | C46: 347 | D46: 15 | J46: =T46 -> 0 | K46: 0 | L46: =IFERROR(M46/25,"") -> 0 | M46: =IF(ISNUMBER(P46),Z46,0) -> 0 | N46: 0 | O46: =IF(ISNUMBER(P46),X46,0) -> 0 | P46: =_xludf.IFNA(Z46/_xlfn.XLOOKUP(T46,$A$2:$A$624,$B$2:$B$624,""),"") -> #NAME? | Q46: =IFERROR(M46/O46,"-") -> - | R46: =IF(ISNUMBER(P46),AE46,0) -> 0 | S46: =IFERROR((N46/Q46),"-") -> -
... A50: 2510 | B50: 30.7 | C50: 352 | D50: 9 | J50: =T50 -> 0 | K50: 0 | L50: =IFERROR(M50/25,"") -> 0 | M50: =IF(ISNUMBER(P50),Z50,0) -> 0 | N50: 0 | O50: =IF(ISNUMBER(P50),X50,0) -> 0 | P50: =_xludf.IFNA(Z50/_xlfn.XLOOKUP(T50,$A$2:$A$624,$B$2:$B$624,""),"") -> #NAME? | Q50: =IFERROR(M50/O50,"-") -> - | R50: =IF(ISNUMBER(P50),AE50,0) -> 0 | S50: =IFERROR((N50/Q50),"-") -> -
A51: 2512 | B51: 30.7 | J51: =T51 -> 0 | K51: 0 | L51: =IFERROR(M51/25,"") -> 0 | M51: =IF(ISNUMBER(P51),Z51,0) -> 0 | N51: 0 | O51: =IF(ISNUMBER(P51),X51,0) -> 0 | P51: =_xludf.IFNA(Z51/_xlfn.XLOOKUP(T51,$A$2:$A$624,$B$2:$B$624,""),"") -> #NAME? | Q51: =IFERROR(M51/O51,"-") -> - | R51: =IF(ISNUMBER(P51),AE51,0) -> 0 | S51: =IFERROR((N51/Q51),"-") -> -
A52: 7017 | B52: 96.02 | C52: 355 | D52: 15 | J52: =T52 -> 0 | K52: 0 | L52: =IFERROR(M52/25,"") -> 0 | M52: =IF(ISNUMBER(P52),Z52,0) -> 0 | N52: 0 | O52: =IF(ISNUMBER(P52),X52,0) -> 0 | P52: =_xludf.IFNA(Z52/_xlfn.XLOOKUP(T52,$A$2:$A$624,$B$2:$B$624,""),"") -> #NAME? | Q52: =IFERROR(M52/O52,"-") -> - | R52: =IF(ISNUMBER(P52),AE52,0) -> 0 | S52: =IFERROR((N52/Q52),"-") -> -
A53: 7018 | B53: 26.78 | C53: 359 | D53: 12 | J53: =T53 -> 0 | K53: 0 | L53: =IFERROR(M53/25,"") -> 0 | M53: =IF(ISNUMBER(P53),Z53,0) -> 0 | N53: 0 | O53: =IF(ISNUMBER(P53),X53,0) -> 0 | P53: =_xludf.IFNA(Z53/_xlfn.XLOOKUP(T53,$A$2:$A$624,$B$2:$B$624,""),"") -> #NAME? | Q53: =IFERROR(M53/O53,"-") -> - | R53: =IF(ISNUMBER(P53),AE53,0) -> 0 | S53: =IFERROR((N53/Q53),"-") -> -
A54: 7091 | B54: 82.96 | C54: 361 | D54: 9.24 | J54: =T54 -> 0 | K54: 0 | L54: =IFERROR(M54/25,"") -> 0 | M54: =IF(ISNUMBER(P54),Z54,0) -> 0 | N54: 0 | O54: =IF(ISNUMBER(P54),X54,0) -> 0 | P54: =_xludf.IFNA(Z54/_xlfn.XLOOKUP(T54,$A$2:$A$624,$B$2:$B$624,""),"") -> #NAME? | Q54: =IFERROR(M54/O54,"-") -> - | R54: =IF(ISNUMBER(P54),AE54,0) -> 0 | S54: =IFERROR((N54/Q54),"-") -> -
A55: 7104 | B55: 45.72 | C55: 362 | D55: 9.24 | J55: =T55 -> 0 | K55: 0 | L55: =IFERROR(M55/25,"") -> 0 | M55: =IF(ISNUMBER(P55),Z55,0) -> 0 | N55: 0 | O55: =IF(ISNUMBER(P55),X55,0) -> 0 | P55: =_xludf.IFNA(Z55/_xlfn.XLOOKUP(T55,$A$2:$A$624,$B$2:$B$624,""),"") -> #NAME? | Q55: =IFERROR(M55/O55,"-") -> - | R55: =IF(ISNUMBER(P55),AE55,0) -> 0 | S55: =IFERROR((N55/Q55),"-") -> -
A56: 7105 | B56: 107.39 | C56: 363 | D56: 8.58 | J56: =T56 -> 0 | K56: 0 | L56: =IFERROR(M56/25,"") -> 0 | M56: =IF(ISNUMBER(P56),Z56,0) -> 0 | N56: 0 | O56: =IF(ISNUMBER(P56),X56,0) -> 0 | P56: =_xludf.IFNA(Z56/_xlfn.XLOOKUP(T56,$A$2:$A$624,$B$2:$B$624,""),"") -> #NAME? | Q56: =IFERROR(M56/O56,"-") -> - | R56: =IF(ISNUMBER(P56),AE56,0) -> 0 | S56: =IFERROR((N56/Q56),"-") -> -
A57: 7107 | B57: 70.01 | C57: 364 | D57: 10.56 | J57: =T57 -> 0 | K57: 0 | L57: =IFERROR(M57/25,"") -> 0 | M57: =IF(ISNUMBER(P57),Z57,0) -> 0 | N57: 0 | O57: =IF(ISNUMBER(P57),X57,0) -> 0 | P57: =_xludf.IFNA(Z57/_xlfn.XLOOKUP(T57,$A$2:$A$624,$B$2:$B$624,""),"") -> #NAME? | Q57: =IFERROR(M57/O57,"-") -> - | R57: =IF(ISNUMBER(P57),AE57,0) -> 0 | S57: =IFERROR((N57/Q57),"-") -> -
A58: 7108 | B58: 67.9 | C58: 365 | D58: 9.24 | J58: =T58 -> 0 | K58: 0 | L58: =IFERROR(M58/25,"") -> 0 | M58: =IF(ISNUMBER(P58),Z58,0) -> 0 | N58: 0 | O58: =IF(ISNUMBER(P58),X58,0) -> 0 | P58: =_xludf.IFNA(Z58/_xlfn.XLOOKUP(T58,$A$2:$A$624,$B$2:$B$624,""),"") -> #NAME? | Q58: =IFERROR(M58/O58,"-") -> - | R58: =IF(ISNUMBER(P58),AE58,0) -> 0 | S58: =IFERROR((N58/Q58),"-") -> -
A59: 7109 | B59: 96.02 | C59: 366 | D59: 10.5 | J59: =T59 -> 0 | K59: 0 | L59: =IFERROR(M59/25,"") -> 0 | M59: =IF(ISNUMBER(P59),Z59,0) -> 0 | N59: 0 | O59: =IF(ISNUMBER(P59),X59,0) -> 0 | P59: =_xludf.IFNA(Z59/_xlfn.XLOOKUP(T59,$A$2:$A$624,$B$2:$B$624,""),"") -> #NAME? | Q59: =IFERROR(M59/O59,"-") -> - | R59: =IF(ISNUMBER(P59),AE59,0) -> 0 | S59: =IFERROR((N59/Q59),"-") -> -
A60: 7115 | B60: 67.9 | C60: 367 | D60: 8.91 | J60: =T60 -> 0 | K60: 0 | L60: =IFERROR(M60/25,"") -> 0 | M60: =IF(ISNUMBER(P60),Z60,0) -> 0 | N60: 0 | O60: =IF(ISNUMBER(P60),X60,0) -> 0 | P60: =_xludf.IFNA(Z60/_xlfn.XLOOKUP(T60,$A$2:$A$624,$B$2:$B$624,""),"") -> #NAME? | Q60: =IFERROR(M60/O60,"-") -> - | R60: =IF(ISNUMBER(P60),AE60,0) -> 0 | S60: =IFERROR((N60/Q60),"-") -> -
A61: 7116 | B61: 45.72 | C61: 368 | D61: 9.9 | J61: =T61 -> 0 | K61: 0 | L61: =IFERROR(M61/25,"") -> 0 | M61: =IF(ISNUMBER(P61),Z61,0) -> 0 | N61: 0 | O61: =IF(ISNUMBER(P61),X61,0) -> 0 | P61: =_xludf.IFNA(Z61/_xlfn.XLOOKUP(T61,$A$2:$A$624,$B$2:$B$624,""),"") -> #NAME? | Q61: =IFERROR(M61/O61,"-") -> - | R61: =IF(ISNUMBER(P61),AE61,0) -> 0 | S61: =IFERROR((N61/Q61),"-") -> -
A62: 7117 | B62: 96.02 | C62: 369 | D62: 9.24 | J62: =T62 -> 0 | K62: 0 | L62: =IFERROR(M62/25,"") -> 0 | M62: =IF(ISNUMBER(P62),Z62,0) -> 0 | N62: 0 | O62: =IF(ISNUMBER(P62),X62,0) -> 0 | P62: =_xludf.IFNA(Z62/_xlfn.XLOOKUP(T62,$A$2:$A$624,$B$2:$B$624,""),"") -> #NAME? | Q62: =IFERROR(M62/O62,"-") -> - | R62: =IF(ISNUMBER(P62),AE62,0) -> 0 | S62: =IFERROR((N62/Q62),"-") -> -
A63: 7118 | B63: 70.01 | C63: 370 | D63: 9.24 | J63: =T63 -> 0 | K63: 0 | L63: =IFERROR(M63/25,"") -> 0 | M63: =IF(ISNUMBER(P63),Z63,0) -> 0 | N63: 0 | O63: =IF(ISNUMBER(P63),X63,0) -> 0 | P63: =_xludf.IFNA(Z63/_xlfn.XLOOKUP(T63,$A$2:$A$624,$B$2:$B$624,""),"") -> #NAME? | Q63: =IFERROR(M63/O63,"-") -> - | R63: =IF(ISNUMBER(P63),AE63,0) -> 0 | S63: =IFERROR((N63/Q63),"-") -> -
... A130: 7860 | B130: 25.37 | C130: 956 | D130: 13.4 | J130: =T130 -> 0 | K130: 0 | L130: =IFERROR(M130/25,"") -> 0 | M130: =IF(ISNUMBER(P130),Z130,0) -> 0 | N130: 0 | O130: =IF(ISNUMBER(P130),X130,0) -> 0 | P130: =_xludf.IFNA(Z130/_xlfn.XLOOKUP(T130,$A$2:$A$624,$B$2:$B$624,""),"") -> #NAME? | Q130: =IFERROR(M130/O130,"-") -> - | R130: =IF(ISNUMBER(P130),AE130,0) -> 0 | S130: =IFERROR((N130/Q130),"-") -> -
A131: 7863 | C131: 957 | D131: 13.8 | J131: =T131 -> 0 | K131: 0 | L131: =IFERROR(M131/25,"") -> 0 | M131: =IF(ISNUMBER(P131),Z131,0) -> 0 | N131: 0 | O131: =IF(ISNUMBER(P131),X131,0) -> 0 | P131: =_xludf.IFNA(Z131/_xlfn.XLOOKUP(T131,$A$2:$A$624,$B$2:$B$624,""),"") -> #NAME? | Q131: =IFERROR(M131/O131,"-") -> - | R131: =IF(ISNUMBER(P131),AE131,0) -> 0 | S131: =IFERROR((N131/Q131),"-") -> -
A132: 7865 | C132: 958 | D132: 6.4 | J132: =T132 -> 0 | K132: 0 | L132: =IFERROR(M132/25,"") -> 0 | M132: =IF(ISNUMBER(P132),Z132,0) -> 0 | N132: 0 | O132: =IF(ISNUMBER(P132),X132,0) -> 0 | P132: =_xludf.IFNA(Z132/_xlfn.XLOOKUP(T132,$A$2:$A$624,$B$2:$B$624,""),"") -> #NAME? | Q132: =IFERROR(M132/O132,"-") -> - | R132: =IF(ISNUMBER(P132),AE132,0) -> 0 | S132: =IFERROR((N132/Q132),"-") -> -
A133: 7866 | C133: 959 | D133: 8 | J133: =T133 -> 0 | K133: 0 | L133: =IFERROR(M133/25,"") -> 0 | M133: =IF(ISNUMBER(P133),Z133,0) -> 0 | N133: 0 | O133: =IF(ISNUMBER(P133),X133,0) -> 0 | P133: =_xludf.IFNA(Z133/_xlfn.XLOOKUP(T133,$A$2:$A$624,$B$2:$B$624,""),"") -> #NAME? | Q133: =IFERROR(M133/O133,"-") -> - | R133: =IF(ISNUMBER(P133),AE133,0) -> 0 | S133: =IFERROR((N133/Q133),"-") -> -
A134: 7867 | C134: 975 | D134: 6 | J134: =T134 -> 0 | K134: 0 | L134: =IFERROR(M134/25,"") -> 0 | M134: =IF(ISNUMBER(P134),Z134,0) -> 0 | N134: 0 | O134: =IF(ISNUMBER(P134),X134,0) -> 0 | P134: =_xludf.IFNA(Z134/_xlfn.XLOOKUP(T134,$A$2:$A$624,$B$2:$B$624,""),"") -> #NAME? | Q134: =IFERROR(M134/O134,"-") -> - | R134: =IF(ISNUMBER(P134),AE134,0) -> 0 | S134: =IFERROR((N134/Q134),"-") -> -
A135: 2077 | B135: 92.02 | C135: 976 | D135: 6 | J135: =T135 -> 0 | K135: 0 | L135: =IFERROR(M135/25,"") -> 0 | M135: =IF(ISNUMBER(P135),Z135,0) -> 0 | N135: 0 | O135: =IF(ISNUMBER(P135),X135,0) -> 0 | P135: =_xludf.IFNA(Z135/_xlfn.XLOOKUP(T135,$A$2:$A$624,$B$2:$B$624,""),"") -> #NAME? | Q135: =IFERROR(M135/O135,"-") -> - | R135: =IF(ISNUMBER(P135),AE135,0) -> 0 | S135: =IFERROR((N135/Q135),"-") -> -
A136: 2084 | B136: 91.74 | C136: 977 | D136: 6.4 | J136: =T136 -> 0 | K136: 0 | L136: =IFERROR(M136/25,"") -> 0 | M136: =IF(ISNUMBER(P136),Z136,0) -> 0 | N136: 0 | O136: =IF(ISNUMBER(P136),X136,0) -> 0 | P136: =_xludf.IFNA(Z136/_xlfn.XLOOKUP(T136,$A$2:$A$624,$B$2:$B$624,""),"") -> #NAME? | Q136: =IFERROR(M136/O136,"-") -> - | R136: =IF(ISNUMBER(P136),AE136,0) -> 0 | S136: =IFERROR((N136/Q136),"-") -> -
A137: 2085 | B137: 25 | C137: 2500 | D137: 8.2 | J137: =T137 -> 0 | K137: 0 | L137: =IFERROR(M137/25,"") -> 0 | M137: =IF(ISNUMBER(P137),Z137,0) -> 0 | N137: 0 | O137: =IF(ISNUMBER(P137),X137,0) -> 0 | P137: =_xludf.IFNA(Z137/_xlfn.XLOOKUP(T137,$A$2:$A$624,$B$2:$B$624,""),"") -> #NAME? | Q137: =IFERROR(M137/O137,"-") -> - | R137: =IF(ISNUMBER(P137),AE137,0) -> 0 | S137: =IFERROR((N137/Q137),"-") -> -
A138: 2069 | B138: 116.71 | C138: 2501 | D138: 8.2 | J138: =T138 -> 0 | K138: 0 | L138: =IFERROR(M138/25,"") -> 0 | M138: =IF(ISNUMBER(P138),Z138,0) -> 0 | N138: 0 | O138: =IF(ISNUMBER(P138),X138,0) -> 0 | P138: =_xludf.IFNA(Z138/_xlfn.XLOOKUP(T138,$A$2:$A$624,$B$2:$B$624,""),"") -> #NAME? | Q138: =IFERROR(M138/O138,"-") -> - | R138: =IF(ISNUMBER(P138),AE138,0) -> 0 | S138: =IFERROR((N138/Q138),"-") -> -
A139: 2070 | B139: 116.71 | C139: 2502 | D139: 8.92 | J139: =T139 -> 0 | K139: 0 | L139: =IFERROR(M139/25,"") -> 0 | M139: =IF(ISNUMBER(P139),Z139,0) -> 0 | N139: 0 | O139: =IF(ISNUMBER(P139),X139,0) -> 0 | P139: =_xludf.IFNA(Z139/_xlfn.XLOOKUP(T139,$A$2:$A$624,$B$2:$B$624,""),"") -> #NAME? | Q139: =IFERROR(M139/O139,"-") -> - | R139: =IF(ISNUMBER(P139),AE139,0) -> 0 | S139: =IFERROR((N139/Q139),"-") -> -
A140: 2071 | B140: 105.01 | C140: 2503 | D140: 8.92 | J140: =T140 -> 0 | K140: 0 | L140: =IFERROR(M140/25,"") -> 0 | M140: =IF(ISNUMBER(P140),Z140,0) -> 0 | N140: 0 | O140: =IF(ISNUMBER(P140),X140,0) -> 0 | P140: =_xludf.IFNA(Z140/_xlfn.XLOOKUP(T140,$A$2:$A$624,$B$2:$B$624,""),"") -> #NAME? | Q140: =IFERROR(M140/O140,"-") -> - | R140: =IF(ISNUMBER(P140),AE140,0) -> 0 | S140: =IFERROR((N140/Q140),"-") -> -
A141: 2072 | B141: 63.93 | C141: 2504 | D141: 7.89 | J141: =T141 -> 0 | K141: 0 | L141: =IFERROR(M141/25,"") -> 0 | M141: =IF(ISNUMBER(P141),Z141,0) -> 0 | N141: 0 | O141: =IF(ISNUMBER(P141),X141,0) -> 0 | P141: =_xludf.IFNA(Z141/_xlfn.XLOOKUP(T141,$A$2:$A$624,$B$2:$B$624,""),"") -> #NAME? | Q141: =IFERROR(M141/O141,"-") -> - | R141: =IF(ISNUMBER(P141),AE141,0) -> 0 | S141: =IFERROR((N141/Q141),"-") -> -
A142: 2073 | B142: 26.79 | C142: 2505 | D142: 7.89 | J142: =T142 -> 0 | K142: 0 | L142: =IFERROR(M142/25,"") -> 0 | M142: =IF(ISNUMBER(P142),Z142,0) -> 0 | N142: 0 | O142: =IF(ISNUMBER(P142),X142,0) -> 0 | P142: =_xludf.IFNA(Z142/_xlfn.XLOOKUP(T142,$A$2:$A$624,$B$2:$B$624,""),"") -> #NAME? | Q142: =IFERROR(M142/O142,"-") -> - | R142: =IF(ISNUMBER(P142),AE142,0) -> 0 | S142: =IFERROR((N142/Q142),"-") -> -
A143: 2074 | B143: 33.61 | C143: 2506 | D143: 8.88 | J143: =T143 -> 0 | K143: 0 | L143: =IFERROR(M143/25,"") -> 0 | M143: =IF(ISNUMBER(P143),Z143,0) -> 0 | N143: 0 | O143: =IF(ISNUMBER(P143),X143,0) -> 0 | P143: =_xludf.IFNA(Z143/_xlfn.XLOOKUP(T143,$A$2:$A$624,$B$2:$B$624,""),"") -> #NAME? | Q143: =IFERROR(M143/O143,"-") -> - | R143: =IF(ISNUMBER(P143),AE143,0) -> 0 | S143: =IFERROR((N143/Q143),"-") -> -
A144: 2075 | B144: 113.84 | C144: 2508 | D144: 8.6 | J144: =T144 -> 0 | K144: 0 | L144: =IFERROR(M144/25,"") -> 0 | M144: =IF(ISNUMBER(P144),Z144,0) -> 0 | N144: 0 | O144: =IF(ISNUMBER(P144),X144,0) -> 0 | P144: =_xludf.IFNA(Z144/_xlfn.XLOOKUP(T144,$A$2:$A$624,$B$2:$B$624,""),"") -> #NAME? | Q144: =IFERROR(M144/O144,"-") -> - | R144: =IF(ISNUMBER(P144),AE144,0) -> 0 | S144: =IFERROR((N144/Q144),"-") -> -
A145: 2076 | B145: 25.87 | C145: 1012 | D145: 8 | J145: =T145 -> 0 | K145: 0 | L145: =IFERROR(M145/25,"") -> 0 | M145: =IF(ISNUMBER(P145),Z145,0) -> 0 | N145: 0 | O145: =IF(ISNUMBER(P145),X145,0) -> 0 | P145: =_xludf.IFNA(Z145/_xlfn.XLOOKUP(T145,$A$2:$A$624,$B$2:$B$624,""),"") -> #NAME? | Q145: =IFERROR(M145/O145,"-") -> - | R145: =IF(ISNUMBER(P145),AE145,0) -> 0 | S145: =IFERROR((N145/Q145),"-") -> -
A146: 2078 | B146: 160.45 | C146: 1013 | D146: 7.2 | J146: =T146 -> 0 | K146: 0 | L146: =IFERROR(M146/25,"") -> 0 | M146: =IF(ISNUMBER(P146),Z146,0) -> 0 | N146: 0 | O146: =IF(ISNUMBER(P146),X146,0) -> 0 | P146: =_xludf.IFNA(Z146/_xlfn.XLOOKUP(T146,$A$2:$A$624,$B$2:$B$624,""),"") -> #NAME? | Q146: =IFERROR(M146/O146,"-") -> - | R146: =IF(ISNUMBER(P146),AE146,0) -> 0 | S146: =IFERROR((N146/Q146),"-") -> -
... A150: 200723 | B150: 40 | C150: 1019 | D150: 15 | J150: =T150 -> 0 | K150: 0 | L150: =IFERROR(M150/25,"") -> 0 | M150: =IF(ISNUMBER(P150),Z150,0) -> 0 | N150: 0 | O150: =IF(ISNUMBER(P150),X150,0) -> 0 | P150: =_xludf.IFNA(Z150/_xlfn.XLOOKUP(T150,$A$2:$A$624,$B$2:$B$624,""),"") -> #NAME? | Q150: =IFERROR(M150/O150,"-") -> - | R150: =IF(ISNUMBER(P150),AE150,0) -> 0 | S150: =IFERROR((N150/Q150),"-") -> -
A151: 2124 | B151: 72.73 | C151: 1020 | D151: 14 | H151: 1st shift | I151: =H3 -> 0 | J151: =T151 -> 0 | K151: 0 | L151: =IFERROR(M151/25,"") -> 0 | M151: =IF(ISNUMBER(P151),Z151,0) -> 0 | N151: 0 | O151: =IF(ISNUMBER(P151),X151,0) -> 0 | P151: =_xludf.IFNA(Z151/_xlfn.XLOOKUP(T151,$A$2:$A$624,$B$2:$B$624,""),"") -> #NAME? | Q151: =IFERROR(M151/O151,"-") -> - | R151: =IF(ISNUMBER(P151),AE151,0) -> 0 | S151: =IFERROR((N151/Q151),"-") -> -
C152: 1021 | D152: 7 | J152: =T152 -> 0 | K152: 0 | L152: =IFERROR(M152/25,"") -> 0 | M152: =IF(ISNUMBER(P152),Z152,0) -> 0 | N152: 0 | O152: =IF(ISNUMBER(P152),X152,0) -> 0 | P152: =_xludf.IFNA(Z152/_xlfn.XLOOKUP(T152,$A$2:$A$624,$B$2:$B$624,""),"") -> #NAME? | Q152: =IFERROR(M152/O152,"-") -> - | R152: =IF(ISNUMBER(P152),AE152,0) -> 0 | S152: =IFERROR((N152/Q152),"-") -> -
C153: 1023 | D153: 13 | J153: =T153 -> 0 | K153: 0 | L153: =IFERROR(M153/25,"") -> 0 | M153: =IF(ISNUMBER(P153),Z153,0) -> 0 | N153: 0 | O153: =IF(ISNUMBER(P153),X153,0) -> 0 | P153: =_xludf.IFNA(Z153/_xlfn.XLOOKUP(T153,$A$2:$A$624,$B$2:$B$624,""),"") -> #NAME? | Q153: =IFERROR(M153/O153,"-") -> - | R153: =IF(ISNUMBER(P153),AE153,0) -> 0 | S153: =IFERROR((N153/Q153),"-") -> -
C154: 1024 | D154: 9.5 | J154: =T154 -> 0 | K154: 0 | L154: =IFERROR(M154/25,"") -> 0 | M154: =IF(ISNUMBER(P154),Z154,0) -> 0 | N154: 0 | O154: =IF(ISNUMBER(P154),X154,0) -> 0 | P154: =_xludf.IFNA(Z154/_xlfn.XLOOKUP(T154,$A$2:$A$624,$B$2:$B$624,""),"") -> #NAME? | Q154: =IFERROR(M154/O154,"-") -> - | R154: =IF(ISNUMBER(P154),AE154,0) -> 0 | S154: =IFERROR((N154/Q154),"-") -> -
C155: 1025 | D155: 15.4 | J155: =T155 -> 0 | K155: 0 | L155: =IFERROR(M155/25,"") -> 0 | M155: =IF(ISNUMBER(P155),Z155,0) -> 0 | N155: 0 | O155: =IF(ISNUMBER(P155),X155,0) -> 0 | P155: =_xludf.IFNA(Z155/_xlfn.XLOOKUP(T155,$A$2:$A$624,$B$2:$B$624,""),"") -> #NAME? | Q155: =IFERROR(M155/O155,"-") -> - | R155: =IF(ISNUMBER(P155),AE155,0) -> 0 | S155: =IFERROR((N155/Q155),"-") -> -
C156: 1027 | D156: 5.12 | J156: =T156 -> 0 | K156: 0 | L156: =IFERROR(M156/25,"") -> 0 | M156: =IF(ISNUMBER(P156),Z156,0) -> 0 | N156: 0 | O156: =IF(ISNUMBER(P156),X156,0) -> 0 | P156: =_xludf.IFNA(Z156/_xlfn.XLOOKUP(T156,$A$2:$A$624,$B$2:$B$624,""),"") -> #NAME? | Q156: =IFERROR(M156/O156,"-") -> - | R156: =IF(ISNUMBER(P156),AE156,0) -> 0 | S156: =IFERROR((N156/Q156),"-") -> -
C157: 1028 | D157: 5.12 | J157: =T157 -> 0 | K157: 0 | L157: =IFERROR(M157/25,"") -> 0 | M157: =IF(ISNUMBER(P157),Z157,0) -> 0 | N157: 0 | O157: =IF(ISNUMBER(P157),X157,0) -> 0 | P157: =_xludf.IFNA(Z157/_xlfn.XLOOKUP(T157,$A$2:$A$624,$B$2:$B$624,""),"") -> #NAME? | Q157: =IFERROR(M157/O157,"-") -> - | R157: =IF(ISNUMBER(P157),AE157,0) -> 0 | S157: =IFERROR((N157/Q157),"-") -> -
C158: 1029 | D158: 4.6 | J158: =T158 -> 0 | K158: 0 | L158: =IFERROR(M158/25,"") -> 0 | M158: =IF(ISNUMBER(P158),Z158,0) -> 0 | N158: 0 | O158: =IF(ISNUMBER(P158),X158,0) -> 0 | P158: =_xludf.IFNA(Z158/_xlfn.XLOOKUP(T158,$A$2:$A$624,$B$2:$B$624,""),"") -> #NAME? | Q158: =IFERROR(M158/O158,"-") -> - | R158: =IF(ISNUMBER(P158),AE158,0) -> 0 | S158: =IFERROR((N158/Q158),"-") -> -
C159: 1030 | D159: 4.6 | J159: =T159 -> 0 | K159: 0 | L159: =IFERROR(M159/25,"") -> 0 | M159: =IF(ISNUMBER(P159),Z159,0) -> 0 | N159: 0 | O159: =IF(ISNUMBER(P159),X159,0) -> 0 | P159: =_xludf.IFNA(Z159/_xlfn.XLOOKUP(T159,$A$2:$A$624,$B$2:$B$624,""),"") -> #NAME? | Q159: =IFERROR(M159/O159,"-") -> - | R159: =IF(ISNUMBER(P159),AE159,0) -> 0 | S159: =IFERROR((N159/Q159),"-") -> -
C160: 7300 | D160: 6.24 | J160: =T160 -> 0 | K160: 0 | L160: =IFERROR(M160/25,"") -> 0 | M160: =IF(ISNUMBER(P160),Z160,0) -> 0 | N160: 0 | O160: =IF(ISNUMBER(P160),X160,0) -> 0 | P160: =_xludf.IFNA(Z160/_xlfn.XLOOKUP(T160,$A$2:$A$624,$B$2:$B$624,""),"") -> #NAME? | Q160: =IFERROR(M160/O160,"-") -> - | R160: =IF(ISNUMBER(P160),AE160,0) -> 0 | S160: =IFERROR((N160/Q160),"-") -> -
C161: 7304 | D161: 6.24 | J161: =T161 -> 0 | K161: 0 | L161: =IFERROR(M161/25,"") -> 0 | M161: =IF(ISNUMBER(P161),Z161,0) -> 0 | N161: 0 | O161: =IF(ISNUMBER(P161),X161,0) -> 0 | P161: =_xludf.IFNA(Z161/_xlfn.XLOOKUP(T161,$A$2:$A$624,$B$2:$B$624,""),"") -> #NAME? | Q161: =IFERROR(M161/O161,"-") -> - | R161: =IF(ISNUMBER(P161),AE161,0) -> 0 | S161: =IFERROR((N161/Q161),"-") -> -
C162: 7305 | D162: 6 | J162: =T162 -> 0 | K162: 0 | L162: =IFERROR(M162/25,"") -> 0 | M162: =IF(ISNUMBER(P162),Z162,0) -> 0 | N162: 0 | O162: =IF(ISNUMBER(P162),X162,0) -> 0 | P162: =_xludf.IFNA(Z162/_xlfn.XLOOKUP(T162,$A$2:$A$624,$B$2:$B$624,""),"") -> #NAME? | Q162: =IFERROR(M162/O162,"-") -> - | R162: =IF(ISNUMBER(P162),AE162,0) -> 0 | S162: =IFERROR((N162/Q162),"-") -> -
C163: 7311 | D163: 5.58 | J163: =T163 -> 0 | K163: 0 | L163: =IFERROR(M163/25,"") -> 0 | M163: =IF(ISNUMBER(P163),Z163,0) -> 0 | N163: 0 | O163: =IF(ISNUMBER(P163),X163,0) -> 0 | P163: =_xludf.IFNA(Z163/_xlfn.XLOOKUP(T163,$A$2:$A$624,$B$2:$B$624,""),"") -> #NAME? | Q163: =IFERROR(M163/O163,"-") -> - | R163: =IF(ISNUMBER(P163),AE163,0) -> 0 | S163: =IFERROR((N163/Q163),"-") -> -
... C264: 1874 | D264: 5.2 | J264: =T264 -> 0 | K264: 0 | L264: =IFERROR(M264/25,"") -> 0 | M264: =IF(ISNUMBER(P264),Z264,0) -> 0 | N264: 0 | O264: =IF(ISNUMBER(P264),X264,0) -> 0 | P264: =_xludf.IFNA(Z264/_xlfn.XLOOKUP(T264,$A$2:$A$624,$B$2:$B$624,""),"") -> #NAME? | Q264: =IFERROR(M264/O264,"-") -> - | R264: =IF(ISNUMBER(P264),AE264,0) -> 0 | S264: =IFERROR((N264/Q264),"-") -> -
